entidad_federativa,municipio,anio,subsector,categoria_generador,categoria_residuo,tipo_residuo,generacion_estimada
Aguascalientes,Sin Dato,2017,Petrolero,Microgenerador,"Gasolina, diesel y naftas gastados o sucios provenientes de estaciónes de servicio y talleres automotrices",Pequeño Generador,1.22
Aguascalientes,Sin Dato,2017,Petrolero,Microgenerador,"Gasolina, diesel y naftas gastados o sucios provenientes de estaciónes de servicio y talleres automotrices","Mezclas de combustibles sucios, mezclas de hidrocarburos, naftas",0.04
Aguascalientes,Sin Dato,2017,Petrolero,Microgenerador,Liquidos de proceso,"Agua contaminada con hidrocarburos, combustibles, aceite o grasa",0.09
Aguascalientes,Sin Dato,2017,Petrolero,Microgenerador,Lodos aceitosos,"Con contaminacion de hidrocarburos, combustibles, aceite",1.08
Aguascalientes,Sin Dato,2017,Petrolero,Microgenerador,Residuos solidos,"Estopa, trapo, plasticos, carton, madera, brochas, papel, cepillo, etc., impregnados con pinturas, grasas, aceites, hidrocarburos",3.12
Aguascalientes,Sin Dato,2017,Petrolero,Pequeno Generador,Aceites gastados,Lubricantes,0.58
Aguascalientes,Sin Dato,2017,Petrolero,Pequeno Generador,"Gasolina, diesel y naftas gastados o sucios provenientes de estaciónes de servicio y talleres automotrices","Mezclas de combustibles sucios, mezclas de hidrocarburos, naftas",0.16
Aguascalientes,Sin Dato,2017,Petrolero,Pequeno Generador,Liquidos de proceso,"Agua contaminada con hidrocarburos, combustibles, aceite o grasa",2.55
Aguascalientes,Sin Dato,2017,Petrolero,Pequeno Generador,Lodos,Lodos provenientes de tanques de almacenaniento,8.52
Aguascalientes,Sin Dato,2017,Petrolero,Pequeno Generador,Lodos aceitosos,"Con contaminacion de hidrocarburos, combustibles, aceite",1.46
Aguascalientes,Sin Dato,2017,Petrolero,Pequeno Generador,Residuos solidos,"Estopa, trapo, plasticos, carton, madera, brochas, papel, cepillo, etc., impregnados con pinturas, grasas, aceites, hidrocarburos",2.42
Aguascalientes,Sin Dato,2017,Petrolero,Pequeno Generador,Residuos solidos,Lampara fluorescentes,0.05
Aguascalientes,Sin Dato,2017,Petrolero,Pequeno Generador,Solventes,Solventes organicos usados,0.03
Aguascalientes,Sin Dato,2018,Petrolifero,Microgenerador,Aceites gastados (Hidraulicos),Aceite gastado hidraulico,0.2
Aguascalientes,Sin Dato,2018,Petrolifero,Microgenerador,Aceites gastados (Lubricantes),Aceites gastados lubricantes,0.31
Aguascalientes,Sin Dato,2018,Petrolifero,Microgenerador,Filtro de aire o aceite contaminados,Filtro de aire o aceite contaminados,0.1
Aguascalientes,Sin Dato,2018,Petrolifero,Microgenerador,Diesel y gasolina sucias,"Gasolina, Diesel y Naftas gastados o sucios provenientes de Estaciones de Servicio y Talleres Automotrices",1.69
Aguascalientes,Sin Dato,2018,Petrolifero,Microgenerador,Lamparas fluorescentes y de vapor de mercurio,Lamparas fluorescentes y de vapor de mercurio,0
Aguascalientes,Sin Dato,2018,Petrolifero,Microgenerador,Liquidos residuales de proceso no corrosivos,Residuos de trampas liquido,0.11
Aguascalientes,Sin Dato,2018,Petrolifero,Microgenerador,Lodos Contaminados con Hidrocarburos (combustible y aceites),Lodos desechos de trampa,3.2
Aguascalientes,Sin Dato,2018,Petrolifero,Microgenerador,Lodos de tanques de almacenamiento de hidrocarburos,Lodos de tanques de hidrocarburos,0.71
Aguascalientes,Sin Dato,2018,Petrolifero,Microgenerador,Solidos contaminados con hidrocarburos diversos,"Filtros, mangueras, envases, botes, cubetas, contenedores, trapos, guantes, carton, aserrin, material absorbente,Estopas y trapos impregnados con combustible, Envases vacios impregnados de aceite",4.15
Aguascalientes,Sin Dato,2018,Petrolifero,Pequeno generador,Aceites gastados (Lubricantes),Aceites gastados lubricantes,1.35
Aguascalientes,Sin Dato,2018,Petrolifero,Pequeno generador,Baterias alcalinas,Pilas alcalinas,0.01
Aguascalientes,Sin Dato,2018,Petrolifero,Pequeno generador,Filtro de aire o aceite contaminados,Filtro de aire o aceite contaminados,0.58
Aguascalientes,Sin Dato,2018,Petrolifero,Pequeno generador,Lamparas fluorescentes y de vapor de mercurio,Lamparas fluorescentes y de vapor de mercurio,0.06
Aguascalientes,Sin Dato,2018,Petrolifero,Pequeno generador,Liquidos residuales de proceso no corrosivos,Agua contaminada con hidrocarburos,24.4
Aguascalientes,Sin Dato,2018,Petrolifero,Pequeno generador,Lodos Contaminados con Hidrocarburos (combustible y aceites),Lodos aceitosos de trampa,39.67
Aguascalientes,Sin Dato,2018,Petrolifero,Pequeno generador,Lodos de tanques de almacenamiento de hidrocarburos,Lodos de tanques de hidrocarburos,0.11
Aguascalientes,Sin Dato,2018,Petrolifero,Pequeno generador,Pilas o Baterias con Litio o Cadmio,Pilas Niquel-Cadmio,0.06
Aguascalientes,Sin Dato,2018,Petrolifero,Pequeno generador,Solidos contaminados con hidrocarburos diversos,"Filtros, mangueras, envases, botes, cubetas, contenedores, trapos, guantes, carton, aserrin, material absorbente,Estopas y trapos impregnados con combustible, Envases vacios impregnados de aceite",4.03
Aguascalientes,Sin Dato,2018,Petrolifero,Pequeno generador,Solidos contaminados con pinturas o solventes diversos,"Envases, botes, cubetas, contenedores, trapos, guantes, carton, EPP, carton, envases, franelas, filtros impregnados",0.19
Aguascalientes,Sin Dato,2019,Petrolifero,Microgenerador,Aceites gastados,hidraulicos,0
Aguascalientes,Sin Dato,2019,Petrolifero,Microgenerador,Aceites gastados,Lubricantes,0
Aguascalientes,Sin Dato,2019,Petrolifero,Microgenerador,"Gasolina, diesel y naftas gastados o sucios provenientes de estaciónes de servicio y talleres automotrices","Gasolina, diesel y naftas gastados o sucios provenientes de estaciones de servicio y talleres automotrices",0.1564
Aguascalientes,Sin Dato,2019,Petrolifero,Microgenerador,Liquidos de proceso,No corrosivos,0.0476
Aguascalientes,Sin Dato,2019,Petrolifero,Microgenerador,Lodos,Lodos aceitosos,0.085
Aguascalientes,Sin Dato,2019,Petrolifero,Microgenerador,Lodos,Lodos procedentes de trampas de grasas e hidrocarburos,0
Aguascalientes,Sin Dato,2019,Petrolifero,Microgenerador,Residuos solidos,"Estopa, trapo, plásticos, cartón, madera, brochas, papel, cepillo, etc., impregnados con pinturas, grasas, aceites, hidrocarburos",0.181
Aguascalientes,Sin Dato,2019,Petrolifero,Microgenerador,Residuos solidos,Filtro de aire o de aceite contaminados,0
Aguascalientes,Sin Dato,2019,Petrolifero,Microgenerador,Residuos solidos,Lámpara fluorescentes,0
Aguascalientes,Sin Dato,2019,Petrolifero,Pequeno Generador,Aceites gastados,Lubricantes,0
Aguascalientes,Sin Dato,2019,Petrolifero,Pequeno Generador,"Baterias, celdas y pilas",Pilas alcalinas,0
Aguascalientes,Sin Dato,2019,Petrolifero,Pequeno Generador,"Baterias, celdas y pilas",Pilas o baterias de Niquel - Cadmio,0
Aguascalientes,Sin Dato,2019,Petrolifero,Pequeno Generador,Liquidos de proceso,Liquidos con residuos de hidrocarburos,0
Aguascalientes,Sin Dato,2019,Petrolifero,Pequeno Generador,Lodos,Lodos aceitosos,0
Aguascalientes,Sin Dato,2019,Petrolifero,Pequeno Generador,Lodos,Lodos procedentes de trampas de grasas e hidrocarburos,0
Aguascalientes,Sin Dato,2019,Petrolifero,Pequeno Generador,Residuos solidos,"Botes o recipientes que contuvieron contaminantes diversos, latas de pintura, aerosoles",0
Aguascalientes,Sin Dato,2019,Petrolifero,Pequeno Generador,Residuos solidos,"Estopa, trapo, plásticos, cartón, madera, brochas, papel, cepillo, etc., impregnados con pinturas, grasas, aceites, hidrocarburos",0
Aguascalientes,Sin Dato,2019,Petrolifero,Pequeno Generador,Residuos solidos,Filtro de aire o de aceite contaminados,0
Aguascalientes,Sin Dato,2019,Petrolifero,Pequeno Generador,Residuos solidos,Lámpara fluorescentes,0
Aguascalientes,Sin Dato,2020,Petrolifero,Microgenerador,Aceites lubricantes,Aceites gastados lubricantes,0.24
Aguascalientes,Sin Dato,2020,Petrolifero,Microgenerador,Líquidos de proceso,Aguas aceitosas,0.015
Aguascalientes,Sin Dato,2020,Petrolifero,Microgenerador,"Gasollina, diésel y naftas gastados","Gasollina, diésel y naftas gastados",0.22
Aguascalientes,Sin Dato,2020,Petrolifero,Microgenerador,Lámparas fluorescentes y de vapor de mercurio,Lámparas fluorescentes y de vapor de mercurio,0.0036
Aguascalientes,Sin Dato,2020,Petrolifero,Microgenerador,Residuos sólidos,"Estopa, trapo, plásticos, cartón, madera, brochas, papel, cepillo, etc., impregnados con pinturas, grasas, aceites, hidrocarburos",1.916
Aguascalientes,Sin Dato,2020,Petrolifero,Microgenerador,Lodos,Lodos aceitosos,1.017
Aguascalientes,Sin Dato,2020,Petrolifero,Pequeno Generador,Aceites lubricantes,Aceites gastados lubricantes,0.9968
Aguascalientes,Sin Dato,2020,Petrolifero,Pequeno Generador,Líquidos de proceso,Aguas aceitosas,28.55
Aguascalientes,Sin Dato,2020,Petrolifero,Pequeno Generador,"Gasollina, diésel y naftas gastados","Gasollina, diésel y naftas gastados",0.98
Aguascalientes,Sin Dato,2020,Petrolifero,Pequeno Generador,Lámparas fluorescentes y de vapor de mercurio,Lámparas fluorescentes y de vapor de mercurio,0.909
Aguascalientes,Sin Dato,2020,Petrolifero,Pequeno Generador,Residuos sólidos,"Estopa, trapo, plásticos, cartón, madera, brochas, papel, cepillo, etc., impregnados con pinturas, grasas, aceites, hidrocarburos",1.8195
Aguascalientes,Sin Dato,2020,Petrolifero,Pequeno Generador,"Baterias, pilas y balastras","Baterias, pilas y balastras",0.031
Aguascalientes,Sin Dato,2020,Petrolifero,Pequeno Generador,Lodos,Lodos aceitosos,1.603
Aguascalientes,Sin Dato,2021,Petrolifero,Microgenerador,Aceites gastados,Lubricantes,0.24
Aguascalientes,Sin Dato,2021,Petrolifero,Microgenerador,"Gasolina, diésel y naftas gastados o sucios provenientes de estaciones de servicio y talleres automotrices","Gasolina, diesel y naftas gastados o sucios",0.22
Aguascalientes,Sin Dato,2021,Petrolifero,Microgenerador,Otros,"Agua oleosa, agua contaminada",0.02
Aguascalientes,Sin Dato,2021,Petrolifero,Microgenerador,Residuos solidos,"Estopa, trapo, plásticos, cartón, madera, brochas, papel, cepillo, etc., impregnados con pinturas, grasas, aceites, hidrocarburos",1.92
Aguascalientes,Sin Dato,2021,Petrolifero,Microgenerador,Residuos solidos,"Lámparas fluorescentes, lámparas de vapor de mercurio",0
Aguascalientes,Sin Dato,2021,Petrolifero,Microgenerador,Lodos,Lodos aceitosos,1.02
Aguascalientes,Sin Dato,2021,Petrolifero,Pequeno Generador,Aceites gastados,Lubricantes,1
Aguascalientes,Sin Dato,2021,Petrolifero,Pequeno Generador,"baterias, celdas y pilas","Baterias, pilas y balastras",0.03
Aguascalientes,Sin Dato,2021,Petrolifero,Pequeno Generador,"Gasolina, diésel y naftas gastados o sucios provenientes de estaciones de servicio y talleres automotrices","Gasolina, diesel y naftas gastados o sucios",0.98
Aguascalientes,Sin Dato,2021,Petrolifero,Pequeno Generador,Otros,"Agua oleosa, agua contaminada",28.55
Aguascalientes,Sin Dato,2021,Petrolifero,Pequeno Generador,Residuos solidos,"Estopa, trapo, plásticos, cartón, madera, brochas, papel, cepillo, etc., impregnados con pinturas, grasas, aceites, hidrocarburos",1.82
Aguascalientes,Sin Dato,2021,Petrolifero,Pequeno Generador,Residuos solidos,"Lámparas fluorescentes, lámparas de vapor de mercurio",0.91
Aguascalientes,Sin Dato,2021,Petrolifero,Pequeno Generador,Lodos,Lodos aceitosos,1.6
Aguascalientes,Aguascalientes,2022,Petrolífero,Microgenerador,Aceites gastados,Lubricantes,0.26
Aguascalientes,Aguascalientes,2022,Petrolífero,Microgenerador,"Gasolina, diésel y naftas gastados o sucios provenientes de estaciones de servicio y talleres automotrices","Gasolina, diesel y naftas gastados o sucios",0
Aguascalientes,Aguascalientes,2022,Petrolífero,Microgenerador,Lodos,Lodos aceitosos,0.3
Aguascalientes,Aguascalientes,2022,Petrolífero,Microgenerador,Residuos sólidos,"Estopa, trapo, plásticos, cartón, madera, brochas, papel, cepillo, etc., impregnados con pinturas, grasas, aceites, hidrocarburos",0.07
Aguascalientes,Jesús María,2022,Petrolífero,Microgenerador,Aceites gastados,Lubricantes,0.02
Aguascalientes,Jesús María,2022,Petrolífero,Microgenerador,"Gasolina, diésel y naftas gastados o sucios provenientes de estaciones de servicio y talleres automotrices","Gasolina, diesel y naftas gastados o sucios",0.1
Aguascalientes,Jesús María,2022,Petrolífero,Microgenerador,Lodos,Lodos aceitosos,0.1
Aguascalientes,Jesús María,2022,Petrolífero,Microgenerador,Residuos sólidos,"Estopa, trapo, plásticos, cartón, madera, brochas, papel, cepillo, etc., impregnados con pinturas, grasas, aceites, hidrocarburos",0.18
Aguascalientes,El Llano,2022,Petrolífero,Microgenerador,"Gasolina, diésel y naftas gastados o sucios provenientes de estaciones de servicio y talleres automotrices","Gasolina, diesel y naftas gastados o sucios",0.03
Aguascalientes,El Llano,2022,Petrolífero,Microgenerador,Lodos,Lodos aceitosos,0.03
Aguascalientes,El Llano,2022,Petrolífero,Microgenerador,Residuos sólidos,"Estopa, trapo, plásticos, cartón, madera, brochas, papel, cepillo, etc., impregnados con pinturas, grasas, aceites, hidrocarburos",0.29
Aguascalientes,Aguascalientes,2023,Petrolífero,Microgenerador,Aceites gastados,Hidráulicos,0.08
Aguascalientes,Aguascalientes,2023,Petrolífero,Microgenerador,"Gasolina, diésel y naftas gastados o sucios provenientes de estaciones de servicio y talleres automotrices","Gasolina, diesel y naftas gastados o sucios",0.29
Aguascalientes,Aguascalientes,2023,Petrolífero,Microgenerador,Lodos,Lodos aceitosos,0.26
Aguascalientes,Aguascalientes,2023,Petrolífero,Microgenerador,Residuos sólidos,"Estopa, trapo, plásticos, cartón, madera, brochas, papel, cepillo, etc., impregnados con pinturas, grasas, aceites, hidrocarburos",0.16
Aguascalientes,Aguascalientes,2023,Petrolífero,Microgenerador,Residuos sólidos,"Lámparas fluorescentes, lámparas de vapor de mercurio",0.02
Aguascalientes,Aguascalientes,2023,Petrolífero,Pequeño Generador,Aceites gastados,Lubricantes,3.5
Aguascalientes,Aguascalientes,2023,Petrolífero,Pequeño Generador,Agua contaminada,"Agua contaminada con hidrocarburos, combustibles, aceite o grasa",0.3
Aguascalientes,Aguascalientes,2023,Petrolífero,Pequeño Generador,Residuos sólidos,"Estopa, trapo, plásticos, cartón, madera, brochas, papel, cepillo, etc., impregnados con pinturas, grasas, aceites, hidrocarburos",0.6
Aguascalientes,Cosío,2023,Petrolífero,Microgenerador,Lodos,Lodos aceitosos,0.21
Aguascalientes,Cosío,2023,Petrolífero,Microgenerador,Residuos sólidos,"Estopa, trapo, plásticos, cartón, madera, brochas, papel, cepillo, etc., impregnados con pinturas, grasas, aceites, hidrocarburos",0.1
Aguascalientes,Aguascalientes,2024,Petrolífero,Microgenerador,Aceites gastados,Hidráulicos,0.27
Aguascalientes,Aguascalientes,2024,Petrolífero,Microgenerador,Aceites gastados,Lubricantes,0.03
Aguascalientes,Aguascalientes,2024,Petrolífero,Microgenerador,Gasolina y otros combustibles,"Gasolina, diesel y naftas gastados o sucios",0.36
Aguascalientes,Aguascalientes,2024,Petrolífero,Microgenerador,Lodos,Lodos aceitosos,0.98
Aguascalientes,Aguascalientes,2024,Petrolífero,Microgenerador,Residuos sólidos,"Estopa, trapo, plásticos, cartón, madera, brochas, papel, cepillo, etc., impregnados con pinturas, grasas, aceites, hidrocarburos",0.54
Aguascalientes,Aguascalientes,2024,Petrolífero,Microgenerador,Residuos sólidos,"Lámparas fluorescentes, lámparas de vapor de mercurio",0.02
Aguascalientes,Calvillo,2024,Petrolífero,Microgenerador,Lodos,Lodos aceitosos,0.08
Aguascalientes,Calvillo,2024,Petrolífero,Microgenerador,Residuos sólidos,"Estopa, trapo, plásticos, cartón, madera, brochas, papel, cepillo, etc., impregnados con pinturas, grasas, aceites, hidrocarburos",0.04
Aguascalientes,Jesús María,2024,Petrolífero,Microgenerador,Aceites gastados,Hidráulicos,0.13
Aguascalientes,Jesús María,2024,Petrolífero,Microgenerador,Aceites gastados,Lubricantes,0.03
Aguascalientes,Jesús María,2024,Petrolífero,Microgenerador,Gasolina y otros combustibles,"Gasolina, diesel y naftas gastados o sucios",0.01
Aguascalientes,Jesús María,2024,Petrolífero,Microgenerador,Lodos,Lodos aceitosos,0.48
Aguascalientes,Jesús María,2024,Petrolífero,Microgenerador,Residuos sólidos,"Estopa, trapo, plásticos, cartón, madera, brochas, papel, cepillo, etc., impregnados con pinturas, grasas, aceites, hidrocarburos",0.26
Aguascalientes,Jesús María,2024,Petrolífero,Microgenerador,Residuos sólidos,"Lámparas fluorescentes, lámparas de vapor de mercurio",0.04
Aguascalientes,Rincón de Romos,2024,Petrolífero,Microgenerador,Aceites gastados,Lubricantes,0.03
Aguascalientes,Rincón de Romos,2024,Petrolífero,Microgenerador,Gasolina y otros combustibles,"Gasolina, diesel y naftas gastados o sucios",0.01
Aguascalientes,Rincón de Romos,2024,Petrolífero,Microgenerador,Lodos,Lodos aceitosos,0.28
Aguascalientes,Rincón de Romos,2024,Petrolífero,Microgenerador,Residuos sólidos,"Estopa, trapo, plásticos, cartón, madera, brochas, papel, cepillo, etc., impregnados con pinturas, grasas, aceites, hidrocarburos",0.06
Aguascalientes,San Francisco de Los Romo,2024,Petrolífero,Microgenerador,Agua contaminada,"Agua contaminada con hidrocarburos, combustibles, aceite o grasa",0.04
Aguascalientes,San Francisco de Los Romo,2024,Petrolífero,Microgenerador,Lodos,Lodos aceitosos,0.09
Aguascalientes,San Francisco de Los Romo,2024,Petrolífero,Microgenerador,Residuos sólidos,"Estopa, trapo, plásticos, cartón, madera, brochas, papel, cepillo, etc., impregnados con pinturas, grasas, aceites, hidrocarburos",0.08
Baja California,Sin Dato,2017,Petrolero,Microgenerador,"Gasolina, diesel y naftas gastados o sucios provenientes de estaciónes de servicio y talleres automotrices","Gasolina, diesel y naftas gastados o sucios provenientes de estaciones de servicio y talleres automotrices",0.01
Baja California,Sin Dato,2017,Petrolero,Microgenerador,Lodos aceitosos,Otros lodos,1.77
Baja California,Sin Dato,2017,Petrolero,Microgenerador,Residuos solidos,"Estopa, trapo, plasticos, carton, madera, brochas, papel, cepillo, etc., impregnados con pinturas, grasas, aceites, hidrocarburos",5.71
Baja California,Sin Dato,2017,Petrolero,Pequeno Generador,Aceites gastados,Lubricantes,1.35
Baja California,Sin Dato,2017,Petrolero,Pequeno Generador,"Baterias, celdas y pilas",No especificado,0.39
Baja California,Sin Dato,2017,Petrolero,Pequeno Generador,Escorias,Residuos de soldadura,0.2
Baja California,Sin Dato,2017,Petrolero,Pequeno Generador,"Gasolina, diesel y naftas gastados o sucios provenientes de estaciónes de servicio y talleres automotrices","Gasolina, diesel y naftas gastados o sucios provenientes de estaciones de servicio y talleres automotrices",49.62
Baja California,Sin Dato,2017,Petrolero,Pequeno Generador,Liquidos de proceso,"Agua contaminada con hidrocarburos, combustibles, aceite o grasa",0.4
Baja California,Sin Dato,2017,Petrolero,Pequeno Generador,Liquidos de proceso,Otros residuos,0.2
Baja California,Sin Dato,2017,Petrolero,Pequeno Generador,Lodos aceitosos,"Con contaminacion de hidrocarburos, combustibles, aceite",31.45
Baja California,Sin Dato,2017,Petrolero,Pequeno Generador,Residuos solidos,Balastras,0.4
Baja California,Sin Dato,2017,Petrolero,Pequeno Generador,Residuos solidos,"Botes o recipientes que contuvieron contaminantes diversos, latas de pintura, aerosoles",22.02
Baja California,Sin Dato,2017,Petrolero,Pequeno Generador,Residuos solidos,De mantenimiento automotríz,0.05
Baja California,Sin Dato,2017,Petrolero,Pequeno Generador,Residuos solidos,"Estopa, trapo, plasticos, carton, madera, brochas, papel, cepillo, etc., impregnados con pinturas, grasas, aceites, hidrocarburos",60.15
Baja California,Sin Dato,2017,Petrolero,Pequeno Generador,Residuos solidos,Lampara fluorescentes,0.46
Baja California,Sin Dato,2017,Petrolero,Pequeno Generador,Residuos solidos,"Mangueras, pistolas o filtros para despacho de combustibles, descarga de contaminantes",0.18
Baja California,Sin Dato,2017,Petrolero,Pequeno Generador,Residuos solidos,"Tierra, grava, acerrín impregnados con aceites, grasas e hidrocarburos",0.2
Baja California,Sin Dato,2017,Petrolero,Pequeno Generador,Metales,Fierro contaminado,0.2
Baja California,Sin Dato,2017,Petroleo y petroquimica,Microgenerador,Aceites gastados,Lubricantes,0
Baja California,Sin Dato,2017,Petroleo y petroquimica,Microgenerador,"Baterias, celdas y pilas",Pilas alcalinas,0
Baja California,Sin Dato,2017,Petroleo y petroquimica,Microgenerador,"Baterias, celdas y pilas","Pilas, baterias, acumuladores, celdas de desecho: niquel-cadmio, plomo, mercurio",0.01
Baja California,Sin Dato,2017,Petroleo y petroquimica,Microgenerador,Residuos solidos,"Botes o recipientes que contuvieron contaminantes diversos, latas de pintura, aerosoles",0
Baja California,Sin Dato,2017,Petroleo y petroquimica,Microgenerador,Residuos solidos,"Con contaminacion de gas natural, mercaptano",0
Baja California,Sin Dato,2017,Petroleo y petroquimica,Microgenerador,Residuos solidos,"Estopa, trapo, plasticos, carton, madera, brochas, papel, cepillo, etc., impregnados con pinturas, grasas, aceites, hidrocarburos",0
Baja California,Sin Dato,2017,Petroleo y petroquimica,Pequeno Generador,Aceites gastados,Lubricantes,0.35
Baja California,Sin Dato,2017,Petroleo y petroquimica,Pequeno Generador,"Baterias, celdas y pilas",Pilas alcalinas,0.02
Baja California,Sin Dato,2017,Petroleo y petroquimica,Pequeno Generador,"Baterias, celdas y pilas","Pilas, baterias, acumuladores, celdas de desecho: niquel-cadmio, plomo, mercurio",0.18
Baja California,Sin Dato,2017,Petroleo y petroquimica,Pequeno Generador,Pinturas y productos relacionados,"Residuos de pinturas, pinturas caducadas",0.15
Baja California,Sin Dato,2017,Petroleo y petroquimica,Pequeno Generador,Residuos solidos,"Botes o recipientes que contuvieron contaminantes diversos, latas de pintura, aerosoles",0.2
Baja California,Sin Dato,2017,Petroleo y petroquimica,Pequeno Generador,Residuos solidos,"Estopa, trapo, plasticos, carton, madera, brochas, papel, cepillo, etc., impregnados con pinturas, grasas, aceites, hidrocarburos",0.15
Baja California,Sin Dato,2017,Petroleo y petroquimica,Pequeno Generador,Residuos solidos,Lampara fluorescentes,0.06
Baja California,Sin Dato,2018,Petrolifero,Microgenerador,Aceites gastados (Hidraulicos),Aceite gastado hidraulico,0.01
Baja California,Sin Dato,2018,Petrolifero,Microgenerador,Aceites gastados (Lubricantes),Aceites gastados lubricantes,0.02
Baja California,Sin Dato,2018,Petrolifero,Microgenerador,Lamparas fluorescentes y de vapor de mercurio,Lamparas fluorescentes y de vapor de mercurio,0.01
Baja California,Sin Dato,2018,Petrolifero,Microgenerador,Lodos Contaminados con Hidrocarburos (combustible y aceites),Lodos aceitosos de trampa,6.08
Baja California,Sin Dato,2018,Petrolifero,Microgenerador,Solidos contaminados con hidrocarburos diversos,"Filtros, mangueras, envases, botes, cubetas, contenedores, trapos, guantes, carton, aserrin, material absorbente,Estopas y trapos impregnados con combustible, Envases vacios impregnados de aceite",5.48
Baja California,Sin Dato,2018,Petrolifero,Microgenerador,"Gasolina, Diesel y Naftas gastados o sucios","Gasolina, Diesel y Naftas gastados o sucios provenientes de Estaciones de Servicio y Talleres Automotrices",0.22
Baja California,Sin Dato,2018,Petrolifero,Microgenerador,Liquidos residuales de proceso no corrosivos,Agua contaminada con hidrocarburos,0.13
Baja California,Sin Dato,2018,Petrolifero,Pequeno generador,Aceites gastados (Hidraulicos),Aceite gastado hidraulico,0.84
Baja California,Sin Dato,2018,Petrolifero,Pequeno generador,Aceites gastados (Lubricantes),Aceites gastados lubricantes,0.61
Baja California,Sin Dato,2018,Petrolifero,Pequeno generador,Baterias alcalinas,Pilas alcalinas,0.04
Baja California,Sin Dato,2018,Petrolifero,Pequeno generador,Filtro de aire o aceite contaminados,Filtro de aire o aceite contaminados,0.4
Baja California,Sin Dato,2018,Petrolifero,Pequeno generador,"Gasolina, Diesel y Naftas gastados o sucios","Gasolina, Diesel y Naftas gastados o sucios provenientes de Estaciones de Servicio y Talleres Automotrices",33.53
Baja California,Sin Dato,2018,Petrolifero,Pequeno generador,Lamparas fluorescentes,Lamparas fluorescentes y de vapor de mercurio,0.33
Baja California,Sin Dato,2018,Petrolifero,Pequeno generador,Liquidos residuales de proceso corrosivos,Agua contaminada con hidrocarburos,51.9
Baja California,Sin Dato,2018,Petrolifero,Pequeno generador,Lodos Contaminados con Hidrocarburos,Lodos con aceite y restos de hidrocarburos,34.6
Baja California,Sin Dato,2018,Petrolifero,Pequeno generador,Lodos de tanques de almacenamiento de hidrocarburos,Lodos de tanques de hidrocarburos,1
Baja California,Sin Dato,2018,Petrolifero,Pequeno generador,Pilas o Baterias con Litio o Cadmio,Pilas Niquel-Cadmio,0.18
Baja California,Sin Dato,2018,Petrolifero,Pequeno generador,Solidos contaminados con hidrocarburos,"Filtros, mangueras, envases, botes, cubetas, contenedores, trapos, guantes, carton, aserrin, material absorbente,Estopas y trapos impregnados con combustible, Envases vacios impregnados de aceite",42.18
Baja California,Sin Dato,2018,Petrolifero,Pequeno generador,Solidos de mantenimiento impregnados con Hidrocarburos,"trapos impregnados con aceite, grasas, etc. Usados en la limpieza y/o revision de autos",6.47
Baja California,Sin Dato,2018,Petrolifero,Pequeno generador,Solventes Gastados,Residuos de solventes,0.14
Baja California,Sin Dato,2018,Petrolero,Microgenerador,Aceites gastados,Aceites gastados lubricantes,0
Baja California,Sin Dato,2018,Petrolero,Microgenerador,Pinturas y productos relacionados,Felpas impregnadas de pigmentos de cromo y plomo,0.01
Baja California,Sin Dato,2018,Petrolero,Microgenerador,Pinturas y productos relacionados,Residuos de pigmentos base cromo y base plomo,0.01
Baja California,Sin Dato,2018,Petrolero,Microgenerador,Solidos,Solidos con metales pesados,0.05
Baja California,Sin Dato,2018,Petrolero,Microgenerador,Solidos,Solidos de mantenimiento automotriz,0.01
Baja California,Sin Dato,2018,Petrolero,Microgenerador,Solidos,Solidos otros,0.02
Baja California,Sin Dato,2019,Petrolero,Microgenerador,Aceites gastados,Lubricantes,0.0005
Baja California,Sin Dato,2019,Petrolero,Microgenerador,Pinturas y productos relacionados,"Estopa, trapo, plásticos, cartón, madera, brochas, papel, cepillo, etc., impregnados con pinturas, grasas, aceites, hidrocarburos",0.002
Baja California,Sin Dato,2019,Petrolero,Microgenerador,Pinturas y productos relacionados,Residuos de pigmentos base cromo y base plomo,0.001
Baja California,Sin Dato,2019,Petrolero,Microgenerador,Residuos solidos,Con metales pesados,0.01
Baja California,Sin Dato,2019,Petrolero,Microgenerador,Residuos solidos,solidos OTROS (CARTUCHOS INTERNOS DE FILTROS IMPREGNADOS CON HOLLÍN Y ACEITE LUBRICANTE GASTADO.),0.001
Baja California,Sin Dato,2019,Petrolero,Microgenerador,Residuos solidos,De mantenimiento automotríz,0
Baja California,Sin Dato,2019,Petrolero,Microgenerador,Residuos solidos,Otros solidos (baterias alcalinas usadas,0.002
Baja California,Sin Dato,2019,Petrolero,Microgenerador,Residuos solidos,Otros solidos (suelo contaminado con aceite lubricante gastado),0.004
Baja California,Sin Dato,2019,Petrolifero,Microgenerador,Aceites gastados,hidraulicos,0
Baja California,Sin Dato,2019,Petrolifero,Microgenerador,Aceites gastados,Lubricantes,0.006
Baja California,Sin Dato,2019,Petrolifero,Microgenerador,"Gasolina, diesel y naftas gastados o sucios provenientes de estaciónes de servicio y talleres automotrices","Gasolina, diesel y naftas gastados o sucios provenientes de estaciones de servicio y talleres automotrices",0
Baja California,Sin Dato,2019,Petrolifero,Microgenerador,Liquidos de proceso,Liquidos con residuos de hidrocarburos,0
Baja California,Sin Dato,2019,Petrolifero,Microgenerador,Lodos,Lodos aceitosos,0
Baja California,Sin Dato,2019,Petrolifero,Microgenerador,Residuos solidos,"Estopa, trapo, plásticos, cartón, madera, brochas, papel, cepillo, etc., impregnados con pinturas, grasas, aceites, hidrocarburos",0.158
Baja California,Sin Dato,2019,Petrolifero,Microgenerador,Residuos solidos,Lámpara fluorescentes,0.002
Baja California,Sin Dato,2019,Petrolifero,Pequeno Generador,Aceites gastados,hidraulicos,0
Baja California,Sin Dato,2019,Petrolifero,Pequeno Generador,Aceites gastados,Lubricantes,0
Baja California,Sin Dato,2019,Petrolifero,Pequeno Generador,"Baterias, celdas y pilas",Pilas alcalinas,0
Baja California,Sin Dato,2019,Petrolifero,Pequeno Generador,"Baterias, celdas y pilas",Pilas o baterias de Niquel - Cadmio,0
Baja California,Sin Dato,2019,Petrolifero,Pequeno Generador,"Gasolina, diesel y naftas gastados o sucios provenientes de estaciónes de servicio y talleres automotrices","Gasolina, diesel y naftas gastados o sucios provenientes de estaciones de servicio y talleres automotrices",4.258
Baja California,Sin Dato,2019,Petrolifero,Pequeno Generador,Liquidos de proceso,Corrosivos,0
Baja California,Sin Dato,2019,Petrolifero,Pequeno Generador,Lodos,Lodos aceitosos,0
Baja California,Sin Dato,2019,Petrolifero,Pequeno Generador,Lodos,Lodos procedentes de trampas de grasas e hidrocarburos,0
Baja California,Sin Dato,2019,Petrolifero,Pequeno Generador,Residuos solidos,"Estopa, trapo, plásticos, cartón, madera, brochas, papel, cepillo, etc., impregnados con pinturas, grasas, aceites, hidrocarburos",4.112
Baja California,Sin Dato,2019,Petrolifero,Pequeno Generador,Residuos solidos,Filtro de aire o de aceite contaminados,0
Baja California,Sin Dato,2019,Petrolifero,Pequeno Generador,Residuos solidos,Lámpara fluorescentes,0
Baja California,Sin Dato,2019,Petrolifero,Pequeno Generador,Solventes,Residuos de solventes,0
Baja California,Sin Dato,2020,Petrolero,Pequeno Generador,Aceites gastados,Aceites gastados hidráulicos,0.7
Baja California,Sin Dato,2020,Petrolero,Pequeno Generador,Aceites gastados,Aceites gastados lubricantes,0.35
Baja California,Sin Dato,2020,Petrolero,Pequeno Generador,Aceites gastados,Aceites gastados otros,0.05
Baja California,Sin Dato,2020,Petrolero,Pequeno Generador,Otros,baterias alcalinas,0.05
Baja California,Sin Dato,2020,Petrolero,Pequeno Generador,Otros,"TIERRA CONTAMINADA (IMPREGNADA CON PINTURA, ACEITE, COMBUSTIBLE Y/O SOLVENTES)",2
Baja California,Sin Dato,2020,Petrolero,Pequeno Generador,Otros,ACUMULADORES DE VEHÍCULOS CON CONTENIDO DE PLOMO,0.1
Baja California,Sin Dato,2020,Petrolero,Pequeno Generador,Otros,ACEITES GASTADOS SOLUBLES AGUAS ACEITOSAS DERIVADAS DE LA OPERACIÓN Y MANTENIMIENTO DE LAS INSTALACIONES DE LA TERMINAL,0.05
Baja California,Sin Dato,2020,Petrolero,Pequeno Generador,Sólidos,SÓLIDOS DE MANTENIMIENTO AUTOMOTRIZ,0.05
Baja California,Sin Dato,2020,Petrolero,Pequeno Generador,Sólidos,Otros sólidos,0.5
Baja California,Sin Dato,2020,Petrolero,Pequeno Generador,Sólidos,Otros sólidos,0.14
Baja California,Sin Dato,2020,Petrolero,Pequeno Generador,Sólidos,Otros sólidos,0.05
Baja California,Sin Dato,2020,Petrolero,Pequeno Generador,Sólidos,Otros sólidos,0.14
Baja California,Sin Dato,2020,Petrolero,Pequeno Generador,Sólidos,Otros sólidos,0.07
Baja California,Sin Dato,2020,Petrolifero,Microgenerador,Aceites lubricantes,Aceites gastados lubricantes,0.019
Baja California,Sin Dato,2020,Petrolifero,Microgenerador,Líquidos de proceso,Aguas aceitosas,0.327
Baja California,Sin Dato,2020,Petrolifero,Microgenerador,"Baterias, pilas y balastras","Baterias, pilas y balastras",0.001
Baja California,Sin Dato,2020,Petrolifero,Microgenerador,"Gasollina, diésel y naftas gastados","Gasollina, diésel y naftas gastados",0.88
Baja California,Sin Dato,2020,Petrolifero,Microgenerador,Lodos,Lodos aceitosos,1.37
Baja California,Sin Dato,2020,Petrolifero,Microgenerador,Residuos sólidos,"Estopa, trapo, plásticos, cartón, madera, brochas, papel, cepillo, etc., impregnados con pinturas, grasas, aceites, hidrocarburos",2.176
Baja California,Sin Dato,2020,Petrolifero,Pequeno Generador,Aceites lubricantes,Aceites gastados lubricantes,10.162
Baja California,Sin Dato,2020,Petrolifero,Pequeno Generador,Líquidos de proceso,Aguas aceitosas,6.36
Baja California,Sin Dato,2020,Petrolifero,Pequeno Generador,"Baterias, pilas y balastras","Baterias, pilas y balastras",0.02
Baja California,Sin Dato,2020,Petrolifero,Pequeno Generador,"Gasollina, diésel y naftas gastados","Gasollina, diésel y naftas gastados",17.758
Baja California,Sin Dato,2020,Petrolifero,Pequeno Generador,Lámparas fluorescentes y de vapor de mercurio,Lámparas fluorescentes y de vapor de mercurio,0.01
Baja California,Sin Dato,2020,Petrolifero,Pequeno Generador,Lodos,Lodos aceitosos,32.83886
Baja California,Sin Dato,2020,Petrolifero,Pequeno Generador,Residuos sólidos,"Estopa, trapo, plásticos, cartón, madera, brochas, papel, cepillo, etc., impregnados con pinturas, grasas, aceites, hidrocarburos",47.63971
Baja California,Sin Dato,2021,Petrolero,Pequeno Generador,Aceites gastados,hidraulicos,0.7
Baja California,Sin Dato,2021,Petrolero,Pequeno Generador,Aceites gastados,Lubricantes,0.35
Baja California,Sin Dato,2021,Petrolero,Pequeno Generador,Aceites gastados,Otros aceites,0.1
Baja California,Sin Dato,2021,Petrolero,Pequeno Generador,"baterias, celdas y pilas",Acumuladores,0.1
Baja California,Sin Dato,2021,Petrolero,Pequeno Generador,"baterias, celdas y pilas",Pilas alcalinas,0.05
Baja California,Sin Dato,2021,Petrolero,Pequeno Generador,Residuos solidos,"De mantenimiento automotríz, mantenimiento a maquinaria o equipos",0.05
Baja California,Sin Dato,2021,Petrolero,Pequeno Generador,Residuos solidos,Otros solidos,0.35
Baja California,Sin Dato,2021,Petrolero,Pequeno Generador,Residuos solidos,Otros solidos,0.55
Baja California,Sin Dato,2021,Petrolero,Pequeno Generador,Residuos solidos,"Tierra, arena, grava, acerrín impregnados con aceites, grasas o hidrocarburos",2
Baja California,Sin Dato,2021,Petrolifero,Microgenerador,Aceites gastados,Lubricantes,0.02
Baja California,Sin Dato,2021,Petrolifero,Microgenerador,"baterias, celdas y pilas","Baterias, pilas y balastras",0
Baja California,Sin Dato,2021,Petrolifero,Microgenerador,"Gasolina, diésel y naftas gastados o sucios provenientes de estaciones de servicio y talleres automotrices","Gasolina, diesel y naftas gastados o sucios",0.88
Baja California,Sin Dato,2021,Petrolifero,Microgenerador,Otros,"Agua oleosa, agua contaminada",0.33
Baja California,Sin Dato,2021,Petrolifero,Microgenerador,Residuos solidos,"Estopa, trapo, plásticos, cartón, madera, brochas, papel, cepillo, etc., impregnados con pinturas, grasas, aceites, hidrocarburos",2.18
Baja California,Sin Dato,2021,Petrolifero,Microgenerador,Lodos,Lodos aceitosos,1.37
Baja California,Sin Dato,2021,Petrolifero,Pequeno Generador,Aceites gastados,Lubricantes,10.16
Baja California,Sin Dato,2021,Petrolifero,Pequeno Generador,"baterias, celdas y pilas","Baterias, pilas y balastras",0.02
Baja California,Sin Dato,2021,Petrolifero,Pequeno Generador,"Gasolina, diésel y naftas gastados o sucios provenientes de estaciones de servicio y talleres automotrices","Gasolina, diesel y naftas gastados o sucios",17.76
Baja California,Sin Dato,2021,Petrolifero,Pequeno Generador,Otros,"Agua oleosa, agua contaminada",6.36
Baja California,Sin Dato,2021,Petrolifero,Pequeno Generador,Residuos solidos,"Estopa, trapo, plásticos, cartón, madera, brochas, papel, cepillo, etc., impregnados con pinturas, grasas, aceites, hidrocarburos",47.64
Baja California,Sin Dato,2021,Petrolifero,Pequeno Generador,Residuos solidos,"Lámparas fluorescentes, lámparas de vapor de mercurio",0.01
Baja California,Sin Dato,2021,Petrolifero,Pequeno Generador,Lodos,Lodos aceitosos,32.84
Baja California,Mexicali,2022,Petrolífero,Microgenerador,Lodos,Lodos aceitosos,0.11
Baja California,Mexicali,2022,Petrolífero,Microgenerador,Residuos sólidos,"Estopa, trapo, plásticos, cartón, madera, brochas, papel, cepillo, etc., impregnados con pinturas, grasas, aceites, hidrocarburos",0.62
Baja California,Mexicali,2022,Petrolífero,Pequeño Generador,Aceites gastados,Lubricantes,0.59
Baja California,Mexicali,2022,Petrolífero,Pequeño Generador,Lodos,Lodos aceitosos,1.1
Baja California,Mexicali,2022,Petrolífero,Pequeño Generador,Residuos sólidos,"Estopa, trapo, plásticos, cartón, madera, brochas, papel, cepillo, etc., impregnados con pinturas, grasas, aceites, hidrocarburos",0.97
Baja California,Tecate,2022,Petrolífero,Pequeño Generador,Agua contaminada,"Agua contaminada con hidrocarburos, combustibles, aceite o grasa",0.4
Baja California,Tecate,2022,Petrolífero,Pequeño Generador,Lodos,Lodos aceitosos,4.1
Baja California,Tecate,2022,Petrolífero,Pequeño Generador,Lodos,Otros lodos,0.4
Baja California,Tecate,2022,Petrolífero,Pequeño Generador,Otros,Otros residuos,0.8
Baja California,Tecate,2022,Petrolífero,Pequeño Generador,Otros,Otros residuos,1.5
Baja California,Tecate,2022,Petrolífero,Pequeño Generador,Residuos sólidos,"Estopa, trapo, plásticos, cartón, madera, brochas, papel, cepillo, etc., impregnados con pinturas, grasas, aceites, hidrocarburos",0.15
Baja California,Tecate,2022,Petrolífero,Pequeño Generador,Residuos sólidos,Otros sólidos,3
Baja California,Tijuana,2022,Petrolífero,Microgenerador,Aceites gastados,Lubricantes,0
Baja California,Tijuana,2022,Petrolífero,Microgenerador,Residuos sólidos,Con metales pesados,0
Baja California,Tijuana,2022,Petrolífero,Microgenerador,Residuos sólidos,"De mantenimiento automotríz, mantenimiento a maquinaria o equipos",0
Baja California,Tijuana,2022,Petrolífero,Microgenerador,Residuos sólidos,"De mantenimiento automotríz, mantenimiento a maquinaria o equipos",0
Baja California,Tijuana,2022,Petrolífero,Microgenerador,Residuos sólidos,Otros sólidos,0
Baja California,Tijuana,2022,Petrolífero,Microgenerador,Residuos sólidos,Otros sólidos,0
Baja California,Tijuana,2022,Petrolífero,Microgenerador,Residuos sólidos,Tortas de filtrado,0
Baja California,Tijuana,2022,Petrolífero,Pequeño Generador,"Gasolina, diésel y naftas gastados o sucios provenientes de estaciones de servicio y talleres automotrices","Gasolina, diesel y naftas gastados o sucios",0.8
Baja California,Tijuana,2022,Petrolífero,Pequeño Generador,Lodos,Lodos aceitosos,3.2
Baja California,Tijuana,2022,Petrolífero,Pequeño Generador,Residuos sólidos,"Estopa, trapo, plásticos, cartón, madera, brochas, papel, cepillo, etc., impregnados con pinturas, grasas, aceites, hidrocarburos",0.91
Baja California,Ensenada,2023,Petrolífero,Pequeño Generador,Lodos,Lodos aceitosos,0.8
Baja California,Ensenada,2023,Petrolífero,Pequeño Generador,Residuos sólidos,"Estopa, trapo, plásticos, cartón, madera, brochas, papel, cepillo, etc., impregnados con pinturas, grasas, aceites, hidrocarburos",0.04
Baja California,Mexicali,2023,Petrolífero,Microgenerador,Lodos,Lodos aceitosos,0.8
Baja California,Mexicali,2023,Petrolífero,Pequeño Generador,Lodos,Lodos aceitosos,3.7
Baja California,Mexicali,2023,Petrolífero,Pequeño Generador,Residuos sólidos,"Estopa, trapo, plásticos, cartón, madera, brochas, papel, cepillo, etc., impregnados con pinturas, grasas, aceites, hidrocarburos",1.23
Baja California,Mexicali,2023,Petrolífero,Gran Generador,Aceites gastados,Hidráulicos,0.1
Baja California,Mexicali,2023,Petrolífero,Gran Generador,Aceites gastados,Lubricantes,0.05
Baja California,Mexicali,2023,Petrolífero,Gran Generador,Aceites gastados,Lubricantes,0.5
Baja California,Mexicali,2023,Petrolífero,Gran Generador,Agua contaminada,"Agua contaminada con hidrocarburos, combustibles, aceite o grasa",0
Baja California,Mexicali,2023,Petrolífero,Gran Generador,"Baterías, celdas y pilas","Baterias, pilas y balastras",0.02
Baja California,Mexicali,2023,Petrolífero,Gran Generador,Biológico-infecciosos,Residuos no anatómicos,0
Baja California,Mexicali,2023,Petrolífero,Gran Generador,Residuos sólidos,"De mantenimiento automotríz, mantenimiento a maquinaria o equipos",0.05
Baja California,Mexicali,2023,Petrolífero,Gran Generador,Residuos sólidos,"Estopa, trapo, plásticos, cartón, madera, brochas, papel, cepillo, etc., impregnados con pinturas, grasas, aceites, hidrocarburos",0.1
Baja California,Mexicali,2023,Petrolífero,Gran Generador,Residuos sólidos,"Lámparas fluorescentes, lámparas de vapor de mercurio",0.01
Baja California,Mexicali,2023,Petrolífero,Gran Generador,Residuos sólidos,Otros sólidos,0.01
Baja California,Mexicali,2023,Petrolífero,Gran Generador,Solventes,Orgánicos,0.01
Baja California,Tijuana,2023,Petrolífero,Microgenerador,Aceites gastados,Lubricantes,0.05
Baja California,Tijuana,2023,Petrolífero,Microgenerador,"Baterías, celdas y pilas","Baterias, pilas y balastras",0.01
Baja California,Tijuana,2023,Petrolífero,Microgenerador,Residuos sólidos,"Estopa, trapo, plásticos, cartón, madera, brochas, papel, cepillo, etc., impregnados con pinturas, grasas, aceites, hidrocarburos",0
Baja California,Tijuana,2023,Petrolífero,Microgenerador,Residuos sólidos,"Estopa, trapo, plásticos, cartón, madera, brochas, papel, cepillo, etc., impregnados con pinturas, grasas, aceites, hidrocarburos",0.02
Baja California,Tijuana,2023,Petrolífero,Microgenerador,Residuos sólidos,"Estopa, trapo, plásticos, cartón, madera, brochas, papel, cepillo, etc., impregnados con pinturas, grasas, aceites, hidrocarburos",0.09
Baja California,Tijuana,2023,Petrolífero,Pequeño Generador,Aceites gastados,Lubricantes,0.05
Baja California,Tijuana,2023,Petrolífero,Pequeño Generador,Agua contaminada,"Agua contaminada con hidrocarburos, combustibles, aceite o grasa",5.8
Baja California,Tijuana,2023,Petrolífero,Pequeño Generador,"Baterías, celdas y pilas","Baterias, pilas y balastras",0.01
Baja California,Tijuana,2023,Petrolífero,Pequeño Generador,"Gasolina, diésel y naftas gastados o sucios provenientes de estaciones de servicio y talleres automotrices","Gasolina, diesel y naftas gastados o sucios",1.21
Baja California,Tijuana,2023,Petrolífero,Pequeño Generador,Lodos,Lodos aceitosos,3.12
Baja California,Tijuana,2023,Petrolífero,Pequeño Generador,Residuos sólidos,"Estopa, trapo, plásticos, cartón, madera, brochas, papel, cepillo, etc., impregnados con pinturas, grasas, aceites, hidrocarburos",2.52
Baja California,Tijuana,2023,Petrolífero,Pequeño Generador,Residuos sólidos,"Lámparas fluorescentes, lámparas de vapor de mercurio",0.02
Baja California,Ensenada,2024,Petrolero,Pequeño Generador,Aceites gastados,Lubricantes,0.6
Baja California,Ensenada,2024,Petrolero,Pequeño Generador,Residuos sólidos,Otros sólidos,0.14
Baja California,Ensenada,2024,Petrolero,Pequeño Generador,Residuos sólidos,Otros sólidos,0.8
Baja California,Ensenada,2024,Petrolífero,Pequeño Generador,Gasolina y otros combustibles,"Gasolina, diesel y naftas gastados o sucios",2.24
Baja California,Ensenada,2024,Petrolífero,Pequeño Generador,Lodos,Lodos aceitosos,0.5
Baja California,Ensenada,2024,Petrolífero,Pequeño Generador,Residuos sólidos,"Estopa, trapo, plásticos, cartón, madera, brochas, papel, cepillo, etc., impregnados con pinturas, grasas, aceites, hidrocarburos",0.74
Baja California,Mexicali,2024,Petrolífero,Microgenerador,Lodos,Lodos aceitosos,0.89
Baja California,Mexicali,2024,Petrolífero,Microgenerador,Residuos sólidos,"Estopa, trapo, plásticos, cartón, madera, brochas, papel, cepillo, etc., impregnados con pinturas, grasas, aceites, hidrocarburos",0.2
Baja California,Mexicali,2024,Petrolífero,Pequeño Generador,Aceites gastados,Lubricantes,0.05
Baja California,Mexicali,2024,Petrolífero,Pequeño Generador,Agua contaminada,"Agua contaminada con hidrocarburos, combustibles, aceite o grasa",5
Baja California,Mexicali,2024,Petrolífero,Pequeño Generador,"Baterías, celdas, pilas, balastras","Baterias, pilas, acumuladores, balastras",0.04
Baja California,Mexicali,2024,Petrolífero,Pequeño Generador,Gasolina y otros combustibles,"Gasolina, diesel y naftas gastados o sucios",0.21
Baja California,Mexicali,2024,Petrolífero,Pequeño Generador,Lodos,Lodos aceitosos,0.04
Baja California,Mexicali,2024,Petrolífero,Pequeño Generador,Residuos sólidos,"Estopa, trapo, plásticos, cartón, madera, brochas, papel, cepillo, etc., impregnados con pinturas, grasas, aceites, hidrocarburos",0.13
Baja California,Mexicali,2024,Petrolífero,Pequeño Generador,Residuos sólidos,"Lámparas fluorescentes, lámparas de vapor de mercurio",0.02
Baja California,Tecate,2024,Petrolífero,Pequeño Generador,Agua contaminada,"Agua contaminada con hidrocarburos, combustibles, aceite o grasa",2.01
Baja California,Tecate,2024,Petrolífero,Pequeño Generador,Residuos sólidos,"Estopa, trapo, plásticos, cartón, madera, brochas, papel, cepillo, etc., impregnados con pinturas, grasas, aceites, hidrocarburos",1.21
Baja California,Tijuana,2024,Petrolífero,Microgenerador,Lodos,Lodos aceitosos,0.31
Baja California,Tijuana,2024,Petrolífero,Microgenerador,Residuos sólidos,"Estopa, trapo, plásticos, cartón, madera, brochas, papel, cepillo, etc., impregnados con pinturas, grasas, aceites, hidrocarburos",0.03
Baja California,Tijuana,2024,Petrolífero,Pequeño Generador,Agua contaminada,"Agua contaminada con hidrocarburos, combustibles, aceite o grasa",2.78
Baja California,Tijuana,2024,Petrolífero,Pequeño Generador,Gasolina y otros combustibles,"Gasolina, diesel y naftas gastados o sucios",0.7
Baja California,Tijuana,2024,Petrolífero,Pequeño Generador,Lodos,Lodos aceitosos,2.41
Baja California,Tijuana,2024,Petrolífero,Pequeño Generador,Residuos sólidos,"Estopa, trapo, plásticos, cartón, madera, brochas, papel, cepillo, etc., impregnados con pinturas, grasas, aceites, hidrocarburos",3.83
Baja California Sur,Sin Dato,2017,Petrolero,Microgenerador,Aceites gastados,Hidraulicos,0.11
Baja California Sur,Sin Dato,2017,Petrolero,Microgenerador,Aceites gastados,Lubricantes,0.16
Baja California Sur,Sin Dato,2017,Petrolero,Microgenerador,Lodos,Lodos provenientes de tanques de almacenaniento,0.12
Baja California Sur,Sin Dato,2017,Petrolero,Microgenerador,Lodos aceitosos,Lodos procedentes de trampas de grasas e hidrocarburos,0.08
Baja California Sur,Sin Dato,2017,Petrolero,Microgenerador,Lodos aceitosos,Otros lodos,0.31
Baja California Sur,Sin Dato,2017,Petrolero,Microgenerador,Pinturas y productos relacionados,Proceso de pinturas,0.03
Baja California Sur,Sin Dato,2017,Petrolero,Microgenerador,Residuos solidos,"Botes o recipientes que contuvieron contaminantes diversos, latas de pintura, aerosoles",0.03
Baja California Sur,Sin Dato,2017,Petrolero,Microgenerador,Residuos solidos,De mantenimiento automotríz,0.05
Baja California Sur,Sin Dato,2017,Petrolero,Microgenerador,Residuos solidos,"Estopa, trapo, plasticos, carton, madera, brochas, papel, cepillo, etc., impregnados con pinturas, grasas, aceites, hidrocarburos",0.04
Baja California Sur,Sin Dato,2017,Petrolero,Microgenerador,Residuos solidos,No especificado,0
Baja California Sur,Sin Dato,2017,Petrolero,Microgenerador,Residuos solidos,Otros solidos,0.01
Baja California Sur,Sin Dato,2017,Petrolero,Pequeno Generador,Aceites gastados,Hidraulicos,0.05
Baja California Sur,Sin Dato,2017,Petrolero,Pequeno Generador,Aceites gastados,Lubricantes,5.35
Baja California Sur,Sin Dato,2017,Petrolero,Pequeno Generador,"Baterias, celdas y pilas",Pilas alcalinas,0.01
Baja California Sur,Sin Dato,2017,Petrolero,Pequeno Generador,"Baterias, celdas y pilas","Pilas, baterias, acumuladores, celdas de desecho: niquel-cadmio, plomo, mercurio",0.01
Baja California Sur,Sin Dato,2017,Petrolero,Pequeno Generador,Liquidos de proceso,"Agua contaminada con hidrocarburos, combustibles, aceite o grasa",100
Baja California Sur,Sin Dato,2017,Petrolero,Pequeno Generador,Lodos,Lodos provenientes de tanques de almacenaniento,0.1
Baja California Sur,Sin Dato,2017,Petrolero,Pequeno Generador,Lodos aceitosos,"Con contaminacion de hidrocarburos, combustibles, aceite",0.1
Baja California Sur,Sin Dato,2017,Petrolero,Pequeno Generador,Lodos aceitosos,Lodos procedentes de trampas de grasas e hidrocarburos,4.9
Baja California Sur,Sin Dato,2017,Petrolero,Pequeno Generador,Lodos aceitosos,Otros lodos,0.7
Baja California Sur,Sin Dato,2017,Petrolero,Pequeno Generador,Residuos solidos,Balastras,0.11
Baja California Sur,Sin Dato,2017,Petrolero,Pequeno Generador,Residuos solidos,"Botes o recipientes que contuvieron contaminantes diversos, latas de pintura, aerosoles",1.19
Baja California Sur,Sin Dato,2017,Petrolero,Pequeno Generador,Residuos solidos,"Estopa, trapo, plasticos, carton, madera, brochas, papel, cepillo, etc., impregnados con pinturas, grasas, aceites, hidrocarburos",1.76
Baja California Sur,Sin Dato,2017,Petrolero,Pequeno Generador,Residuos solidos,Lampara fluorescentes,0.03
Baja California Sur,Sin Dato,2017,Petrolero,Pequeno Generador,Residuos solidos,"Mangueras, pistolas o filtros para despacho de combustibles, descarga de contaminantes",0.28
Baja California Sur,Sin Dato,2017,Petrolero,Pequeno Generador,Residuos solidos,"Tierra, grava, acerrín impregnados con aceites, grasas e hidrocarburos",1.54
Baja California Sur,Sin Dato,2017,Petrolero,Microgenerador,Solventes,Solventes organicos usados,0.02
Baja California Sur,Sin Dato,2018,Petrolifero,Microgenerador,Aceites gastados (Hidraulicos),Aceite gastado hidraulico,0.1
Baja California Sur,Sin Dato,2018,Petrolifero,Microgenerador,Aceites gastados (Lubricantes),Aceites gastados lubricantes,0.02
Baja California Sur,Sin Dato,2018,Petrolifero,Microgenerador,Solidos impregnados,"trapos impregnados con aceite, grasas, etc. Usados en la limpieza y/o revision de autos",0.24
Baja California Sur,Sin Dato,2018,Petrolifero,Microgenerador,Liquidos residuales de proceso no corrosivos,Agua contaminada con hidrocarburos,0.22
Baja California Sur,Sin Dato,2018,Petrolifero,Microgenerador,Lodos Contaminados con Hidrocarburos,Lodos con aceite y restos de hidrocarburos,3.35
Baja California Sur,Sin Dato,2018,Petrolifero,Microgenerador,Lodos de tanques de almacenamiento de hidrocarburos,Lodos de tanques de hidrocarburos,0.07
Baja California Sur,Sin Dato,2018,Petrolifero,Microgenerador,Solidos contaminados con hidrocarburos diversos,"Filtros, mangueras, envases, botes, cubetas, contenedores, trapos, guantes, carton, aserrin, material absorbente,Estopas y trapos impregnados con combustible, Envases vacios impregnados de aceite",1.17
Baja California Sur,Sin Dato,2018,Petrolifero,Microgenerador,Solidos de mantenimiento impregnados con Hidrocarburo,"trapos impregnados con aceite, grasas, etc. Usados en la limpieza y/o revision de autos",0.18
Baja California Sur,Sin Dato,2018,Petrolifero,Pequeno generador,Aceites gastados (Lubricantes),Aceites gastados lubricantes,2.53
Baja California Sur,Sin Dato,2018,Petrolifero,Pequeno generador,Filtro de aire o aceite contaminados,Filtros de aire usados,0.15
Baja California Sur,Sin Dato,2018,Petrolifero,Pequeno generador,"Gasolina, Diesel y Naftas gastados o sucios","Gasolina, Diesel y Naftas gastados o sucios provenientes de Estaciones de Servicio y Talleres Automotrices",0.44
Baja California Sur,Sin Dato,2018,Petrolifero,Pequeno generador,Lamparas fluorescentes y de vapor de mercurio,Lamparas fluorescentes y de vapor de mercurio,0
Baja California Sur,Sin Dato,2018,Petrolifero,Pequeno generador,Liquidos residuales de proceso no corrosivos,Agua contaminada con hidrocarburos,2.77
Baja California Sur,Sin Dato,2018,Petrolifero,Pequeno generador,Lodos Contaminados con Hidrocarburos,Lodos aceitosos,3.46
Baja California Sur,Sin Dato,2018,Petrolifero,Pequeno generador,Residuos de pinturas y esmaltes,Nata de Pintura,0
Baja California Sur,Sin Dato,2018,Petrolifero,Pequeno generador,Solidos contaminados con hidrocarburos diversos,"Filtros, mangueras, envases, botes, cubetas, contenedores, trapos, guantes, carton, aserrin, material absorbente,Estopas y trapos impregnados con combustible, Envases vacios impregnados de aceite",2.95
Baja California Sur,Sin Dato,2018,Petrolifero,Pequeno generador,Solventes Gastados,Residuos de solventes,0
Baja California Sur,Sin Dato,2019,Petrolifero,Microgenerador,Aceites gastados,hidraulicos,0
Baja California Sur,Sin Dato,2019,Petrolifero,Microgenerador,Aceites gastados,Lubricantes,0.01
Baja California Sur,Sin Dato,2019,Petrolifero,Microgenerador,Liquidos de proceso,Liquidos con residuos de hidrocarburos,0
Baja California Sur,Sin Dato,2019,Petrolifero,Microgenerador,Lodos,Lodos aceitosos,0.2
Baja California Sur,Sin Dato,2019,Petrolifero,Microgenerador,Lodos,Lodos procedentes de trampas de grasas e hidrocarburos,0
Baja California Sur,Sin Dato,2019,Petrolifero,Microgenerador,Residuos solidos,"Estopa, trapo, plásticos, cartón, madera, brochas, papel, cepillo, etc., impregnados con pinturas, grasas, aceites, hidrocarburos",0.02
Baja California Sur,Sin Dato,2019,Petrolifero,Pequeno Generador,Aceites gastados,Lubricantes,0
Baja California Sur,Sin Dato,2019,Petrolifero,Pequeno Generador,"Gasolina, diesel y naftas gastados o sucios provenientes de estaciónes de servicio y talleres automotrices","Gasolina, diesel y naftas gastados o sucios provenientes de estaciones de servicio y talleres automotrices",0
Baja California Sur,Sin Dato,2019,Petrolifero,Pequeno Generador,Liquidos de proceso,Liquidos con residuos de hidrocarburos,0
Baja California Sur,Sin Dato,2019,Petrolifero,Pequeno Generador,Lodos,Lodos aceitosos,0
Baja California Sur,Sin Dato,2019,Petrolifero,Pequeno Generador,Pinturas y productos relacionados,"Residuos de pinturas, pinturas caducadas",0
Baja California Sur,Sin Dato,2019,Petrolifero,Pequeno Generador,Residuos solidos,"Estopa, trapo, plásticos, cartón, madera, brochas, papel, cepillo, etc., impregnados con pinturas, grasas, aceites, hidrocarburos",0
Baja California Sur,Sin Dato,2019,Petrolifero,Pequeno Generador,Residuos solidos,Filtro de aire o de aceite contaminados,0
Baja California Sur,Sin Dato,2019,Petrolifero,Pequeno Generador,Residuos solidos,Lámpara fluorescentes,0
Baja California Sur,Sin Dato,2019,Petrolifero,Pequeno Generador,Solventes,Residuos de solventes,0
Baja California Sur,Sin Dato,2020,Petrolifero,Microgenerador,Aceites lubricantes,Aceites gastados lubricantes,0.2799
Baja California Sur,Sin Dato,2020,Petrolifero,Microgenerador,Líquidos de proceso,Aguas aceitosas,0.12
Baja California Sur,Sin Dato,2020,Petrolifero,Microgenerador,"Baterias, pilas y balastras","Baterias, pilas y balastras",0.02
Baja California Sur,Sin Dato,2020,Petrolifero,Microgenerador,"Gasollina, diésel y naftas gastados","Gasollina, diésel y naftas gastados",0.225
Baja California Sur,Sin Dato,2020,Petrolifero,Microgenerador,Lámparas fluorescentes y de vapor de mercurio,Lámparas fluorescentes y de vapor de mercurio,0.004
Baja California Sur,Sin Dato,2020,Petrolifero,Microgenerador,Lodos,Lodos aceitosos,0.5528
Baja California Sur,Sin Dato,2020,Petrolifero,Microgenerador,Residuos sólidos,"Estopa, trapo, plásticos, cartón, madera, brochas, papel, cepillo, etc., impregnados con pinturas, grasas, aceites, hidrocarburos",0.7883
Baja California Sur,Sin Dato,2020,Petrolifero,Pequeno Generador,Aceites hidraúlicos,Aceites gastados hidráulicos,5.1
Baja California Sur,Sin Dato,2020,Petrolifero,Pequeno Generador,Aceites lubricantes,Aceites gastados lubricantes,7.45
Baja California Sur,Sin Dato,2020,Petrolifero,Pequeno Generador,Líquidos de proceso,Aguas aceitosas,100.5
Baja California Sur,Sin Dato,2020,Petrolifero,Pequeno Generador,"Baterias, pilas y balastras","Baterias, pilas y balastras",0.271
Baja California Sur,Sin Dato,2020,Petrolifero,Pequeno Generador,"Gasollina, diésel y naftas gastados","Gasollina, diésel y naftas gastados",2.21
Baja California Sur,Sin Dato,2020,Petrolifero,Pequeno Generador,Lámparas fluorescentes y de vapor de mercurio,Lámparas fluorescentes y de vapor de mercurio,0.07
Baja California Sur,Sin Dato,2020,Petrolifero,Pequeno Generador,Lodos,Lodos aceitosos,18
Baja California Sur,Sin Dato,2020,Petrolifero,Pequeno Generador,Residuos sólidos,"Estopa, trapo, plásticos, cartón, madera, brochas, papel, cepillo, etc., impregnados con pinturas, grasas, aceites, hidrocarburos",18.032
Baja California Sur,Sin Dato,2021,Petrolifero,Microgenerador,Aceites gastados,Lubricantes,0.28
Baja California Sur,Sin Dato,2021,Petrolifero,Microgenerador,"baterias, celdas y pilas","Baterias, pilas y balastras",0.02
Baja California Sur,Sin Dato,2021,Petrolifero,Microgenerador,"Gasolina, diésel y naftas gastados o sucios provenientes de estaciones de servicio y talleres automotrices","Gasolina, diesel y naftas gastados o sucios",0.23
Baja California Sur,Sin Dato,2021,Petrolifero,Microgenerador,Otros,"Agua oleosa, agua contaminada",0.12
Baja California Sur,Sin Dato,2021,Petrolifero,Microgenerador,Residuos solidos,"Estopa, trapo, plásticos, cartón, madera, brochas, papel, cepillo, etc., impregnados con pinturas, grasas, aceites, hidrocarburos",0.79
Baja California Sur,Sin Dato,2021,Petrolifero,Microgenerador,Residuos solidos,"Lámparas fluorescentes, lámparas de vapor de mercurio",0
Baja California Sur,Sin Dato,2021,Petrolifero,Microgenerador,Lodos,Lodos aceitosos,0.55
Baja California Sur,Sin Dato,2021,Petrolifero,Pequeno Generador,Aceites gastados,hidraulicos,5.1
Baja California Sur,Sin Dato,2021,Petrolifero,Pequeno Generador,Aceites gastados,Lubricantes,7.45
Baja California Sur,Sin Dato,2021,Petrolifero,Pequeno Generador,"baterias, celdas y pilas","Baterias, pilas y balastras",0.27
Baja California Sur,Sin Dato,2021,Petrolifero,Pequeno Generador,"Gasolina, diésel y naftas gastados o sucios provenientes de estaciones de servicio y talleres automotrices","Gasolina, diesel y naftas gastados o sucios",2.21
Baja California Sur,Sin Dato,2021,Petrolifero,Pequeno Generador,Otros,"Agua oleosa, agua contaminada",100.5
Baja California Sur,Sin Dato,2021,Petrolifero,Pequeno Generador,Residuos solidos,"Estopa, trapo, plásticos, cartón, madera, brochas, papel, cepillo, etc., impregnados con pinturas, grasas, aceites, hidrocarburos",18.03
Baja California Sur,Sin Dato,2021,Petrolifero,Pequeno Generador,Residuos solidos,"Lámparas fluorescentes, lámparas de vapor de mercurio",0.07
Baja California Sur,Sin Dato,2021,Petrolifero,Pequeno Generador,Lodos,Lodos aceitosos,18
Baja California Sur,Los Cabos,2022,Petrolífero,Microgenerador,"Gasolina, diésel y naftas gastados o sucios provenientes de estaciones de servicio y talleres automotrices","Gasolina, diesel y naftas gastados o sucios",0.08
Baja California Sur,Los Cabos,2022,Petrolífero,Microgenerador,Residuos sólidos,"Estopa, trapo, plásticos, cartón, madera, brochas, papel, cepillo, etc., impregnados con pinturas, grasas, aceites, hidrocarburos",0.2
Baja California Sur,Los Cabos,2022,Petrolífero,Microgenerador,Residuos sólidos,"Lámparas fluorescentes, lámparas de vapor de mercurio",0.1
Baja California Sur,Los Cabos,2022,Petrolífero,Pequeño Generador,Aceites gastados,Lubricantes,0.06
Baja California Sur,Los Cabos,2022,Petrolífero,Pequeño Generador,Lodos,Lodos aceitosos,1.02
Baja California Sur,Los Cabos,2022,Petrolífero,Pequeño Generador,Residuos sólidos,"Estopa, trapo, plásticos, cartón, madera, brochas, papel, cepillo, etc., impregnados con pinturas, grasas, aceites, hidrocarburos",0.74
Baja California Sur,Comondú,2023,Petrolífero,Microgenerador,Lodos,Lodos aceitosos,0.02
Baja California Sur,Comondú,2023,Petrolífero,Microgenerador,Residuos sólidos,"Estopa, trapo, plásticos, cartón, madera, brochas, papel, cepillo, etc., impregnados con pinturas, grasas, aceites, hidrocarburos",0.01
Baja California Sur,La Paz,2023,Petrolífero,Microgenerador,Lodos,Lodos aceitosos,0.02
Baja California Sur,La Paz,2023,Petrolífero,Microgenerador,Residuos sólidos,"Estopa, trapo, plásticos, cartón, madera, brochas, papel, cepillo, etc., impregnados con pinturas, grasas, aceites, hidrocarburos",0.01
Baja California Sur,La Paz,2023,Petrolífero,Pequeño Generador,Residuos sólidos,"Estopa, trapo, plásticos, cartón, madera, brochas, papel, cepillo, etc., impregnados con pinturas, grasas, aceites, hidrocarburos",1.5
Baja California Sur,La Paz,2023,Petrolífero,Pequeño Generador,Residuos sólidos,"Estopa, trapo, plásticos, cartón, madera, brochas, papel, cepillo, etc., impregnados con pinturas, grasas, aceites, hidrocarburos",3.04
Baja California Sur,La Paz,2023,Petrolífero,Pequeño Generador,Residuos sólidos,"Estopa, trapo, plásticos, cartón, madera, brochas, papel, cepillo, etc., impregnados con pinturas, grasas, aceites, hidrocarburos",22.26
Baja California Sur,Los Cabos,2023,Petrolífero,Microgenerador,Aceites gastados,Lubricantes,0.02
Baja California Sur,Los Cabos,2023,Petrolífero,Microgenerador,Agua contaminada,"Agua contaminada con hidrocarburos, combustibles, aceite o grasa",0.02
Baja California Sur,Los Cabos,2023,Petrolífero,Microgenerador,"Baterías, celdas y pilas","Baterias, pilas y balastras",0.08
Baja California Sur,Los Cabos,2023,Petrolífero,Microgenerador,Lodos,Lodos aceitosos,0.05
Baja California Sur,Los Cabos,2023,Petrolífero,Microgenerador,Residuos sólidos,"Estopa, trapo, plásticos, cartón, madera, brochas, papel, cepillo, etc., impregnados con pinturas, grasas, aceites, hidrocarburos",0.27
Baja California Sur,Los Cabos,2023,Petrolífero,Microgenerador,Residuos sólidos,"Lámparas fluorescentes, lámparas de vapor de mercurio",0
Baja California Sur,Los Cabos,2023,Petrolífero,Pequeño Generador,"Gasolina, diésel y naftas gastados o sucios provenientes de estaciones de servicio y talleres automotrices","Gasolina, diesel y naftas gastados o sucios",0.4
Baja California Sur,Los Cabos,2023,Petrolífero,Pequeño Generador,Residuos sólidos,"Estopa, trapo, plásticos, cartón, madera, brochas, papel, cepillo, etc., impregnados con pinturas, grasas, aceites, hidrocarburos",0.25
Baja California Sur,Comondú,2024,Petrolífero,Microgenerador,Aceites gastados,Hidráulicos,0.06
Baja California Sur,Comondú,2024,Petrolífero,Microgenerador,Agua contaminada,"Agua contaminada con hidrocarburos, combustibles, aceite o grasa",0
Baja California Sur,Comondú,2024,Petrolífero,Microgenerador,Residuos sólidos,"Estopa, trapo, plásticos, cartón, madera, brochas, papel, cepillo, etc., impregnados con pinturas, grasas, aceites, hidrocarburos",0
Baja California Sur,Comondú,2024,Petrolífero,Pequeño Generador,Aceites gastados,Hidráulicos,0.01
Baja California Sur,Comondú,2024,Petrolífero,Pequeño Generador,Aceites gastados,Lubricantes,0.1
Baja California Sur,Comondú,2024,Petrolífero,Pequeño Generador,Lodos,Lodos aceitosos,0.06
Baja California Sur,Comondú,2024,Petrolífero,Pequeño Generador,Residuos sólidos,"Estopa, trapo, plásticos, cartón, madera, brochas, papel, cepillo, etc., impregnados con pinturas, grasas, aceites, hidrocarburos",2.01
Baja California Sur,Comondú,2024,Petrolífero,Pequeño Generador,Solventes,Residuos de solventes,0.04
Baja California Sur,La Paz,2024,Petrolero,Pequeño Generador,Aceites gastados,Lubricantes,0.7
Baja California Sur,La Paz,2024,Petrolero,Pequeño Generador,Otros,Otros residuos,1
Baja California Sur,La Paz,2024,Petrolero,Pequeño Generador,Otros,Otros residuos,1
Baja California Sur,La Paz,2024,Petrolero,Pequeño Generador,Residuos sólidos,Otros sólidos,1.35
Baja California Sur,La Paz,2024,Petrolero,Pequeño Generador,Residuos sólidos,Otros sólidos,1
Baja California Sur,La Paz,2024,Petrolero,Pequeño Generador,Solventes,Orgánicos,0.2
Baja California Sur,La Paz,2024,Petrolífero,Microgenerador,Lodos,Lodos aceitosos,0.27
Baja California Sur,La Paz,2024,Petrolífero,Microgenerador,Residuos sólidos,"Estopa, trapo, plásticos, cartón, madera, brochas, papel, cepillo, etc., impregnados con pinturas, grasas, aceites, hidrocarburos",0.13
Baja California Sur,Los Cabos,2024,Petrolífero,Pequeño Generador,Gasolina y otros combustibles,"Gasolina, diesel y naftas gastados o sucios",1.2
Baja California Sur,Los Cabos,2024,Petrolífero,Pequeño Generador,Residuos sólidos,"Estopa, trapo, plásticos, cartón, madera, brochas, papel, cepillo, etc., impregnados con pinturas, grasas, aceites, hidrocarburos",0.75
Campeche,Sin Dato,2017,Petroleo y petroquimica,Gran Generador,Lodos,Lodos del separador api y carcamos en la refinacion de petroleo y almacenamiento de productos derivadosos,2
Campeche,Sin Dato,2017,Petrolero,Microgenerador,Aceites gastados,Lubricantes,0.1
Campeche,Sin Dato,2017,Petrolero,Microgenerador,Liquidos de proceso,"Agua contaminada con hidrocarburos, combustibles, aceite o grasa",0.1
Campeche,Sin Dato,2017,Petrolero,Microgenerador,Lodos aceitosos,"Con contaminacion de hidrocarburos, combustibles, aceite",0.25
Campeche,Sin Dato,2017,Petrolero,Microgenerador,Residuos solidos,"Estopa, trapo, plasticos, carton, madera, brochas, papel, cepillo, etc., impregnados con pinturas, grasas, aceites, hidrocarburos",0.19
Campeche,Sin Dato,2017,Petrolero,Pequeno Generador,Lodos aceitosos,Lodos procedentes de trampas de grasas e hidrocarburos,0.4
Campeche,Sin Dato,2017,Petrolero,Pequeno Generador,Material textil,"Telas, felpas, estopas",0.04
Campeche,Sin Dato,2017,Petrolero,Pequeno Generador,Residuos solidos,"Estopa, trapo, plasticos, carton, madera, brochas, papel, cepillo, etc., impregnados con pinturas, grasas, aceites, hidrocarburos",0.04
Campeche,Sin Dato,2017,Petrolero,Gran Generador,Aceites gastados,Lubricantes,30
Campeche,Sin Dato,2017,Petrolero,Gran Generador,"Baterias, celdas y pilas",Pilas o baterias zinc-oxido de plata usadas o desechada,1
Campeche,Sin Dato,2017,Petrolero,Gran Generador,Biológico-infecciosos,Objetos punzocortantes,0.1
Campeche,Sin Dato,2017,Petrolero,Gran Generador,"Gasolina, diesel y naftas gastados o sucios provenientes de estaciónes de servicio y talleres automotrices",No especificado,5
Campeche,Sin Dato,2017,Petrolero,Gran Generador,Liquidos de proceso,"Agua contaminada con hidrocarburos, combustibles, aceite o grasa",20
Campeche,Sin Dato,2017,Petrolero,Gran Generador,Lodos aceitosos,No especificado,50
Campeche,Sin Dato,2017,Petrolero,Gran Generador,Material textil,"Telas, felpas, estopas",15
Campeche,Sin Dato,2017,Petrolero,Gran Generador,Productos químicos caducos,No especificado,5
Campeche,Sin Dato,2017,Petrolero,Gran Generador,Residuos de pigmentos base cromo y base plomo,No especificado,10
Campeche,Sin Dato,2017,Petrolero,Gran Generador,Residuos solidos,Lampara fluorescentes,1
Campeche,Sin Dato,2017,Petrolero,Gran Generador,Residuos solidos,Otros solidos,4500
Campeche,Sin Dato,2017,Petrolero,Gran Generador,Otros,No especificado,5
Campeche,Sin Dato,2017,Petroleo y petroquimica,Gran Generador,Aceites gastados,Lubricantes,1
Campeche,Sin Dato,2017,Petroleo y petroquimica,Gran Generador,"Baterias, celdas y pilas","Pilas, baterias, acumuladores, celdas de desecho: niquel-cadmio, plomo, mercurio",1
Campeche,Sin Dato,2017,Petroleo y petroquimica,Gran Generador,Lodos,Lodos provenientes de tanques de almacenaniento,8
Campeche,Sin Dato,2017,Petroleo y petroquimica,Gran Generador,Pinturas y productos relacionados,"Residuos de pinturas, pinturas caducadas",0.5
Campeche,Sin Dato,2017,Petroleo y petroquimica,Gran Generador,Residuos solidos,"Botes o recipientes que contuvieron contaminantes diversos, latas de pintura, aerosoles",0.5
Campeche,Sin Dato,2017,Petroleo y petroquimica,Gran Generador,Residuos solidos,"Estopa, trapo, plasticos, carton, madera, brochas, papel, cepillo, etc., impregnados con pinturas, grasas, aceites, hidrocarburos",1
Campeche,Sin Dato,2017,Petroleo y petroquimica,Gran Generador,Residuos solidos,Lampara fluorescentes,0.2
Campeche,Sin Dato,2017,Petrolero,Gran Generador,Biológico-infecciosos,Residuos no anatomicos,0.1
Campeche,Sin Dato,2017,Petrolero,Gran Generador,Solventes,Solventes organicos usados,0.1
Campeche,Sin Dato,2018,Petrolifero,Microgenerador,Lodos Contaminados con Hidrocarburos,Lodos con aceite y restos de hidrocarburos,0.36
Campeche,Sin Dato,2018,Petrolifero,Microgenerador,Solidos contaminados con hidrocarburos diversos,"Filtros, mangueras, envases, botes, cubetas, contenedores, trapos, guantes, carton, aserrin, material absorbente,Estopas y trapos impregnados con combustible, Envases vacios impregnados de aceite",0.36
Campeche,Sin Dato,2018,Petrolifero,Pequeno generador,Aceites gastados (Lubricantes),Aceites gastados lubricantes,1.52
Campeche,Sin Dato,2018,Petrolifero,Pequeno generador,Baterias alcalinas,Pilas alcalinas,0
Campeche,Sin Dato,2018,Petrolifero,Pequeno generador,Filtro de aire o aceite contaminados,Filtros de aire usados,0.28
Campeche,Sin Dato,2018,Petrolifero,Pequeno generador,"Gasolina, Diesel y Naftas gastados o sucios","Gasolina, Diesel y Naftas gastados o sucios provenientes de Estaciones de Servicio y Talleres Automotrices",0.03
Campeche,Sin Dato,2018,Petrolifero,Pequeno generador,Lamparas fluorescentes y de vapor de mercurio,Lamparas fluorescentes y de vapor de mercurio,0.03
Campeche,Sin Dato,2018,Petrolifero,Pequeno generador,Liquidos residuales de proceso corrosivos,Agua con Sustancias corrosivas acidas,0.35
Campeche,Sin Dato,2018,Petrolifero,Pequeno generador,Liquidos residuales de proceso no corrosivos,Agua con hidrocaruros,7
Campeche,Sin Dato,2018,Petrolifero,Pequeno generador,Lodos Contaminados con Hidrocarburos,Lodos con aceite y restos de hidrocarburos,16.76
Campeche,Sin Dato,2018,Petrolifero,Pequeno generador,Pilas o Baterias con Litio o Cadmio,Pilas Niquel-Cadmio,0
Campeche,Sin Dato,2018,Petrolifero,Pequeno generador,Solidos contaminados con hidrocarburos diversos,"Filtros, mangueras, envases, botes, cubetas, contenedores, trapos, guantes, carton, aserrin, material absorbente,Estopas y trapos impregnados con combustible, Envases vacios impregnados de aceite",2.44
Campeche,Sin Dato,2018,Petrolifero,Pequeno generador,Solventes Gastados,Residuos de solventes,0.61
Campeche,Sin Dato,2019,Petrolifero,Microgenerador,Lodos,Lodos aceitosos,0
Campeche,Sin Dato,2019,Petrolifero,Microgenerador,Residuos solidos,"Estopa, trapo, plásticos, cartón, madera, brochas, papel, cepillo, etc., impregnados con pinturas, grasas, aceites, hidrocarburos",0
Campeche,Sin Dato,2019,Petrolifero,Pequeno Generador,Aceites gastados,Lubricantes,0
Campeche,Sin Dato,2019,Petrolifero,Pequeno Generador,"Baterias, celdas y pilas",Pilas alcalinas,0
Campeche,Sin Dato,2019,Petrolifero,Pequeno Generador,"Baterias, celdas y pilas",Pilas o baterias de Niquel - Cadmio,0
Campeche,Sin Dato,2019,Petrolifero,Pequeno Generador,"Gasolina, diesel y naftas gastados o sucios provenientes de estaciónes de servicio y talleres automotrices","Gasolina, diesel y naftas gastados o sucios provenientes de estaciones de servicio y talleres automotrices",0
Campeche,Sin Dato,2019,Petrolifero,Pequeno Generador,Liquidos de proceso,Corrosivos,0
Campeche,Sin Dato,2019,Petrolifero,Pequeno Generador,Liquidos de proceso,Liquidos con residuos de hidrocarburos,0
Campeche,Sin Dato,2019,Petrolifero,Pequeno Generador,Lodos,Lodos aceitosos,0
Campeche,Sin Dato,2019,Petrolifero,Pequeno Generador,Residuos solidos,"Estopa, trapo, plásticos, cartón, madera, brochas, papel, cepillo, etc., impregnados con pinturas, grasas, aceites, hidrocarburos",0
Campeche,Sin Dato,2019,Petrolifero,Pequeno Generador,Residuos solidos,Filtro de aire o de aceite contaminados,0
Campeche,Sin Dato,2019,Petrolifero,Pequeno Generador,Residuos solidos,Lámpara fluorescentes,0
Campeche,Sin Dato,2019,Petrolifero,Pequeno Generador,Solventes,Residuos de solventes,0
Campeche,Sin Dato,2020,Petrolifero,Microgenerador,Aceites lubricantes,Aceites gastados lubricantes,0.24
Campeche,Sin Dato,2020,Petrolifero,Microgenerador,Líquidos de proceso,Aguas aceitosas,0.14
Campeche,Sin Dato,2020,Petrolifero,Microgenerador,"Baterias, pilas y balastras","Baterias, pilas y balastras",0.003
Campeche,Sin Dato,2020,Petrolifero,Microgenerador,Lámparas fluorescentes y de vapor de mercurio,Lámparas fluorescentes y de vapor de mercurio,0.003
Campeche,Sin Dato,2020,Petrolifero,Microgenerador,Lodos,Lodos aceitosos,1.347
Campeche,Sin Dato,2020,Petrolifero,Microgenerador,Residuos sólidos,"Estopa, trapo, plásticos, cartón, madera, brochas, papel, cepillo, etc., impregnados con pinturas, grasas, aceites, hidrocarburos",1.109
Campeche,Sin Dato,2020,Petrolifero,Pequeno Generador,Aceites lubricantes,Aceites gastados lubricantes,5.172
Campeche,Sin Dato,2020,Petrolifero,Pequeno Generador,Líquidos de proceso,Aguas aceitosas,3.1
Campeche,Sin Dato,2020,Petrolifero,Pequeno Generador,"Baterias, pilas y balastras","Baterias, pilas y balastras",0.006
Campeche,Sin Dato,2020,Petrolifero,Pequeno Generador,Lámparas fluorescentes y de vapor de mercurio,Lámparas fluorescentes y de vapor de mercurio,0.01
Campeche,Sin Dato,2020,Petrolifero,Pequeno Generador,Lodos,Lodos aceitosos,2.315
Campeche,Sin Dato,2020,Petrolifero,Pequeno Generador,Residuos sólidos,"Estopa, trapo, plásticos, cartón, madera, brochas, papel, cepillo, etc., impregnados con pinturas, grasas, aceites, hidrocarburos",3.99
Campeche,Sin Dato,2021,Petrolifero,Microgenerador,Aceites gastados,Lubricantes,0.24
Campeche,Sin Dato,2021,Petrolifero,Microgenerador,"baterias, celdas y pilas","Baterias, pilas y balastras",0
Campeche,Sin Dato,2021,Petrolifero,Microgenerador,Otros,"Agua oleosa, agua contaminada",0.14
Campeche,Sin Dato,2021,Petrolifero,Microgenerador,Residuos solidos,"Estopa, trapo, plásticos, cartón, madera, brochas, papel, cepillo, etc., impregnados con pinturas, grasas, aceites, hidrocarburos",1.11
Campeche,Sin Dato,2021,Petrolifero,Microgenerador,Residuos solidos,"Lámparas fluorescentes, lámparas de vapor de mercurio",0
Campeche,Sin Dato,2021,Petrolifero,Microgenerador,Lodos,Lodos aceitosos,1.35
Campeche,Sin Dato,2021,Petrolifero,Pequeno Generador,Aceites gastados,Lubricantes,5.17
Campeche,Sin Dato,2021,Petrolifero,Pequeno Generador,"baterias, celdas y pilas","Baterias, pilas y balastras",0.01
Campeche,Sin Dato,2021,Petrolifero,Pequeno Generador,Otros,"Agua oleosa, agua contaminada",3.1
Campeche,Sin Dato,2021,Petrolifero,Pequeno Generador,Residuos solidos,"Estopa, trapo, plásticos, cartón, madera, brochas, papel, cepillo, etc., impregnados con pinturas, grasas, aceites, hidrocarburos",3.99
Campeche,Sin Dato,2021,Petrolifero,Pequeno Generador,Residuos solidos,"Lámparas fluorescentes, lámparas de vapor de mercurio",0.01
Campeche,Sin Dato,2021,Petrolifero,Pequeno Generador,Lodos,Lodos aceitosos,2.32
Campeche,Campeche,2022,Petrolífero,Microgenerador,Lodos,Lodos aceitosos,0.28
Campeche,Campeche,2022,Petrolífero,Microgenerador,Residuos sólidos,"Estopa, trapo, plásticos, cartón, madera, brochas, papel, cepillo, etc., impregnados con pinturas, grasas, aceites, hidrocarburos",0.07
Campeche,Carmen,2022,Petrolero,Gran Generador,Biológico-infecciosos,Residuos no anatómicos,0.01
Campeche,Carmen,2022,Petrolero,Gran Generador,Lodos,Lodos aceitosos,66
Campeche,Carmen,2022,Petrolero,Gran Generador,Otros,Otros sólidos,0.01
Campeche,Carmen,2022,Petrolero,Gran Generador,Residuos sólidos,Con metales pesados,0.06
Campeche,Carmen,2022,Petrolero,Gran Generador,Residuos sólidos,Con metales pesados,0.03
Campeche,Carmen,2022,Petrolero,Gran Generador,Residuos sólidos,Otros sólidos,14.04
Campeche,Carmen,2022,Petrolero,Gran Generador,Residuos sólidos,Otros sólidos,3.4
Campeche,Carmen,2022,Petrolero,Gran Generador,Residuos sólidos,Otros sólidos,9.28
Campeche,Carmen,2022,Petrolero,Gran Generador,Residuos sólidos,"Telas, pieles o asbesto",0.7
Campeche,Carmen,2022,Petrolero,Gran Generador,Solventes,Orgánicos,0.31
Campeche,Carmen,2022,Petrolero,Gran Generador,Sustancias corrosivas,Ácidos,0.01
Campeche,Carmen,2022,Petrolero,Gran Generador,Sustancias corrosivas,Alcalis,0.01
Campeche,Carmen,2022,Petrolífero,Microgenerador,Lodos,Lodos aceitosos,0.2
Campeche,Carmen,2022,Petrolífero,Microgenerador,Residuos sólidos,"Estopa, trapo, plásticos, cartón, madera, brochas, papel, cepillo, etc., impregnados con pinturas, grasas, aceites, hidrocarburos",0.2
Campeche,Escárcega,2022,Petrolero,Microgenerador,Lodos,Lodos aceitosos,0.18
Campeche,Escárcega,2022,Petrolero,Microgenerador,Residuos sólidos,"Estopa, trapo, plásticos, cartón, madera, brochas, papel, cepillo, etc., impregnados con pinturas, grasas, aceites, hidrocarburos",0.01
Campeche,Campeche,2023,Petrolífero,Pequeño Generador,Aceites gastados,Lubricantes,0.05
Campeche,Campeche,2023,Petrolífero,Pequeño Generador,Lodos,Lodos aceitosos,0.32
Campeche,Campeche,2023,Petrolífero,Pequeño Generador,Residuos sólidos,"Estopa, trapo, plásticos, cartón, madera, brochas, papel, cepillo, etc., impregnados con pinturas, grasas, aceites, hidrocarburos",0.05
Campeche,Carmen,2023,Petrolífero,Microgenerador,Lodos,Lodos aceitosos,0.13
Campeche,Carmen,2023,Petrolífero,Microgenerador,Residuos sólidos,"Estopa, trapo, plásticos, cartón, madera, brochas, papel, cepillo, etc., impregnados con pinturas, grasas, aceites, hidrocarburos",0.05
Campeche,Carmen,2023,Petrolífero,Pequeño Generador,Aceites gastados,Lubricantes,0.06
Campeche,Carmen,2023,Petrolífero,Pequeño Generador,Agua contaminada,"Agua contaminada con hidrocarburos, combustibles, aceite o grasa",1.6
Campeche,Carmen,2023,Petrolífero,Pequeño Generador,Lodos,Lodos aceitosos,1.37
Campeche,Carmen,2023,Petrolífero,Pequeño Generador,Residuos sólidos,"Estopa, trapo, plásticos, cartón, madera, brochas, papel, cepillo, etc., impregnados con pinturas, grasas, aceites, hidrocarburos",1.39
Campeche,Carmen,2023,Petrolífero,Pequeño Generador,Residuos sólidos,"Estopa, trapo, plásticos, cartón, madera, brochas, papel, cepillo, etc., impregnados con pinturas, grasas, aceites, hidrocarburos",3.76
Campeche,Champotón,2023,Petrolífero,Microgenerador,Aceites gastados,Lubricantes,0.01
Campeche,Champotón,2023,Petrolífero,Microgenerador,Lodos,Lodos aceitosos,0.32
Campeche,Champotón,2023,Petrolífero,Microgenerador,Residuos sólidos,"Estopa, trapo, plásticos, cartón, madera, brochas, papel, cepillo, etc., impregnados con pinturas, grasas, aceites, hidrocarburos",0.23
Campeche,Sin Dato,2023,Petrolero,Gran Generador,Aceites gastados,Hidráulicos,16.55
Campeche,Sin Dato,2023,Petrolero,Gran Generador,Aceites gastados,Lubricantes,59.4
Campeche,Sin Dato,2023,Petrolero,Gran Generador,"Baterías, celdas y pilas","Baterias, pilas y balastras",0.2
Campeche,Sin Dato,2023,Petrolero,Gran Generador,Biológico-infecciosos,Objetos punzocortantes,0.01
Campeche,Sin Dato,2023,Petrolero,Gran Generador,Biológico-infecciosos,Residuos no anatómicos,0
Campeche,Sin Dato,2023,Petrolero,Gran Generador,Líquidos de proceso,Líquidos residuales de proceso,0.3
Campeche,Sin Dato,2023,Petrolero,Gran Generador,Otros,Otros residuos,1049
Campeche,Sin Dato,2023,Petrolero,Gran Generador,Otros,Otros residuos,680
Campeche,Sin Dato,2023,Petrolero,Gran Generador,Residuos sólidos,"Estopa, trapo, plásticos, cartón, madera, brochas, papel, cepillo, etc., impregnados con pinturas, grasas, aceites, hidrocarburos",12.9
Campeche,Sin Dato,2023,Petrolero,Gran Generador,Residuos sólidos,Otros sólidos,5
Campeche,Sin Dato,2023,Petrolero,Gran Generador,Residuos sólidos,Otros sólidos,5201
Campeche,Calkiní,2024,Petrolífero,Microgenerador,Gasolina y otros combustibles,"Gasolina, diesel y naftas gastados o sucios",0.1
Campeche,Calkiní,2024,Petrolífero,Microgenerador,Lodos,Lodos aceitosos,0.28
Campeche,Calkiní,2024,Petrolífero,Microgenerador,Residuos sólidos,"Estopa, trapo, plásticos, cartón, madera, brochas, papel, cepillo, etc., impregnados con pinturas, grasas, aceites, hidrocarburos",0.34
Campeche,Campeche,2024,Petrolífero,Microgenerador,Lodos,Lodos aceitosos,0.28
Campeche,Campeche,2024,Petrolífero,Microgenerador,Residuos sólidos,"Estopa, trapo, plásticos, cartón, madera, brochas, papel, cepillo, etc., impregnados con pinturas, grasas, aceites, hidrocarburos",0.14
Campeche,Carmen,2024,Petrolero,Gran Generador,Aceites gastados,Hidráulicos,215
Campeche,Carmen,2024,Petrolero,Gran Generador,Aceites gastados,Lubricantes,13.6
Campeche,Carmen,2024,Petrolero,Gran Generador,Agua contaminada,"Agua contaminada con hidrocarburos, combustibles, aceite o grasa",360
Campeche,Carmen,2024,Petrolero,Gran Generador,Agua contaminada,"Agua contaminada con hidrocarburos, combustibles, aceite o grasa",220
Campeche,Carmen,2024,Petrolero,Gran Generador,Agua contaminada,Lodos aceitosos,260
Campeche,Carmen,2024,Petrolero,Gran Generador,Agua contaminada,Lubricantes,60
Campeche,Carmen,2024,Petrolero,Gran Generador,"Baterías, celdas, pilas, balastras","Baterias, pilas, acumuladores, balastras",0.4
Campeche,Carmen,2024,Petrolero,Gran Generador,Biológico-infecciosos,Residuos no anatómicos,0.6
Campeche,Carmen,2024,Petrolero,Gran Generador,Lodos,Lodos aceitosos,215
Campeche,Carmen,2024,Petrolero,Gran Generador,Lodos,"Lodos residuales de proceso, de tratamiento de aguas residuales",0.3
Campeche,Carmen,2024,Petrolero,Gran Generador,Otros,Otros residuos,2
Campeche,Carmen,2024,Petrolero,Gran Generador,Residuos sólidos,"Estopa, trapo, plásticos, cartón, madera, brochas, papel, cepillo, etc., impregnados con pinturas, grasas, aceites, hidrocarburos",135
Campeche,Carmen,2024,Petrolero,Gran Generador,Residuos sólidos,"Lámparas fluorescentes, lámparas de vapor de mercurio",1
Campeche,Carmen,2024,Petrolero,Gran Generador,Residuos sólidos,"Materiales explosivos, pirotécnicos",0.3
Campeche,Carmen,2024,Petrolero,Gran Generador,Solventes,Residuos de solventes,14.5
Campeche,Carmen,2024,Petrolífero,Pequeño Generador,Agua contaminada,"Agua contaminada con hidrocarburos, combustibles, aceite o grasa",1.6
Campeche,Carmen,2024,Petrolífero,Pequeño Generador,Lodos,Lodos aceitosos,1
Campeche,Carmen,2024,Petrolífero,Pequeño Generador,Residuos sólidos,"Estopa, trapo, plásticos, cartón, madera, brochas, papel, cepillo, etc., impregnados con pinturas, grasas, aceites, hidrocarburos",0.4
Campeche,Champotón,2024,Petrolífero,Microgenerador,Lodos,Lodos aceitosos,0.51
Campeche,Champotón,2024,Petrolífero,Microgenerador,Residuos sólidos,"Estopa, trapo, plásticos, cartón, madera, brochas, papel, cepillo, etc., impregnados con pinturas, grasas, aceites, hidrocarburos",0.41
Campeche,Champotón,2024,Petrolífero,Gran Generador,Lodos,Lodos aceitosos,3.74
Campeche,Champotón,2024,Petrolífero,Gran Generador,Residuos sólidos,"Estopa, trapo, plásticos, cartón, madera, brochas, papel, cepillo, etc., impregnados con pinturas, grasas, aceites, hidrocarburos",8.54
Campeche,Hopelchén,2024,Petrolífero,Microgenerador,Lodos,Lodos aceitosos,0.04
Campeche,Hopelchén,2024,Petrolífero,Microgenerador,Residuos sólidos,"Estopa, trapo, plásticos, cartón, madera, brochas, papel, cepillo, etc., impregnados con pinturas, grasas, aceites, hidrocarburos",0.08
Campeche,Escárcega,2024,Petrolífero,Microgenerador,Lodos,Lodos aceitosos,0.35
Campeche,Escárcega,2024,Petrolífero,Microgenerador,Residuos sólidos,"Estopa, trapo, plásticos, cartón, madera, brochas, papel, cepillo, etc., impregnados con pinturas, grasas, aceites, hidrocarburos",0.28
Campeche,Calakmul,2024,Petrolífero,Pequeño Generador,Aceites gastados,Hidráulicos,0.07
Campeche,Calakmul,2024,Petrolífero,Pequeño Generador,Gasolina y otros combustibles,"Gasolina, diesel y naftas gastados o sucios",0.25
Campeche,Calakmul,2024,Petrolífero,Pequeño Generador,Lodos,Lodos aceitosos,0.42
Campeche,Calakmul,2024,Petrolífero,Pequeño Generador,Residuos sólidos,"Estopa, trapo, plásticos, cartón, madera, brochas, papel, cepillo, etc., impregnados con pinturas, grasas, aceites, hidrocarburos",2.01
Coahuila,Sin Dato,2020,Petrolifero,Microgenerador,Aceites lubricantes,Aceites gastados lubricantes,0.4616
Coahuila,Sin Dato,2020,Petrolifero,Microgenerador,Líquidos de proceso,Aguas aceitosas,0.564
Coahuila,Sin Dato,2020,Petrolifero,Microgenerador,"Baterias, pilas y balastras","Baterias, pilas y balastras",0.74
Coahuila,Sin Dato,2020,Petrolifero,Microgenerador,"Gasollina, diésel y naftas gastados","Gasollina, diésel y naftas gastados",0.005
Coahuila,Sin Dato,2020,Petrolifero,Microgenerador,Lámparas fluorescentes y de vapor de mercurio,Lámparas fluorescentes y de vapor de mercurio,0.03755
Coahuila,Sin Dato,2020,Petrolifero,Microgenerador,Lodos,Lodos aceitosos,3.09375
Coahuila,Sin Dato,2020,Petrolifero,Microgenerador,Natas de pintura,Natas de pintura,0.221
Coahuila,Sin Dato,2020,Petrolifero,Microgenerador,Residuos sólidos,"Estopa, trapo, plásticos, cartón, madera, brochas, papel, cepillo, etc., impregnados con pinturas, grasas, aceites, hidrocarburos",3.7144
Coahuila,Sin Dato,2020,Petrolifero,Pequeno Generador,Aceites hidraúlicos,Aceites gastados hidráulicos,0.1
Coahuila,Sin Dato,2020,Petrolifero,Pequeno Generador,Aceites lubricantes,Aceites gastados lubricantes,11.1844
Coahuila,Sin Dato,2020,Petrolifero,Pequeno Generador,Líquidos de proceso,Aguas aceitosas,59.2445
Coahuila,Sin Dato,2020,Petrolifero,Pequeno Generador,"Baterias, pilas y balastras","Baterias, pilas y balastras",6.272
Coahuila,Sin Dato,2020,Petrolifero,Pequeno Generador,"Gasollina, diésel y naftas gastados","Gasollina, diésel y naftas gastados",1.22
Coahuila,Sin Dato,2020,Petrolifero,Pequeno Generador,Lámparas fluorescentes y de vapor de mercurio,Lámparas fluorescentes y de vapor de mercurio,0.1047
Coahuila,Sin Dato,2020,Petrolifero,Pequeno Generador,Lodos,Lodos aceitosos,4.6
Coahuila,Sin Dato,2020,Petrolifero,Pequeno Generador,Natas de pintura,Natas de pintura,2.075
Coahuila,Sin Dato,2020,Petrolifero,Pequeno Generador,Residuos sólidos,"Estopa, trapo, plásticos, cartón, madera, brochas, papel, cepillo, etc., impregnados con pinturas, grasas, aceites, hidrocarburos",33.84313
Coahuila,Acuña,2022,Petrolífero,Microgenerador,Aceites gastados,Lubricantes,0.01
Coahuila,Acuña,2022,Petrolífero,Microgenerador,Otros,Otros residuos,0
Coahuila,Acuña,2022,Petrolífero,Microgenerador,Residuos sólidos,Otros sólidos,0
Coahuila,Acuña,2022,Petrolífero,Microgenerador,Residuos sólidos,Otros sólidos,0.01
Coahuila,Acuña,2022,Petrolífero,Microgenerador,Residuos sólidos,Otros sólidos,0.01
Coahuila,Monclova,2022,Petrolero,Microgenerador,Aceites gastados,Lubricantes,0.01
Coahuila,Monclova,2022,Petrolero,Microgenerador,Otros,Otros residuos,0
Coahuila,Monclova,2022,Petrolero,Microgenerador,Residuos sólidos,Otros sólidos,0
Coahuila,Monclova,2022,Petrolero,Microgenerador,Residuos sólidos,Otros sólidos,0.01
Coahuila,Monclova,2022,Petrolero,Microgenerador,Residuos sólidos,Otros sólidos,0.01
Coahuila,Sin Dato,2017,Petrolero,Microgenerador,Aceites gastados,Hidraulicos,0.06
Coahuila,Sin Dato,2017,Petrolero,Microgenerador,Liquidos de proceso,"Agua contaminada con hidrocarburos, combustibles, aceite o grasa",0.74
Coahuila,Sin Dato,2017,Petrolero,Microgenerador,Lodos,"Lodos residuales de proceso, de tratamiento de aguas residuales",0.11
Coahuila,Sin Dato,2017,Petrolero,Microgenerador,Lodos aceitosos,"Con contaminacion de hidrocarburos, combustibles, aceite",6.48
Coahuila,Sin Dato,2017,Petrolero,Microgenerador,Residuos solidos,"Botes o recipientes que contuvieron contaminantes diversos, latas de pintura, aerosoles",0.07
Coahuila,Sin Dato,2017,Petrolero,Microgenerador,Residuos solidos,"Estopa, trapo, plasticos, carton, madera, brochas, papel, cepillo, etc., impregnados con pinturas, grasas, aceites, hidrocarburos",2.54
Coahuila,Sin Dato,2017,Petrolero,Pequeno Generador,Aceites gastados,Lubricantes,2.18
Coahuila,Sin Dato,2017,Petrolero,Pequeno Generador,"Gasolina, diesel y naftas gastados o sucios provenientes de estaciónes de servicio y talleres automotrices","Mezclas de combustibles sucios, mezclas de hidrocarburos, naftas",4.8
Coahuila,Sin Dato,2017,Petrolero,Pequeno Generador,Liquidos de proceso,"Agua contaminada con hidrocarburos, combustibles, aceite o grasa",182.2
Coahuila,Sin Dato,2017,Petrolero,Pequeno Generador,Lodos,Lodos provenientes de tanques de almacenaniento,1.64
Coahuila,Sin Dato,2017,Petrolero,Pequeno Generador,Lodos aceitosos,"Con contaminacion de hidrocarburos, combustibles, aceite",6.08
Coahuila,Sin Dato,2017,Petrolero,Pequeno Generador,Residuos solidos,"Estopa, trapo, plasticos, carton, madera, brochas, papel, cepillo, etc., impregnados con pinturas, grasas, aceites, hidrocarburos",16.93
Coahuila,Sin Dato,2018,Petrolifero,Microgenerador,Aceites gastados (Hidraulicos),Aceite gastado hidraulico,0.03
Coahuila,Sin Dato,2018,Petrolifero,Microgenerador,Aceites gastados (Lubricantes),Aceites gastados lubricantes,0.03
Coahuila,Sin Dato,2018,Petrolifero,Microgenerador,Lamparas fluorescentes y de vapor de mercurio,Lamparas fluorescentes y de vapor de mercurio,0.09
Coahuila,Sin Dato,2018,Petrolifero,Microgenerador,Liquidos residuales de proceso no corrosivos,Agua con hidrocaruros,0.34
Coahuila,Sin Dato,2018,Petrolifero,Microgenerador,Lodos Contaminados con Hidrocarburos,Lodos de tanques de almacenamiento de hidrocarburos,4.49
Coahuila,Sin Dato,2018,Petrolifero,Microgenerador,Pilas o Baterias con Litio o Cadmio,Pilas Niquel-Cadmio,0.12
Coahuila,Sin Dato,2018,Petrolifero,Microgenerador,Solidos contaminados con hidrocarburos diversos,"Filtros, mangueras, envases, botes, cubetas, contenedores, trapos, guantes, carton, aserrin, material absorbente,Estopas y trapos impregnados con combustible, Envases vacios impregnados de aceite",2.62
Coahuila,Sin Dato,2018,Petrolifero,Pequeno generador,Aceites gastados (Lubricantes),Aceites gastados lubricantes,5.08
Coahuila,Sin Dato,2018,Petrolifero,Pequeno generador,Aceites gastados (Hidraulicos),Aceite gastado hidraulico,6
Coahuila,Sin Dato,2018,Petrolifero,Pequeno generador,Baterias alcalinas,Pilas alcalinas,0.21
Coahuila,Sin Dato,2018,Petrolifero,Pequeno generador,Filtro de aire o aceite contaminados,Filtros de aire usados,2.36
Coahuila,Sin Dato,2018,Petrolifero,Pequeno generador,Lamparas fluorescentes y de vapor de mercurio,Lamparas fluorescentes y de vapor de mercurio,1.75
Coahuila,Sin Dato,2018,Petrolifero,Pequeno generador,Liquidos residuales de proceso no corrosivos,Agua con hidrocaruros,264.5
Coahuila,Sin Dato,2018,Petrolifero,Pequeno generador,Lodos Contaminados con Hidrocarburos,Lodos de tanques de almacenamiento de hidrocarburos,100.71
Coahuila,Sin Dato,2018,Petrolifero,Pequeno generador,Pilas o Baterias con Litio o Cadmio,Pilas Niquel-Cadmio,0.3
Coahuila,Sin Dato,2018,Petrolifero,Pequeno generador,Solidos contaminados con hidrocarburos diversos,"Filtros, mangueras, envases, botes, cubetas, contenedores, trapos, guantes, carton, aserrin, material absorbente,Estopas y trapos impregnados con combustible, Envases vacios impregnados de aceite",40.21
Coahuila,Sin Dato,2019,Petrolifero,Microgenerador,Aceites gastados,hidraulicos,0
Coahuila,Sin Dato,2019,Petrolifero,Microgenerador,Aceites gastados,Lubricantes,0
Coahuila,Sin Dato,2019,Petrolifero,Microgenerador,"Baterias, celdas y pilas",Pilas o baterias de Niquel - Cadmio,0
Coahuila,Sin Dato,2019,Petrolifero,Microgenerador,Liquidos de proceso,Liquidos con residuos de hidrocarburos,0
Coahuila,Sin Dato,2019,Petrolifero,Microgenerador,Lodos,Lodos procedentes de trampas de grasas e hidrocarburos,0
Coahuila,Sin Dato,2019,Petrolifero,Microgenerador,Residuos solidos,"Estopa, trapo, plásticos, cartón, madera, brochas, papel, cepillo, etc., impregnados con pinturas, grasas, aceites, hidrocarburos",0
Coahuila,Sin Dato,2019,Petrolifero,Microgenerador,Residuos solidos,Lámpara fluorescentes,0
Coahuila,Sin Dato,2019,Petrolifero,Pequeno Generador,Aceites gastados,hidraulicos,0
Coahuila,Sin Dato,2019,Petrolifero,Pequeno Generador,Aceites gastados,Lubricantes,0
Coahuila,Sin Dato,2019,Petrolifero,Pequeno Generador,"Baterias, celdas y pilas",Pilas alcalinas,0
Coahuila,Sin Dato,2019,Petrolifero,Pequeno Generador,"Baterias, celdas y pilas",Pilas o baterias de Niquel - Cadmio,0
Coahuila,Sin Dato,2019,Petrolifero,Pequeno Generador,Liquidos de proceso,Liquidos con residuos de hidrocarburos,0
Coahuila,Sin Dato,2019,Petrolifero,Pequeno Generador,Lodos,Lodos procedentes de trampas de grasas e hidrocarburos,66.9
Coahuila,Sin Dato,2019,Petrolifero,Pequeno Generador,Residuos solidos,"Estopa, trapo, plásticos, cartón, madera, brochas, papel, cepillo, etc., impregnados con pinturas, grasas, aceites, hidrocarburos",5.4982
Coahuila,Sin Dato,2019,Petrolifero,Pequeno Generador,Residuos solidos,Filtro de aire o de aceite contaminados,0
Coahuila,Sin Dato,2019,Petrolifero,Pequeno Generador,Residuos solidos,Lámpara fluorescentes,0
Coahuila,Sin Dato,2021,Petrolifero,Microgenerador,Aceites gastados,Lubricantes,0.46
Coahuila,Sin Dato,2021,Petrolifero,Microgenerador,"baterias, celdas y pilas","Baterias, pilas y balastras",0.74
Coahuila,Sin Dato,2021,Petrolifero,Microgenerador,"Gasolina, diésel y naftas gastados o sucios provenientes de estaciones de servicio y talleres automotrices","Gasolina, diesel y naftas gastados o sucios",0.01
Coahuila,Sin Dato,2021,Petrolifero,Microgenerador,Otros,"Agua oleosa, agua contaminada",0.56
Coahuila,Sin Dato,2021,Petrolifero,Microgenerador,Pinturas y productos relacionados,"Residuos de pinturas, pinturas caducadas",0.22
Coahuila,Sin Dato,2021,Petrolifero,Microgenerador,Residuos solidos,"Estopa, trapo, plásticos, cartón, madera, brochas, papel, cepillo, etc., impregnados con pinturas, grasas, aceites, hidrocarburos",3.71
Coahuila,Sin Dato,2021,Petrolifero,Microgenerador,Residuos solidos,"Lámparas fluorescentes, lámparas de vapor de mercurio",0.04
Coahuila,Sin Dato,2021,Petrolifero,Microgenerador,Lodos,Lodos aceitosos,3.09
Coahuila,Sin Dato,2021,Petrolifero,Pequeno Generador,Aceites gastados,hidraulicos,0.1
Coahuila,Sin Dato,2021,Petrolifero,Pequeno Generador,Aceites gastados,Lubricantes,11.18
Coahuila,Sin Dato,2021,Petrolifero,Pequeno Generador,"baterias, celdas y pilas","Baterias, pilas y balastras",6.27
Coahuila,Sin Dato,2021,Petrolifero,Pequeno Generador,"Gasolina, diésel y naftas gastados o sucios provenientes de estaciones de servicio y talleres automotrices","Gasolina, diesel y naftas gastados o sucios",1.22
Coahuila,Sin Dato,2021,Petrolifero,Pequeno Generador,Otros,"Agua oleosa, agua contaminada",59.24
Coahuila,Sin Dato,2021,Petrolifero,Pequeno Generador,Pinturas y productos relacionados,"Residuos de pinturas, pinturas caducadas",2.08
Coahuila,Sin Dato,2021,Petrolifero,Pequeno Generador,Residuos solidos,"Estopa, trapo, plásticos, cartón, madera, brochas, papel, cepillo, etc., impregnados con pinturas, grasas, aceites, hidrocarburos",33.84
Coahuila,Sin Dato,2021,Petrolifero,Pequeno Generador,Residuos solidos,"Lámparas fluorescentes, lámparas de vapor de mercurio",0.1
Coahuila,Sin Dato,2021,Petrolifero,Pequeno Generador,Lodos,Lodos aceitosos,4.6
Coahuila,Frontera,2023,Petrolífero,Microgenerador,Lodos,Lodos aceitosos,0.3
Coahuila,Matamoros,2023,Petrolífero,Microgenerador,"Gasolina, diésel y naftas gastados o sucios provenientes de estaciones de servicio y talleres automotrices","Gasolina, diesel y naftas gastados o sucios",0.03
Coahuila,Matamoros,2023,Petrolífero,Microgenerador,Residuos sólidos,"Estopa, trapo, plásticos, cartón, madera, brochas, papel, cepillo, etc., impregnados con pinturas, grasas, aceites, hidrocarburos",0.1
Coahuila,Monclova,2023,Petrolífero,Microgenerador,Agua contaminada,"Agua contaminada con hidrocarburos, combustibles, aceite o grasa",0.09
Coahuila,Monclova,2023,Petrolífero,Microgenerador,"Baterías, celdas y pilas","Baterias, pilas y balastras",0.02
Coahuila,Monclova,2023,Petrolífero,Microgenerador,Lodos,Lodos aceitosos,0.06
Coahuila,Monclova,2023,Petrolífero,Microgenerador,Residuos sólidos,"Estopa, trapo, plásticos, cartón, madera, brochas, papel, cepillo, etc., impregnados con pinturas, grasas, aceites, hidrocarburos",0.02
Coahuila,Múzquiz,2023,Petrolífero,Microgenerador,Lodos,Lodos aceitosos,0.45
Coahuila,Ocampo,2023,Petrolífero,Microgenerador,Agua contaminada,"Agua contaminada con hidrocarburos, combustibles, aceite o grasa",0.1
Coahuila,Ocampo,2023,Petrolífero,Microgenerador,Lodos,Lodos aceitosos,0.07
Coahuila,Ocampo,2023,Petrolífero,Microgenerador,Residuos sólidos,"Estopa, trapo, plásticos, cartón, madera, brochas, papel, cepillo, etc., impregnados con pinturas, grasas, aceites, hidrocarburos",0.05
Coahuila,Piedras Negras,2023,Petrolífero,Microgenerador,Agua contaminada,"Agua contaminada con hidrocarburos, combustibles, aceite o grasa",0.1
Coahuila,Piedras Negras,2023,Petrolífero,Microgenerador,Lodos,Lodos aceitosos,0.25
Coahuila,Piedras Negras,2023,Petrolífero,Microgenerador,Residuos sólidos,"Estopa, trapo, plásticos, cartón, madera, brochas, papel, cepillo, etc., impregnados con pinturas, grasas, aceites, hidrocarburos",0.05
Coahuila,Ramos Arizpe,2023,Petrolífero,Microgenerador,Agua contaminada,"Agua contaminada con hidrocarburos, combustibles, aceite o grasa",0.2
Coahuila,Ramos Arizpe,2023,Petrolífero,Microgenerador,"Baterías, celdas y pilas","Baterias, pilas y balastras",0.01
Coahuila,Ramos Arizpe,2023,Petrolífero,Microgenerador,Lodos,Lodos aceitosos,0.11
Coahuila,Ramos Arizpe,2023,Petrolífero,Microgenerador,Residuos sólidos,"Estopa, trapo, plásticos, cartón, madera, brochas, papel, cepillo, etc., impregnados con pinturas, grasas, aceites, hidrocarburos",0.02
Coahuila,Ramos Arizpe,2023,Petrolífero,Pequeño Generador,Lodos,Lodos aceitosos,0.49
Coahuila,Ramos Arizpe,2023,Petrolífero,Pequeño Generador,Residuos sólidos,"Estopa, trapo, plásticos, cartón, madera, brochas, papel, cepillo, etc., impregnados con pinturas, grasas, aceites, hidrocarburos",0.18
Coahuila,Sabinas,2023,Petrolífero,Microgenerador,Lodos,Lodos aceitosos,0.4
Coahuila,Saltillo,2023,Petrolífero,Microgenerador,Residuos sólidos,"Estopa, trapo, plásticos, cartón, madera, brochas, papel, cepillo, etc., impregnados con pinturas, grasas, aceites, hidrocarburos",0.02
Coahuila,Saltillo,2023,Petrolífero,Microgenerador,Residuos sólidos,"Lámparas fluorescentes, lámparas de vapor de mercurio",0.04
Coahuila,Saltillo,2023,Petrolífero,Pequeño Generador,Aceites gastados,Lubricantes,0.1
Coahuila,Saltillo,2023,Petrolífero,Pequeño Generador,"Gasolina, diésel y naftas gastados o sucios provenientes de estaciones de servicio y talleres automotrices","Gasolina, diesel y naftas gastados o sucios",0.17
Coahuila,Saltillo,2023,Petrolífero,Pequeño Generador,Lodos,Lodos aceitosos,0.67
Coahuila,Saltillo,2023,Petrolífero,Pequeño Generador,Residuos sólidos,"Estopa, trapo, plásticos, cartón, madera, brochas, papel, cepillo, etc., impregnados con pinturas, grasas, aceites, hidrocarburos",0.21
Coahuila,Saltillo,2023,Petrolífero,Pequeño Generador,Solventes,Residuos de solventes,0.1
Coahuila,Torreón,2023,Petrolífero,Microgenerador,"Gasolina, diésel y naftas gastados o sucios provenientes de estaciones de servicio y talleres automotrices","Gasolina, diesel y naftas gastados o sucios",0.12
Coahuila,Torreón,2023,Petrolífero,Pequeño Generador,Lodos,Lodos aceitosos,1.45
Coahuila,Torreón,2023,Petrolífero,Pequeño Generador,Residuos sólidos,"Estopa, trapo, plásticos, cartón, madera, brochas, papel, cepillo, etc., impregnados con pinturas, grasas, aceites, hidrocarburos",0.03
Coahuila,Allende,2024,Petrolífero,Microgenerador,Agua contaminada,"Agua contaminada con hidrocarburos, combustibles, aceite o grasa",0.17
Coahuila,Allende,2024,Petrolífero,Microgenerador,"Baterías, celdas, pilas, balastras","Baterias, pilas, acumuladores, balastras",0
Coahuila,Allende,2024,Petrolífero,Microgenerador,Lodos,Lodos aceitosos,0.1
Coahuila,Allende,2024,Petrolífero,Microgenerador,Residuos sólidos,"Estopa, trapo, plásticos, cartón, madera, brochas, papel, cepillo, etc., impregnados con pinturas, grasas, aceites, hidrocarburos",0.06
Coahuila,Arteaga,2024,Petrolífero,Microgenerador,Lodos,Lodos aceitosos,0.05
Coahuila,Arteaga,2024,Petrolífero,Microgenerador,Residuos sólidos,"Estopa, trapo, plásticos, cartón, madera, brochas, papel, cepillo, etc., impregnados con pinturas, grasas, aceites, hidrocarburos",0.02
Coahuila,Arteaga,2024,Petrolífero,Pequeño Generador,Aceites gastados,Lubricantes,0.04
Coahuila,Arteaga,2024,Petrolífero,Pequeño Generador,Agua contaminada,"Agua contaminada con hidrocarburos, combustibles, aceite o grasa",6.1
Coahuila,Arteaga,2024,Petrolífero,Pequeño Generador,"Baterías, celdas, pilas, balastras","Baterias, pilas, acumuladores, balastras",0
Coahuila,Arteaga,2024,Petrolífero,Pequeño Generador,Lodos,Lodos aceitosos,0.13
Coahuila,Arteaga,2024,Petrolífero,Pequeño Generador,Residuos sólidos,"Estopa, trapo, plásticos, cartón, madera, brochas, papel, cepillo, etc., impregnados con pinturas, grasas, aceites, hidrocarburos",0.15
Coahuila,Arteaga,2024,Petrolífero,Pequeño Generador,Residuos sólidos,"Lámparas fluorescentes, lámparas de vapor de mercurio",0.18
Coahuila,Guerrero,2024,Petrolífero,Pequeño Generador,Aceites gastados,Lubricantes,0.5
Coahuila,Guerrero,2024,Petrolífero,Pequeño Generador,Agua contaminada,"Agua contaminada con hidrocarburos, combustibles, aceite o grasa",1
Coahuila,Guerrero,2024,Petrolífero,Pequeño Generador,Lodos,Lodos aceitosos,0.7
Coahuila,Guerrero,2024,Petrolífero,Pequeño Generador,Residuos sólidos,"Estopa, trapo, plásticos, cartón, madera, brochas, papel, cepillo, etc., impregnados con pinturas, grasas, aceites, hidrocarburos",3.8
Coahuila,Guerrero,2024,Petrolífero,Pequeño Generador,Residuos sólidos,"Lámparas fluorescentes, lámparas de vapor de mercurio",0.2
Coahuila,Guerrero,2024,Petrolífero,Pequeño Generador,Solventes,Residuos de solventes,0.2
Coahuila,Monclova,2024,Petrolífero,Microgenerador,Agua contaminada,"Agua contaminada con hidrocarburos, combustibles, aceite o grasa",0.03
Coahuila,Monclova,2024,Petrolífero,Microgenerador,Lodos,Lodos aceitosos,0.03
Coahuila,Monclova,2024,Petrolífero,Microgenerador,Residuos sólidos,"Estopa, trapo, plásticos, cartón, madera, brochas, papel, cepillo, etc., impregnados con pinturas, grasas, aceites, hidrocarburos",0.05
Coahuila,Nava,2024,Petrolífero,Microgenerador,Agua contaminada,"Agua contaminada con hidrocarburos, combustibles, aceite o grasa",0.18
Coahuila,Nava,2024,Petrolífero,Microgenerador,"Baterías, celdas, pilas, balastras","Baterias, pilas, acumuladores, balastras",0
Coahuila,Nava,2024,Petrolífero,Microgenerador,Lodos,Lodos aceitosos,0.12
Coahuila,Nava,2024,Petrolífero,Microgenerador,Residuos sólidos,"Estopa, trapo, plásticos, cartón, madera, brochas, papel, cepillo, etc., impregnados con pinturas, grasas, aceites, hidrocarburos",0.07
Coahuila,Nava,2024,Petrolífero,Pequeño Generador,Aceites gastados,Lubricantes,0.65
Coahuila,Nava,2024,Petrolífero,Pequeño Generador,Agua contaminada,"Agua contaminada con hidrocarburos, combustibles, aceite o grasa",1
Coahuila,Nava,2024,Petrolífero,Pequeño Generador,Lodos,Lodos aceitosos,1.2
Coahuila,Nava,2024,Petrolífero,Pequeño Generador,Residuos sólidos,"Estopa, trapo, plásticos, cartón, madera, brochas, papel, cepillo, etc., impregnados con pinturas, grasas, aceites, hidrocarburos",5.3
Coahuila,Nava,2024,Petrolífero,Pequeño Generador,Residuos sólidos,"Lámparas fluorescentes, lámparas de vapor de mercurio",0.2
Coahuila,Nava,2024,Petrolífero,Pequeño Generador,Solventes,Residuos de solventes,0.21
Coahuila,Parras,2024,Petrolífero,Pequeño Generador,Lodos,Lodos aceitosos,1.5
Coahuila,Parras,2024,Petrolífero,Pequeño Generador,Residuos sólidos,"Estopa, trapo, plásticos, cartón, madera, brochas, papel, cepillo, etc., impregnados con pinturas, grasas, aceites, hidrocarburos",0.5
Coahuila,Ramos Arizpe,2024,Petrolífero,Microgenerador,Lodos,Lodos aceitosos,0.05
Coahuila,Ramos Arizpe,2024,Petrolífero,Microgenerador,Residuos sólidos,"Estopa, trapo, plásticos, cartón, madera, brochas, papel, cepillo, etc., impregnados con pinturas, grasas, aceites, hidrocarburos",0.02
Coahuila,Ramos Arizpe,2024,Petrolífero,Pequeño Generador,Aceites gastados,Lubricantes,0.1
Coahuila,Ramos Arizpe,2024,Petrolífero,Pequeño Generador,Agua contaminada,"Agua contaminada con hidrocarburos, combustibles, aceite o grasa",11.8
Coahuila,Ramos Arizpe,2024,Petrolífero,Pequeño Generador,"Baterías, celdas, pilas, balastras","Baterias, pilas, acumuladores, balastras",0.01
Coahuila,Ramos Arizpe,2024,Petrolífero,Pequeño Generador,Gasolina y otros combustibles,"Gasolina, diesel y naftas gastados o sucios",0.35
Coahuila,Ramos Arizpe,2024,Petrolífero,Pequeño Generador,Lodos,Lodos aceitosos,0.77
Coahuila,Ramos Arizpe,2024,Petrolífero,Pequeño Generador,Residuos sólidos,"Estopa, trapo, plásticos, cartón, madera, brochas, papel, cepillo, etc., impregnados con pinturas, grasas, aceites, hidrocarburos",0.45
Coahuila,Ramos Arizpe,2024,Petrolífero,Pequeño Generador,Residuos sólidos,"Lámparas fluorescentes, lámparas de vapor de mercurio",0.03
Coahuila,Saltillo,2024,Petrolífero,Microgenerador,Aceites gastados,Lubricantes,0.05
Coahuila,Saltillo,2024,Petrolífero,Microgenerador,Lodos,Lodos aceitosos,0.98
Coahuila,Saltillo,2024,Petrolífero,Microgenerador,Residuos sólidos,"Estopa, trapo, plásticos, cartón, madera, brochas, papel, cepillo, etc., impregnados con pinturas, grasas, aceites, hidrocarburos",0.32
Coahuila,Saltillo,2024,Petrolífero,Microgenerador,Residuos sólidos,"Lámparas fluorescentes, lámparas de vapor de mercurio",0.02
Coahuila,Saltillo,2024,Petrolífero,Pequeño Generador,Aceites gastados,Lubricantes,0.22
Coahuila,Saltillo,2024,Petrolífero,Pequeño Generador,Agua contaminada,"Agua contaminada con hidrocarburos, combustibles, aceite o grasa",30.1
Coahuila,Saltillo,2024,Petrolífero,Pequeño Generador,"Baterías, celdas, pilas, balastras","Baterias, pilas, acumuladores, balastras",0.01
Coahuila,Saltillo,2024,Petrolífero,Pequeño Generador,Gasolina y otros combustibles,"Gasolina, diesel y naftas gastados o sucios",0.36
Coahuila,Saltillo,2024,Petrolífero,Pequeño Generador,Lodos,Lodos aceitosos,1.58
Coahuila,Saltillo,2024,Petrolífero,Pequeño Generador,Residuos sólidos,"Estopa, trapo, plásticos, cartón, madera, brochas, papel, cepillo, etc., impregnados con pinturas, grasas, aceites, hidrocarburos",1.06
Coahuila,Saltillo,2024,Petrolífero,Pequeño Generador,Residuos sólidos,"Lámparas fluorescentes, lámparas de vapor de mercurio",0.56
Coahuila,Torreón,2024,Petrolífero,Microgenerador,Lodos,Lodos aceitosos,0.55
Coahuila,Torreón,2024,Petrolífero,Microgenerador,Residuos sólidos,"Estopa, trapo, plásticos, cartón, madera, brochas, papel, cepillo, etc., impregnados con pinturas, grasas, aceites, hidrocarburos",0.49
Coahuila,Torreón,2024,Petrolífero,Pequeño Generador,Gasolina y otros combustibles,"Gasolina, diesel y naftas gastados o sucios",0.39
Coahuila,Torreón,2024,Petrolífero,Pequeño Generador,Lodos,Lodos aceitosos,4.27
Coahuila,Torreón,2024,Petrolífero,Pequeño Generador,Residuos sólidos,"Estopa, trapo, plásticos, cartón, madera, brochas, papel, cepillo, etc., impregnados con pinturas, grasas, aceites, hidrocarburos",0.77
Colima,Sin Dato,2017,Petrolero,Microgenerador,"Gasolina, diesel y naftas gastados o sucios provenientes de estaciónes de servicio y talleres automotrices","Mezclas de combustibles sucios, mezclas de hidrocarburos, naftas",0.06
Colima,Sin Dato,2017,Petrolero,Microgenerador,Lodos,Lodos provenientes de tanques de almacenaniento,0.06
Colima,Sin Dato,2017,Petrolero,Microgenerador,Lodos aceitosos,"Con contaminacion de hidrocarburos, combustibles, aceite",0.06
Colima,Sin Dato,2017,Petrolero,Microgenerador,Lodos aceitosos,Otros lodos,0.4
Colima,Sin Dato,2017,Petrolero,Microgenerador,Residuos solidos,"Botes o recipientes que contuvieron contaminantes diversos, latas de pintura, aerosoles",0.06
Colima,Sin Dato,2017,Petrolero,Microgenerador,Residuos solidos,"Estopa, trapo, plasticos, carton, madera, brochas, papel, cepillo, etc., impregnados con pinturas, grasas, aceites, hidrocarburos",0.36
Colima,Sin Dato,2017,Petrolero,Pequeno Generador,Liquidos de proceso,No corrosivos,0.18
Colima,Sin Dato,2017,Petrolero,Pequeno Generador,Lodos,Lodos provenientes de tanques de almacenaniento,0.02
Colima,Sin Dato,2017,Petrolero,Pequeno Generador,Lodos aceitosos,"Con contaminacion de hidrocarburos, combustibles, aceite",1.58
Colima,Sin Dato,2017,Petrolero,Pequeno Generador,Residuos solidos,"Botes o recipientes que contuvieron contaminantes diversos, latas de pintura, aerosoles",0.02
Colima,Sin Dato,2018,Petrolifero,Microgenerador,Lamparas fluorescentes y de vapor de mercurio,Lamparas fluorescentes y de vapor de mercurio,0.08
Colima,Sin Dato,2018,Petrolifero,Microgenerador,Liquidos residuales de proceso no corrosivos,Agua con hidrocaruros,0.15
Colima,Sin Dato,2018,Petrolifero,Microgenerador,Solidos contaminados con hidrocarburos diversos,"Filtros, mangueras, envases, botes, cubetas, contenedores, trapos, guantes, carton, aserrin, material absorbente,Estopas y trapos impregnados con combustible, Envases vacios impregnados de aceite",6.29
Colima,Sin Dato,2018,Petrolifero,Pequeno generador,Aceites gastados (Lubricantes),Aceites gastados lubricantes,1
Colima,Sin Dato,2018,Petrolifero,Pequeno generador,Baterias alcalinas,Pilas alcalinas,0.01
Colima,Sin Dato,2018,Petrolifero,Pequeno generador,Filtro de aire o aceite contaminados,Filtros de aire usados,0.45
Colima,Sin Dato,2018,Petrolifero,Pequeno generador,Lamparas fluorescentes y de vapor de mercurio,Lamparas fluorescentes y de vapor de mercurio,0.01
Colima,Sin Dato,2018,Petrolifero,Pequeno generador,Liquidos residuales de proceso no corrosivos,Agua con hidrocaruros,0.3
Colima,Sin Dato,2018,Petrolifero,Pequeno generador,Lodos Contaminados con Hidrocarburo,Lodos de tanques de almacenamiento de hidrocarburos,33.55
Colima,Sin Dato,2018,Petrolifero,Pequeno generador,Pilas o Baterias con Litio o Cadmio,Pilas Niquel-Cadmio,0.05
Colima,Sin Dato,2018,Petrolifero,Pequeno generador,Solidos contaminados con hidrocarburos diversos,"Filtros, mangueras, envases, botes, cubetas, contenedores, trapos, guantes, carton, aserrin, material absorbente,Estopas y trapos impregnados con combustible, Envases vacios impregnados de aceite",2.05
Colima,Sin Dato,2019,Petrolifero,Microgenerador,Liquidos de proceso,Liquidos con residuos de hidrocarburos,0
Colima,Sin Dato,2019,Petrolifero,Microgenerador,Residuos solidos,"Estopa, trapo, plásticos, cartón, madera, brochas, papel, cepillo, etc., impregnados con pinturas, grasas, aceites, hidrocarburos",0
Colima,Sin Dato,2019,Petrolifero,Microgenerador,Residuos solidos,Lámpara fluorescentes,0
Colima,Sin Dato,2019,Petrolifero,Pequeno Generador,Aceites gastados,Lubricantes,0
Colima,Sin Dato,2019,Petrolifero,Pequeno Generador,"Baterias, celdas y pilas",Pilas alcalinas,0
Colima,Sin Dato,2019,Petrolifero,Pequeno Generador,"Baterias, celdas y pilas",Pilas o baterias de Niquel - Cadmio,0
Colima,Sin Dato,2019,Petrolifero,Pequeno Generador,Liquidos de proceso,Liquidos con residuos de hidrocarburos,0
Colima,Sin Dato,2019,Petrolifero,Pequeno Generador,Lodos,Lodos procedentes de trampas de grasas e hidrocarburos,0
Colima,Sin Dato,2019,Petrolifero,Pequeno Generador,Residuos solidos,"Estopa, trapo, plásticos, cartón, madera, brochas, papel, cepillo, etc., impregnados con pinturas, grasas, aceites, hidrocarburos",0
Colima,Sin Dato,2019,Petrolifero,Pequeno Generador,Residuos solidos,Filtro de aire o de aceite contaminados,0
Colima,Sin Dato,2019,Petrolifero,Pequeno Generador,Residuos solidos,Lámpara fluorescentes,0
Colima,Sin Dato,2020,Petrolifero,Microgenerador,Aceites hidraúlicos,Aceites gastados hidráulicos,0.01
Colima,Sin Dato,2020,Petrolifero,Microgenerador,Aceites lubricantes,Aceites gastados lubricantes,0.012
Colima,Sin Dato,2020,Petrolifero,Microgenerador,"Gasollina, diésel y naftas gastados","Gasollina, diésel y naftas gastados",0.6571
Colima,Sin Dato,2020,Petrolifero,Microgenerador,Lodos,Lodos aceitosos,2.8656
Colima,Sin Dato,2020,Petrolifero,Microgenerador,Residuos sólidos,"Estopa, trapo, plásticos, cartón, madera, brochas, papel, cepillo, etc., impregnados con pinturas, grasas, aceites, hidrocarburos",0.755
Colima,Sin Dato,2020,Petrolifero,Microgenerador,Solventes,Solventes,0.0096
Colima,Sin Dato,2020,Petrolifero,Pequeno Generador,Líquidos de proceso,Aguas aceitosas,0.25
Colima,Sin Dato,2020,Petrolifero,Pequeno Generador,"Gasollina, diésel y naftas gastados","Gasollina, diésel y naftas gastados",0.5
Colima,Sin Dato,2020,Petrolifero,Pequeno Generador,Lodos,Lodos aceitosos,0.97
Colima,Sin Dato,2020,Petrolifero,Pequeno Generador,Residuos sólidos,"Estopa, trapo, plásticos, cartón, madera, brochas, papel, cepillo, etc., impregnados con pinturas, grasas, aceites, hidrocarburos",0.7
Colima,Sin Dato,2021,Petrolifero,Microgenerador,Aceites gastados,hidraulicos,0.01
Colima,Sin Dato,2021,Petrolifero,Microgenerador,Aceites gastados,Lubricantes,0.01
Colima,Sin Dato,2021,Petrolifero,Microgenerador,"Gasolina, diésel y naftas gastados o sucios provenientes de estaciones de servicio y talleres automotrices","Gasolina, diesel y naftas gastados o sucios",0.66
Colima,Sin Dato,2021,Petrolifero,Microgenerador,Residuos solidos,"Estopa, trapo, plásticos, cartón, madera, brochas, papel, cepillo, etc., impregnados con pinturas, grasas, aceites, hidrocarburos",0.76
Colima,Sin Dato,2021,Petrolifero,Microgenerador,Solventes,Solventes orgánicos usados,0.01
Colima,Sin Dato,2021,Petrolifero,Microgenerador,Lodos,Lodos aceitosos,2.87
Colima,Sin Dato,2021,Petrolifero,Pequeno Generador,"Gasolina, diésel y naftas gastados o sucios provenientes de estaciones de servicio y talleres automotrices","Gasolina, diesel y naftas gastados o sucios",0.5
Colima,Sin Dato,2021,Petrolifero,Pequeno Generador,Otros,"Agua oleosa, agua contaminada",0.25
Colima,Sin Dato,2021,Petrolifero,Pequeno Generador,Residuos solidos,"Estopa, trapo, plásticos, cartón, madera, brochas, papel, cepillo, etc., impregnados con pinturas, grasas, aceites, hidrocarburos",0.7
Colima,Sin Dato,2021,Petrolifero,Pequeno Generador,Lodos,Lodos aceitosos,0.97
Colima,Colima,2022,Petrolífero,Microgenerador,Agua contaminada,"Agua contaminada con hidrocarburos, combustibles, aceite o grasa",0.06
Colima,Colima,2022,Petrolífero,Microgenerador,"Baterías, celdas y pilas","Baterias, pilas y balastras",0.02
Colima,Colima,2022,Petrolífero,Microgenerador,Lodos,Lodos aceitosos,0.05
Colima,Colima,2022,Petrolífero,Microgenerador,Residuos sólidos,"Estopa, trapo, plásticos, cartón, madera, brochas, papel, cepillo, etc., impregnados con pinturas, grasas, aceites, hidrocarburos",0.12
Colima,Colima,2023,Petrolífero,Microgenerador,Aceites gastados,Lubricantes,0.12
Colima,Colima,2023,Petrolífero,Microgenerador,Agua contaminada,"Agua contaminada con hidrocarburos, combustibles, aceite o grasa",0.06
Colima,Colima,2023,Petrolífero,Microgenerador,"Gasolina, diésel y naftas gastados o sucios provenientes de estaciones de servicio y talleres automotrices","Gasolina, diesel y naftas gastados o sucios",0
Colima,Colima,2023,Petrolífero,Microgenerador,Lodos,Lodos aceitosos,0.32
Colima,Colima,2023,Petrolífero,Microgenerador,Residuos sólidos,"Estopa, trapo, plásticos, cartón, madera, brochas, papel, cepillo, etc., impregnados con pinturas, grasas, aceites, hidrocarburos",0.11
Colima,Colima,2023,Petrolífero,Microgenerador,Solventes,Residuos de solventes,0.02
Colima,Comala,2023,Petrolífero,Microgenerador,Agua contaminada,"Agua contaminada con hidrocarburos, combustibles, aceite o grasa",0.03
Colima,Comala,2023,Petrolífero,Microgenerador,"Baterías, celdas y pilas","Baterias, pilas y balastras",0.02
Colima,Comala,2023,Petrolífero,Microgenerador,Lodos,Lodos aceitosos,0.04
Colima,Comala,2023,Petrolífero,Microgenerador,Residuos sólidos,"Estopa, trapo, plásticos, cartón, madera, brochas, papel, cepillo, etc., impregnados con pinturas, grasas, aceites, hidrocarburos",0.13
Colima,Cuauhtémoc,2023,Petrolífero,Pequeño Generador,Residuos sólidos,"Estopa, trapo, plásticos, cartón, madera, brochas, papel, cepillo, etc., impregnados con pinturas, grasas, aceites, hidrocarburos",0.31
Colima,Cuauhtémoc,2023,Petrolífero,Pequeño Generador,Residuos sólidos,"Estopa, trapo, plásticos, cartón, madera, brochas, papel, cepillo, etc., impregnados con pinturas, grasas, aceites, hidrocarburos",0.38
Colima,Manzanillo,2023,Petrolífero,Pequeño Generador,Residuos sólidos,"Estopa, trapo, plásticos, cartón, madera, brochas, papel, cepillo, etc., impregnados con pinturas, grasas, aceites, hidrocarburos",1.08
Colima,Manzanillo,2023,Petrolífero,Pequeño Generador,Residuos sólidos,"Estopa, trapo, plásticos, cartón, madera, brochas, papel, cepillo, etc., impregnados con pinturas, grasas, aceites, hidrocarburos",1.3
Colima,Tecomán,2023,Petrolífero,Microgenerador,Agua contaminada,"Agua contaminada con hidrocarburos, combustibles, aceite o grasa",0.03
Colima,Tecomán,2023,Petrolífero,Microgenerador,"Baterías, celdas y pilas","Baterias, pilas y balastras",0.02
Colima,Tecomán,2023,Petrolífero,Microgenerador,Lodos,Lodos aceitosos,0.05
Colima,Tecomán,2023,Petrolífero,Microgenerador,Residuos sólidos,"Estopa, trapo, plásticos, cartón, madera, brochas, papel, cepillo, etc., impregnados con pinturas, grasas, aceites, hidrocarburos",0.12
Colima,Villa de Álvarez,2023,Petrolífero,Microgenerador,Agua contaminada,"Agua contaminada con hidrocarburos, combustibles, aceite o grasa",0.02
Colima,Villa de Álvarez,2023,Petrolífero,Microgenerador,"Baterías, celdas y pilas","Baterias, pilas y balastras",0.02
Colima,Villa de Álvarez,2023,Petrolífero,Microgenerador,Lodos,Lodos aceitosos,0.25
Colima,Villa de Álvarez,2023,Petrolífero,Microgenerador,Residuos sólidos,"Estopa, trapo, plásticos, cartón, madera, brochas, papel, cepillo, etc., impregnados con pinturas, grasas, aceites, hidrocarburos",0.31
Colima,Villa de Álvarez,2023,Petrolífero,Microgenerador,Residuos sólidos,"Lámparas fluorescentes, lámparas de vapor de mercurio",0.01
Colima,Colima,2024,Petrolífero,Pequeño Generador,Lodos,Lodos aceitosos,0.37
Colima,Colima,2024,Petrolífero,Pequeño Generador,Residuos sólidos,"Estopa, trapo, plásticos, cartón, madera, brochas, papel, cepillo, etc., impregnados con pinturas, grasas, aceites, hidrocarburos",0.15
Colima,Manzanillo,2024,Petrolífero,Pequeño Generador,Lodos,Lodos aceitosos,1.2
Colima,Manzanillo,2024,Petrolífero,Pequeño Generador,Residuos sólidos,"Estopa, trapo, plásticos, cartón, madera, brochas, papel, cepillo, etc., impregnados con pinturas, grasas, aceites, hidrocarburos",0.87
Colima,Tecomán,2024,Petrolífero,Microgenerador,Gasolina y otros combustibles,"Gasolina, diesel y naftas gastados o sucios",0.1
Colima,Tecomán,2024,Petrolífero,Microgenerador,Lodos,Lodos aceitosos,0.18
Colima,Tecomán,2024,Petrolífero,Microgenerador,Residuos sólidos,"Estopa, trapo, plásticos, cartón, madera, brochas, papel, cepillo, etc., impregnados con pinturas, grasas, aceites, hidrocarburos",0.12
Chiapas,Sin Dato,2017,Petroleo y petroquimica,Gran Generador,Lodos,Lodos del separador api y carcamos en la refinacion de petroleo y almacenamiento de productos derivadosos,4.3
Chiapas,Sin Dato,2017,Petrolero,Microgenerador,Aceites gastados,Lubricantes,0.06
Chiapas,Sin Dato,2017,Petrolero,Microgenerador,"Gasolina, diesel y naftas gastados o sucios provenientes de estaciónes de servicio y talleres automotrices","Mezclas de combustibles sucios, mezclas de hidrocarburos, naftas",0.47
Chiapas,Sin Dato,2017,Petrolero,Microgenerador,Liquidos de proceso,"Agua contaminada con hidrocarburos, combustibles, aceite o grasa",1.45
Chiapas,Sin Dato,2017,Petrolero,Microgenerador,Lodos aceitosos,"Con contaminacion de hidrocarburos, combustibles, aceite",1.29
Chiapas,Sin Dato,2017,Petrolero,Microgenerador,Lodos aceitosos,Lodos procedentes de trampas de grasas e hidrocarburos,0.8
Chiapas,Sin Dato,2017,Petrolero,Microgenerador,Residuos solidos,"Estopa, trapo, plasticos, carton, madera, brochas, papel, cepillo, etc., impregnados con pinturas, grasas, aceites, hidrocarburos",2.88
Chiapas,Sin Dato,2017,Petrolero,Pequeno Generador,Aceites gastados,Lubricantes,0.6
Chiapas,Sin Dato,2017,Petrolero,Pequeno Generador,"Baterias, celdas y pilas",Pilas alcalinas,0
Chiapas,Sin Dato,2017,Petrolero,Pequeno Generador,"Gasolina, diesel y naftas gastados o sucios provenientes de estaciónes de servicio y talleres automotrices","Mezclas de combustibles sucios, mezclas de hidrocarburos, naftas",0.16
Chiapas,Sin Dato,2017,Petrolero,Pequeno Generador,Liquidos de proceso,"Agua contaminada con hidrocarburos, combustibles, aceite o grasa",25.2
Chiapas,Sin Dato,2017,Petrolero,Pequeno Generador,Lodos aceitosos,No especificado,10
Chiapas,Sin Dato,2017,Petrolero,Pequeno Generador,Lodos aceitosos,Otros lodos,1.91
Chiapas,Sin Dato,2017,Petrolero,Pequeno Generador,Residuos solidos,Balastras,0.02
Chiapas,Sin Dato,2017,Petrolero,Pequeno Generador,Residuos solidos,"Estopa, trapo, plasticos, carton, madera, brochas, papel, cepillo, etc., impregnados con pinturas, grasas, aceites, hidrocarburos",6.73
Chiapas,Sin Dato,2017,Petrolero,Pequeno Generador,Residuos solidos,Lampara fluorescentes,0.01
Chiapas,Sin Dato,2017,Petrolero,Gran Generador,Aceites gastados,Hidraulicos,5
Chiapas,Sin Dato,2017,Petrolero,Gran Generador,"Baterias, celdas y pilas",Pilas o baterias zinc-oxido de plata usadas o desechada,0.6
Chiapas,Sin Dato,2017,Petrolero,Gran Generador,Lodos aceitosos,No especificado,1400
Chiapas,Sin Dato,2017,Petrolero,Gran Generador,Residuos solidos,Lampara fluorescentes,0.25
Chiapas,Sin Dato,2017,Petrolero,Gran Generador,Otros,No especificado,14
Chiapas,Sin Dato,2017,Petrolero,Gran Generador,Otros,Otros: Varios,160
Chiapas,Sin Dato,2017,Petroleo y petroquimica,Pequeno Generador,Aceites gastados,Lubricantes,0.36
Chiapas,Sin Dato,2017,Petroleo y petroquimica,Pequeno Generador,"Baterias, celdas y pilas",Pilas alcalinas,0.01
Chiapas,Sin Dato,2017,Petroleo y petroquimica,Pequeno Generador,"Baterias, celdas y pilas","Pilas, baterias, acumuladores, celdas de desecho: niquel-cadmio, plomo, mercurio",0.28
Chiapas,Sin Dato,2017,Petroleo y petroquimica,Pequeno Generador,Material textil,"Telas, felpas, estopas",0.56
Chiapas,Sin Dato,2017,Petroleo y petroquimica,Pequeno Generador,Pinturas y productos relacionados,"Residuos de pinturas, pinturas caducadas",0.03
Chiapas,Sin Dato,2017,Petroleo y petroquimica,Pequeno Generador,Residuos Liquidos,"Residuos de sustancias contaminantes (hidrocarburos, combustibles, aceites, grasas, pinturas)",0.13
Chiapas,Sin Dato,2017,Petroleo y petroquimica,Pequeno Generador,Residuos solidos,"Botes o recipientes que contuvieron contaminantes diversos, latas de pintura, aerosoles",1.34
Chiapas,Sin Dato,2017,Petroleo y petroquimica,Pequeno Generador,Residuos solidos,"Estopa, trapo, plasticos, carton, madera, brochas, papel, cepillo, etc., impregnados con pinturas, grasas, aceites, hidrocarburos",1.34
Chiapas,Sin Dato,2017,Petroleo y petroquimica,Pequeno Generador,Residuos solidos,Lampara fluorescentes,0.02
Chiapas,Sin Dato,2017,Petroleo y petroquimica,Gran Generador,Aceites gastados,Lubricantes,9
Chiapas,Sin Dato,2017,Petroleo y petroquimica,Gran Generador,"Baterias, celdas y pilas","Pilas, baterias, acumuladores, celdas de desecho: niquel-cadmio, plomo, mercurio",2.2
Chiapas,Sin Dato,2017,Petroleo y petroquimica,Gran Generador,Lodos,Lodos provenientes de tanques de almacenaniento,15
Chiapas,Sin Dato,2017,Petroleo y petroquimica,Gran Generador,Pinturas y productos relacionados,"Residuos de pinturas, pinturas caducadas",0.6
Chiapas,Sin Dato,2017,Petroleo y petroquimica,Gran Generador,Residuos solidos,"Botes o recipientes que contuvieron contaminantes diversos, latas de pintura, aerosoles",1
Chiapas,Sin Dato,2017,Petroleo y petroquimica,Gran Generador,Residuos solidos,"Estopa, trapo, plasticos, carton, madera, brochas, papel, cepillo, etc., impregnados con pinturas, grasas, aceites, hidrocarburos",1.6
Chiapas,Sin Dato,2017,Petroleo y petroquimica,Gran Generador,Residuos solidos,Lampara fluorescentes,0.4
Chiapas,Sin Dato,2018,Petrolifero,Microgenerador,Lodos Contaminados con Hidrocarburos,Natas de combustibles,0.03
Chiapas,Sin Dato,2018,Petrolifero,Microgenerador,Aceites gastados (Hidraulicos),Aceite gastado hidraulico,0.08
Chiapas,Sin Dato,2018,Petrolifero,Microgenerador,Aceites gastados (Lubricantes),Aceites gastados lubricantes,0.14
Chiapas,Sin Dato,2018,Petrolifero,Microgenerador,Liquidos residuales de proceso no corrosivos,Agua con hidrocaruros,2.5
Chiapas,Sin Dato,2018,Petrolifero,Microgenerador,Baterias alcalinas,Pilas alcalinas,0
Chiapas,Sin Dato,2018,Petrolifero,Microgenerador,Filtro de aire o aceite contaminados,Filtros de aire usados,0.14
Chiapas,Sin Dato,2018,Petrolifero,Microgenerador,"Gasolina, Diesel y Naftas gastados o sucios","Gasolina, Diesel y Naftas gastados o sucios provenientes de Estaciones de Servicio y Talleres Automotrices",2.05
Chiapas,Sin Dato,2018,Petrolifero,Microgenerador,Lamparas fluorescentes y de vapor de mercurio,Lamparas fluorescentes y de vapor de mercurio,1.64
Chiapas,Sin Dato,2018,Petrolifero,Microgenerador,Lodos Contaminados con Hidrocarburos,Lodos aceitosos,6.85
Chiapas,Sin Dato,2018,Petrolifero,Microgenerador,Lodos de tanques de almacenamiento de hidrocarburos,Lodos de tanques de hidrocarburos,0.3
Chiapas,Sin Dato,2018,Petrolifero,Microgenerador,Residuos de pinturas y esmaltes,Nata de Pintura,0.14
Chiapas,Sin Dato,2018,Petrolifero,Microgenerador,Pilas o Baterias con Litio o Cadmio,Pilas Niquel-Cadmio,0
Chiapas,Sin Dato,2018,Petrolifero,Microgenerador,Solidos contaminados con hidrocarburos diversos,"Filtros, mangueras, envases, botes, cubetas, contenedores, trapos, guantes, carton, aserrin, material absorbente,Estopas y trapos impregnados con combustible, Envases vacios impregnados de aceite",7.76
Chiapas,Sin Dato,2018,Petrolifero,Microgenerador,Solidos contaminados con pinturas,"Envases, botes, cubetas, contenedores, trapos, guantes, carton, EPP, carton, envases, franelas, filtros impregnados",2.22
Chiapas,Sin Dato,2018,Petrolifero,Pequeno generador,Aceites gastados (Lubricantes),Aceites gastados lubricantes,0.2
Chiapas,Sin Dato,2018,Petrolifero,Pequeno generador,Baterias alcalinas,Pilas alcalinas,0
Chiapas,Sin Dato,2018,Petrolifero,Pequeno generador,Filtro de aire o aceite contaminados,Filtros de aire usados,0.09
Chiapas,Sin Dato,2018,Petrolifero,Pequeno generador,Lamparas fluorescentes y de vapor de mercurio,Lamparas fluorescentes y de vapor de mercurio,0.01
Chiapas,Sin Dato,2018,Petrolifero,Pequeno generador,Liquidos residuales de proceso no corrosivos,Agua con hidrocaruros,4.5
Chiapas,Sin Dato,2018,Petrolifero,Pequeno generador,Lodos Contaminados con Hidrocarburos,Lodos aceitosos,15.65
Chiapas,Sin Dato,2018,Petrolifero,Pequeno generador,Pilas o Baterias con Litio o Cadmio,Pilas Niquel-Cadmio,0
Chiapas,Sin Dato,2018,Petrolifero,Pequeno generador,Solidos contaminados con hidrocarburos diversos,"Filtros, mangueras, envases, botes, cubetas, contenedores, trapos, guantes, carton, aserrin, material absorbente,Estopas y trapos impregnados con combustible, Envases vacios impregnados de aceite",4.23
Chiapas,Sin Dato,2019,Petrolero,Gran Generador,solidos,Otros,52775
Chiapas,Sin Dato,2019,Petrolero,Gran Generador,solidos,Otros,326
Chiapas,Sin Dato,2019,Petrolero,Gran Generador,Lodos,Otros,263
Chiapas,Sin Dato,2019,Petrolifero,Microgenerador,Aceites gastados,hidraulicos,0
Chiapas,Sin Dato,2019,Petrolifero,Microgenerador,Aceites gastados,Lubricantes,0
Chiapas,Sin Dato,2019,Petrolifero,Microgenerador,"Baterias, celdas y pilas",Pilas alcalinas,0
Chiapas,Sin Dato,2019,Petrolifero,Microgenerador,"Baterias, celdas y pilas",Pilas o baterias de Niquel - Cadmio,0
Chiapas,Sin Dato,2019,Petrolifero,Microgenerador,"Gasolina, diesel y naftas gastados o sucios provenientes de estaciónes de servicio y talleres automotrices","Gasolina, diesel y naftas gastados o sucios provenientes de estaciones de servicio y talleres automotrices",0.01
Chiapas,Sin Dato,2019,Petrolifero,Microgenerador,Liquidos de proceso,Liquidos con residuos de hidrocarburos,0
Chiapas,Sin Dato,2019,Petrolifero,Microgenerador,Lodos,Lodos aceitosos,0.135
Chiapas,Sin Dato,2019,Petrolifero,Microgenerador,Lodos,Lodos procedentes de trampas de grasas e hidrocarburos,0
Chiapas,Sin Dato,2019,Petrolifero,Microgenerador,Lodos,Otros lodos,0
Chiapas,Sin Dato,2019,Petrolifero,Microgenerador,Pinturas y productos relacionados,"Residuos de pinturas, pinturas caducadas",0
Chiapas,Sin Dato,2019,Petrolifero,Microgenerador,Residuos solidos,"Botes o recipientes que contuvieron contaminantes diversos, latas de pintura, aerosoles",0
Chiapas,Sin Dato,2019,Petrolifero,Microgenerador,Residuos solidos,"Estopa, trapo, plásticos, cartón, madera, brochas, papel, cepillo, etc., impregnados con pinturas, grasas, aceites, hidrocarburos",0.115
Chiapas,Sin Dato,2019,Petrolifero,Microgenerador,Residuos solidos,Filtro de aire o de aceite contaminados,0.025
Chiapas,Sin Dato,2019,Petrolifero,Microgenerador,Residuos solidos,Lámpara fluorescentes,0.001
Chiapas,Sin Dato,2019,Petrolifero,Pequeno Generador,Aceites gastados,Lubricantes,0
Chiapas,Sin Dato,2019,Petrolifero,Pequeno Generador,"Baterias, celdas y pilas",Pilas alcalinas,0
Chiapas,Sin Dato,2019,Petrolifero,Pequeno Generador,"Baterias, celdas y pilas",Pilas o baterias de Niquel - Cadmio,0
Chiapas,Sin Dato,2019,Petrolifero,Pequeno Generador,Liquidos de proceso,Liquidos con residuos de hidrocarburos,0
Chiapas,Sin Dato,2019,Petrolifero,Pequeno Generador,Lodos,Lodos aceitosos,0
Chiapas,Sin Dato,2019,Petrolifero,Pequeno Generador,Residuos solidos,"Estopa, trapo, plásticos, cartón, madera, brochas, papel, cepillo, etc., impregnados con pinturas, grasas, aceites, hidrocarburos",0
Chiapas,Sin Dato,2019,Petrolifero,Pequeno Generador,Residuos solidos,Filtro de aire o de aceite contaminados,0
Chiapas,Sin Dato,2019,Petrolifero,Pequeno Generador,Residuos solidos,Lámpara fluorescentes,0
Chiapas,Sin Dato,2020,Petrolifero,Microgenerador,Aceites lubricantes,Aceites gastados lubricantes,0.1
Chiapas,Sin Dato,2020,Petrolifero,Microgenerador,Líquidos de proceso,Aguas aceitosas,1.53
Chiapas,Sin Dato,2020,Petrolifero,Microgenerador,"Baterias, pilas y balastras","Baterias, pilas y balastras",0.006
Chiapas,Sin Dato,2020,Petrolifero,Microgenerador,"Gasollina, diésel y naftas gastados","Gasollina, diésel y naftas gastados",0.723
Chiapas,Sin Dato,2020,Petrolifero,Microgenerador,Lámparas fluorescentes y de vapor de mercurio,Lámparas fluorescentes y de vapor de mercurio,0.598
Chiapas,Sin Dato,2020,Petrolifero,Microgenerador,Lodos,Lodos aceitosos,2.028
Chiapas,Sin Dato,2020,Petrolifero,Microgenerador,Residuos sólidos,"Estopa, trapo, plásticos, cartón, madera, brochas, papel, cepillo, etc., impregnados con pinturas, grasas, aceites, hidrocarburos",4.694
Chiapas,Sin Dato,2020,Petrolifero,Pequeno Generador,Aceites lubricantes,Aceites gastados lubricantes,0.05
Chiapas,Sin Dato,2020,Petrolifero,Pequeno Generador,Líquidos de proceso,Aguas aceitosas,0.065
Chiapas,Sin Dato,2020,Petrolifero,Pequeno Generador,"Baterias, pilas y balastras","Baterias, pilas y balastras",0.003
Chiapas,Sin Dato,2020,Petrolifero,Pequeno Generador,Lámparas fluorescentes y de vapor de mercurio,Lámparas fluorescentes y de vapor de mercurio,0.003
Chiapas,Sin Dato,2020,Petrolifero,Pequeno Generador,Lodos,Lodos aceitosos,1.698
Chiapas,Sin Dato,2020,Petrolifero,Pequeno Generador,Residuos sólidos,"Estopa, trapo, plásticos, cartón, madera, brochas, papel, cepillo, etc., impregnados con pinturas, grasas, aceites, hidrocarburos",2.8041
Chiapas,Sin Dato,2021,Petrolifero,Microgenerador,Aceites gastados,Lubricantes,0.1
Chiapas,Sin Dato,2021,Petrolifero,Microgenerador,"baterias, celdas y pilas","Baterias, pilas y balastras",0.01
Chiapas,Sin Dato,2021,Petrolifero,Microgenerador,"Gasolina, diésel y naftas gastados o sucios provenientes de estaciones de servicio y talleres automotrices","Gasolina, diesel y naftas gastados o sucios",0.72
Chiapas,Sin Dato,2021,Petrolifero,Microgenerador,Otros,"Agua oleosa, agua contaminada",1.53
Chiapas,Sin Dato,2021,Petrolifero,Microgenerador,Residuos solidos,"Estopa, trapo, plásticos, cartón, madera, brochas, papel, cepillo, etc., impregnados con pinturas, grasas, aceites, hidrocarburos",4.69
Chiapas,Sin Dato,2021,Petrolifero,Microgenerador,Residuos solidos,"Lámparas fluorescentes, lámparas de vapor de mercurio",0.6
Chiapas,Sin Dato,2021,Petrolifero,Microgenerador,Lodos,Lodos aceitosos,2.03
Chiapas,Sin Dato,2021,Petrolifero,Pequeno Generador,Aceites gastados,Lubricantes,0.05
Chiapas,Sin Dato,2021,Petrolifero,Pequeno Generador,"baterias, celdas y pilas","Baterias, pilas y balastras",0
Chiapas,Sin Dato,2021,Petrolifero,Pequeno Generador,Otros,"Agua oleosa, agua contaminada",0.07
Chiapas,Sin Dato,2021,Petrolifero,Pequeno Generador,Residuos solidos,"Estopa, trapo, plásticos, cartón, madera, brochas, papel, cepillo, etc., impregnados con pinturas, grasas, aceites, hidrocarburos",2.8
Chiapas,Sin Dato,2021,Petrolifero,Pequeno Generador,Residuos solidos,"Lámparas fluorescentes, lámparas de vapor de mercurio",0
Chiapas,Sin Dato,2021,Petrolifero,Pequeno Generador,Lodos,Lodos aceitosos,1.7
Chiapas,Arriaga,2022,Petrolífero,Microgenerador,Lodos,Lodos aceitosos,0.01
Chiapas,Arriaga,2022,Petrolífero,Microgenerador,Residuos sólidos,"Estopa, trapo, plásticos, cartón, madera, brochas, papel, cepillo, etc., impregnados con pinturas, grasas, aceites, hidrocarburos",0.12
Chiapas,Arriaga,2022,Petrolífero,Microgenerador,Residuos sólidos,"Lámparas fluorescentes, lámparas de vapor de mercurio",0
Chiapas,Arriaga,2022,Petrolífero,Pequeño Generador,Lodos,Lodos aceitosos,0.47
Chiapas,Arriaga,2022,Petrolífero,Pequeño Generador,Residuos sólidos,"Estopa, trapo, plásticos, cartón, madera, brochas, papel, cepillo, etc., impregnados con pinturas, grasas, aceites, hidrocarburos",0.18
Chiapas,Berriozábal,2022,Petrolífero,Microgenerador,"Gasolina, diésel y naftas gastados o sucios provenientes de estaciones de servicio y talleres automotrices","Gasolina, diesel y naftas gastados o sucios",0.08
Chiapas,Berriozábal,2022,Petrolífero,Microgenerador,Lodos,Lodos aceitosos,0.61
Chiapas,Berriozábal,2022,Petrolífero,Microgenerador,Residuos sólidos,"Estopa, trapo, plásticos, cartón, madera, brochas, papel, cepillo, etc., impregnados con pinturas, grasas, aceites, hidrocarburos",0.17
Chiapas,Berriozábal,2022,Petrolífero,Microgenerador,Residuos sólidos,"Lámparas fluorescentes, lámparas de vapor de mercurio",0
Chiapas,Cintalapa,2022,Petrolífero,Microgenerador,Lodos,Lodos aceitosos,0.02
Chiapas,Cintalapa,2022,Petrolífero,Microgenerador,Residuos sólidos,"Estopa, trapo, plásticos, cartón, madera, brochas, papel, cepillo, etc., impregnados con pinturas, grasas, aceites, hidrocarburos",0.12
Chiapas,Cintalapa,2022,Petrolífero,Microgenerador,Residuos sólidos,"Lámparas fluorescentes, lámparas de vapor de mercurio",0.01
Chiapas,Frontera Comalapa,2022,Petrolífero,Microgenerador,Lodos,Lodos aceitosos,0.01
Chiapas,Frontera Comalapa,2022,Petrolífero,Microgenerador,Residuos sólidos,"Estopa, trapo, plásticos, cartón, madera, brochas, papel, cepillo, etc., impregnados con pinturas, grasas, aceites, hidrocarburos",0.04
Chiapas,Frontera Comalapa,2022,Petrolífero,Microgenerador,Residuos sólidos,"Lámparas fluorescentes, lámparas de vapor de mercurio",0
Chiapas,Mapastepec,2022,Petrolífero,Microgenerador,"Gasolina, diésel y naftas gastados o sucios provenientes de estaciones de servicio y talleres automotrices","Gasolina, diesel y naftas gastados o sucios",0.03
Chiapas,Mapastepec,2022,Petrolífero,Microgenerador,Lodos,Lodos aceitosos,0.05
Chiapas,Mapastepec,2022,Petrolífero,Microgenerador,Residuos sólidos,"Estopa, trapo, plásticos, cartón, madera, brochas, papel, cepillo, etc., impregnados con pinturas, grasas, aceites, hidrocarburos",0.1
Chiapas,Ocosingo,2022,Petrolífero,Microgenerador,Lodos,Lodos aceitosos,0.4
Chiapas,Ocosingo,2022,Petrolífero,Microgenerador,Residuos sólidos,"Estopa, trapo, plásticos, cartón, madera, brochas, papel, cepillo, etc., impregnados con pinturas, grasas, aceites, hidrocarburos",0.4
Chiapas,Ocozocoautla de Espinosa,2022,Petrolífero,Microgenerador,Lodos,Lodos aceitosos,0.02
Chiapas,Ocozocoautla de Espinosa,2022,Petrolífero,Microgenerador,Residuos sólidos,"Estopa, trapo, plásticos, cartón, madera, brochas, papel, cepillo, etc., impregnados con pinturas, grasas, aceites, hidrocarburos",0.12
Chiapas,Ocozocoautla de Espinosa,2022,Petrolífero,Microgenerador,Residuos sólidos,"Lámparas fluorescentes, lámparas de vapor de mercurio",0
Chiapas,Pijijiapan,2022,Petrolífero,Microgenerador,"Gasolina, diésel y naftas gastados o sucios provenientes de estaciones de servicio y talleres automotrices","Gasolina, diesel y naftas gastados o sucios",0.05
Chiapas,Pijijiapan,2022,Petrolífero,Microgenerador,Lodos,Lodos aceitosos,0.2
Chiapas,Pijijiapan,2022,Petrolífero,Microgenerador,Residuos sólidos,"Estopa, trapo, plásticos, cartón, madera, brochas, papel, cepillo, etc., impregnados con pinturas, grasas, aceites, hidrocarburos",0.04
Chiapas,Suchiate,2022,Petrolífero,Microgenerador,Lodos,Lodos aceitosos,0.01
Chiapas,Suchiate,2022,Petrolífero,Microgenerador,Residuos sólidos,"Estopa, trapo, plásticos, cartón, madera, brochas, papel, cepillo, etc., impregnados con pinturas, grasas, aceites, hidrocarburos",0.05
Chiapas,Suchiate,2022,Petrolífero,Microgenerador,Residuos sólidos,"Lámparas fluorescentes, lámparas de vapor de mercurio",0
Chiapas,Tapachula,2022,Petrolífero,Microgenerador,Lodos,Lodos aceitosos,0.22
Chiapas,Tapachula,2022,Petrolífero,Microgenerador,Residuos sólidos,"Estopa, trapo, plásticos, cartón, madera, brochas, papel, cepillo, etc., impregnados con pinturas, grasas, aceites, hidrocarburos",0.17
Chiapas,Tecpatán,2022,Petrolífero,Microgenerador,Lodos,Lodos aceitosos,0.01
Chiapas,Tecpatán,2022,Petrolífero,Microgenerador,Residuos sólidos,"Estopa, trapo, plásticos, cartón, madera, brochas, papel, cepillo, etc., impregnados con pinturas, grasas, aceites, hidrocarburos",0.04
Chiapas,Tecpatán,2022,Petrolífero,Microgenerador,Residuos sólidos,"Lámparas fluorescentes, lámparas de vapor de mercurio",0
Chiapas,Tuxtla Gutiérrez,2022,Petrolífero,Microgenerador,"Gasolina, diésel y naftas gastados o sucios provenientes de estaciones de servicio y talleres automotrices","Gasolina, diesel y naftas gastados o sucios",0.08
Chiapas,Tuxtla Gutiérrez,2022,Petrolífero,Microgenerador,Lodos,Lodos aceitosos,0.98
Chiapas,Tuxtla Gutiérrez,2022,Petrolífero,Microgenerador,Residuos sólidos,"Estopa, trapo, plásticos, cartón, madera, brochas, papel, cepillo, etc., impregnados con pinturas, grasas, aceites, hidrocarburos",0.46
Chiapas,Comitán de Domínguez,2023,Petrolífero,Microgenerador,Agua contaminada,"Agua contaminada con hidrocarburos, combustibles, aceite o grasa",0.1
Chiapas,Comitán de Domínguez,2023,Petrolífero,Microgenerador,"Gasolina, diésel y naftas gastados o sucios provenientes de estaciones de servicio y talleres automotrices","Gasolina, diesel y naftas gastados o sucios",0.02
Chiapas,Comitán de Domínguez,2023,Petrolífero,Microgenerador,Lodos,Lodos aceitosos,0.43
Chiapas,Comitán de Domínguez,2023,Petrolífero,Microgenerador,Residuos sólidos,"Estopa, trapo, plásticos, cartón, madera, brochas, papel, cepillo, etc., impregnados con pinturas, grasas, aceites, hidrocarburos",0.59
Chiapas,La Concordia,2023,Petrolífero,Microgenerador,Agua contaminada,"Agua contaminada con hidrocarburos, combustibles, aceite o grasa",0.1
Chiapas,La Concordia,2023,Petrolífero,Microgenerador,"Gasolina, diésel y naftas gastados o sucios provenientes de estaciones de servicio y talleres automotrices","Gasolina, diesel y naftas gastados o sucios",0.02
Chiapas,La Concordia,2023,Petrolífero,Microgenerador,Lodos,Lodos aceitosos,0.03
Chiapas,La Concordia,2023,Petrolífero,Microgenerador,Residuos sólidos,"Estopa, trapo, plásticos, cartón, madera, brochas, papel, cepillo, etc., impregnados con pinturas, grasas, aceites, hidrocarburos",0.18
Chiapas,Chiapa de Corzo,2023,Petrolífero,Pequeño Generador,Aceites gastados,Lubricantes,1.26
Chiapas,Juárez,2023,Petrolífero,Pequeño Generador,Agua contaminada,"Agua contaminada con hidrocarburos, combustibles, aceite o grasa",1.6
Chiapas,Juárez,2023,Petrolífero,Pequeño Generador,Lodos,Lodos aceitosos,1
Chiapas,Juárez,2023,Petrolífero,Pequeño Generador,Residuos sólidos,"Estopa, trapo, plásticos, cartón, madera, brochas, papel, cepillo, etc., impregnados con pinturas, grasas, aceites, hidrocarburos",0.4
Chiapas,Mapastepec,2023,Petrolífero,Microgenerador,"Gasolina, diésel y naftas gastados o sucios provenientes de estaciones de servicio y talleres automotrices","Gasolina, diesel y naftas gastados o sucios",0.03
Chiapas,Mapastepec,2023,Petrolífero,Microgenerador,Lodos,Lodos aceitosos,0.05
Chiapas,Mapastepec,2023,Petrolífero,Microgenerador,Residuos sólidos,"Estopa, trapo, plásticos, cartón, madera, brochas, papel, cepillo, etc., impregnados con pinturas, grasas, aceites, hidrocarburos",0.1
Chiapas,Las Margaritas,2023,Petrolífero,Microgenerador,Agua contaminada,"Agua contaminada con hidrocarburos, combustibles, aceite o grasa",0.1
Chiapas,Las Margaritas,2023,Petrolífero,Microgenerador,"Gasolina, diésel y naftas gastados o sucios provenientes de estaciones de servicio y talleres automotrices","Gasolina, diesel y naftas gastados o sucios",0.02
Chiapas,Las Margaritas,2023,Petrolífero,Microgenerador,Lodos,Lodos aceitosos,0.03
Chiapas,Las Margaritas,2023,Petrolífero,Microgenerador,Residuos sólidos,"Estopa, trapo, plásticos, cartón, madera, brochas, papel, cepillo, etc., impregnados con pinturas, grasas, aceites, hidrocarburos",0.19
Chiapas,Ocosingo,2023,Petrolífero,Microgenerador,Lodos,Lodos aceitosos,0.01
Chiapas,Ocosingo,2023,Petrolífero,Microgenerador,Residuos sólidos,"Estopa, trapo, plásticos, cartón, madera, brochas, papel, cepillo, etc., impregnados con pinturas, grasas, aceites, hidrocarburos",0.06
Chiapas,Palenque,2023,Petrolífero,Microgenerador,Residuos sólidos,"Estopa, trapo, plásticos, cartón, madera, brochas, papel, cepillo, etc., impregnados con pinturas, grasas, aceites, hidrocarburos",0.12
Chiapas,Palenque,2023,Petrolífero,Microgenerador,Residuos sólidos,"Estopa, trapo, plásticos, cartón, madera, brochas, papel, cepillo, etc., impregnados con pinturas, grasas, aceites, hidrocarburos",0.26
Chiapas,Pichucalco,2023,Petrolífero,Microgenerador,Lodos,Lodos aceitosos,0.2
Chiapas,Pichucalco,2023,Petrolífero,Microgenerador,Residuos sólidos,"Estopa, trapo, plásticos, cartón, madera, brochas, papel, cepillo, etc., impregnados con pinturas, grasas, aceites, hidrocarburos",0.2
Chiapas,Pichucalco,2023,Petrolífero,Pequeño Generador,Agua contaminada,"Agua contaminada con hidrocarburos, combustibles, aceite o grasa",1.6
Chiapas,Pichucalco,2023,Petrolífero,Pequeño Generador,Lodos,Lodos aceitosos,1
Chiapas,Pichucalco,2023,Petrolífero,Pequeño Generador,Residuos sólidos,"Estopa, trapo, plásticos, cartón, madera, brochas, papel, cepillo, etc., impregnados con pinturas, grasas, aceites, hidrocarburos",0.4
Chiapas,San Cristóbal de las Casas,2023,Petrolífero,Microgenerador,Agua contaminada,"Agua contaminada con hidrocarburos, combustibles, aceite o grasa",0.1
Chiapas,San Cristóbal de las Casas,2023,Petrolífero,Microgenerador,"Gasolina, diésel y naftas gastados o sucios provenientes de estaciones de servicio y talleres automotrices","Gasolina, diesel y naftas gastados o sucios",0.02
Chiapas,San Cristóbal de las Casas,2023,Petrolífero,Microgenerador,Lodos,Lodos aceitosos,0.03
Chiapas,San Cristóbal de las Casas,2023,Petrolífero,Microgenerador,Residuos sólidos,"Estopa, trapo, plásticos, cartón, madera, brochas, papel, cepillo, etc., impregnados con pinturas, grasas, aceites, hidrocarburos",0.19
Chiapas,San Cristóbal de las Casas,2023,Petrolífero,Microgenerador,Residuos sólidos,"Lámparas fluorescentes, lámparas de vapor de mercurio",0.04
Chiapas,Tapachula,2023,Petrolífero,Microgenerador,Aceites gastados,Hidráulicos,0.16
Chiapas,Tapachula,2023,Petrolífero,Microgenerador,Agua contaminada,"Agua contaminada con hidrocarburos, combustibles, aceite o grasa",0.03
Chiapas,Tapachula,2023,Petrolífero,Microgenerador,"Gasolina, diésel y naftas gastados o sucios provenientes de estaciones de servicio y talleres automotrices","Gasolina, diesel y naftas gastados o sucios",0.02
Chiapas,Tapachula,2023,Petrolífero,Microgenerador,Lodos,Lodos aceitosos,0.04
Chiapas,Tapachula,2023,Petrolífero,Microgenerador,Residuos sólidos,"Estopa, trapo, plásticos, cartón, madera, brochas, papel, cepillo, etc., impregnados con pinturas, grasas, aceites, hidrocarburos",0.13
Chiapas,Tapachula,2023,Petrolífero,Pequeño Generador,Residuos sólidos,"Estopa, trapo, plásticos, cartón, madera, brochas, papel, cepillo, etc., impregnados con pinturas, grasas, aceites, hidrocarburos",2.75
Chiapas,Tapachula,2023,Petrolífero,Pequeño Generador,Residuos sólidos,"Estopa, trapo, plásticos, cartón, madera, brochas, papel, cepillo, etc., impregnados con pinturas, grasas, aceites, hidrocarburos",2.2
Chiapas,Tuxtla Gutiérrez,2023,Petrolífero,Microgenerador,"Gasolina, diésel y naftas gastados o sucios provenientes de estaciones de servicio y talleres automotrices","Gasolina, diesel y naftas gastados o sucios",0.08
Chiapas,Tuxtla Gutiérrez,2023,Petrolífero,Microgenerador,Lodos,Lodos aceitosos,0.25
Chiapas,Tuxtla Gutiérrez,2023,Petrolífero,Microgenerador,Residuos sólidos,"Estopa, trapo, plásticos, cartón, madera, brochas, papel, cepillo, etc., impregnados con pinturas, grasas, aceites, hidrocarburos",0.32
Chiapas,Tuxtla Gutiérrez,2023,Petrolífero,Microgenerador,Residuos sólidos,"Lámparas fluorescentes, lámparas de vapor de mercurio",0
Chiapas,Villaflores,2023,Petrolífero,Microgenerador,Agua contaminada,"Agua contaminada con hidrocarburos, combustibles, aceite o grasa",0.1
Chiapas,Villaflores,2023,Petrolífero,Microgenerador,"Gasolina, diésel y naftas gastados o sucios provenientes de estaciones de servicio y talleres automotrices","Gasolina, diesel y naftas gastados o sucios",0.02
Chiapas,Villaflores,2023,Petrolífero,Microgenerador,Lodos,Lodos aceitosos,0.03
Chiapas,Villaflores,2023,Petrolífero,Microgenerador,Residuos sólidos,"Estopa, trapo, plásticos, cartón, madera, brochas, papel, cepillo, etc., impregnados con pinturas, grasas, aceites, hidrocarburos",0.19
Chiapas,Villaflores,2023,Petrolífero,Microgenerador,Residuos sólidos,"Lámparas fluorescentes, lámparas de vapor de mercurio",0.04
Chiapas,Berriozábal,2024,Petrolífero,Microgenerador,Lodos,Lodos aceitosos,0.06
Chiapas,Berriozábal,2024,Petrolífero,Microgenerador,Residuos sólidos,"Estopa, trapo, plásticos, cartón, madera, brochas, papel, cepillo, etc., impregnados con pinturas, grasas, aceites, hidrocarburos",0.05
Chiapas,Comitán de Domínguez,2024,Petrolífero,Microgenerador,Lodos,Lodos aceitosos,0.28
Chiapas,Comitán de Domínguez,2024,Petrolífero,Microgenerador,Residuos sólidos,"Estopa, trapo, plásticos, cartón, madera, brochas, papel, cepillo, etc., impregnados con pinturas, grasas, aceites, hidrocarburos",0.12
Chiapas,La Concordia,2024,Petrolífero,Microgenerador,Agua contaminada,"Agua contaminada con hidrocarburos, combustibles, aceite o grasa",0.1
Chiapas,La Concordia,2024,Petrolífero,Microgenerador,Gasolina y otros combustibles,"Gasolina, diesel y naftas gastados o sucios",0.02
Chiapas,La Concordia,2024,Petrolífero,Microgenerador,Lodos,Lodos aceitosos,0.03
Chiapas,La Concordia,2024,Petrolífero,Microgenerador,Residuos sólidos,"Estopa, trapo, plásticos, cartón, madera, brochas, papel, cepillo, etc., impregnados con pinturas, grasas, aceites, hidrocarburos",0.2
Chiapas,Chiapa de Corzo,2024,Petrolífero,Pequeño Generador,Agua contaminada,"Agua contaminada con hidrocarburos, combustibles, aceite o grasa",0.05
Chiapas,Chiapa de Corzo,2024,Petrolífero,Pequeño Generador,Gasolina y otros combustibles,"Gasolina, diesel y naftas gastados o sucios",0.24
Chiapas,Chiapa de Corzo,2024,Petrolífero,Pequeño Generador,Lodos,Lodos aceitosos,0.38
Chiapas,Chiapa de Corzo,2024,Petrolífero,Pequeño Generador,Residuos sólidos,"Estopa, trapo, plásticos, cartón, madera, brochas, papel, cepillo, etc., impregnados con pinturas, grasas, aceites, hidrocarburos",0.58
Chiapas,Chiapa de Corzo,2024,Petrolífero,Pequeño Generador,Solventes,Residuos de solventes,0.1
Chiapas,Frontera Comalapa,2024,Petrolífero,Microgenerador,Lodos,Lodos aceitosos,0.29
Chiapas,Frontera Comalapa,2024,Petrolífero,Microgenerador,Residuos sólidos,"Estopa, trapo, plásticos, cartón, madera, brochas, papel, cepillo, etc., impregnados con pinturas, grasas, aceites, hidrocarburos",0.18
Chiapas,Jiquipilas,2024,Petrolífero,Microgenerador,Lodos,Lodos aceitosos,0.01
Chiapas,Jiquipilas,2024,Petrolífero,Microgenerador,Residuos sólidos,"Estopa, trapo, plásticos, cartón, madera, brochas, papel, cepillo, etc., impregnados con pinturas, grasas, aceites, hidrocarburos",0.04
Chiapas,Jiquipilas,2024,Petrolífero,Microgenerador,Residuos sólidos,"Lámparas fluorescentes, lámparas de vapor de mercurio",0.01
Chiapas,Reforma,2024,Petrolero,Gran Generador,Agua contaminada,"Agua contaminada con hidrocarburos, combustibles, aceite o grasa",4
Chiapas,Reforma,2024,Petrolero,Gran Generador,Agua contaminada,Lubricantes,2
Chiapas,Reforma,2024,Petrolero,Gran Generador,Residuos sólidos,"Estopa, trapo, plásticos, cartón, madera, brochas, papel, cepillo, etc., impregnados con pinturas, grasas, aceites, hidrocarburos",3.5
Chiapas,Reforma,2024,Petrolífero,Microgenerador,Lodos,Lodos aceitosos,0.2
Chiapas,Reforma,2024,Petrolífero,Microgenerador,Residuos sólidos,"Estopa, trapo, plásticos, cartón, madera, brochas, papel, cepillo, etc., impregnados con pinturas, grasas, aceites, hidrocarburos",0.2
Chiapas,San Cristóbal de las Casas,2024,Petrolífero,Microgenerador,Lodos,Lodos aceitosos,0.03
Chiapas,San Cristóbal de las Casas,2024,Petrolífero,Microgenerador,Residuos sólidos,"Estopa, trapo, plásticos, cartón, madera, brochas, papel, cepillo, etc., impregnados con pinturas, grasas, aceites, hidrocarburos",0.15
Chiapas,San Cristóbal de las Casas,2024,Petrolífero,Pequeño Generador,Lodos,Lodos aceitosos,0.25
Chiapas,San Cristóbal de las Casas,2024,Petrolífero,Pequeño Generador,Residuos sólidos,"Estopa, trapo, plásticos, cartón, madera, brochas, papel, cepillo, etc., impregnados con pinturas, grasas, aceites, hidrocarburos",0.25
Chiapas,Socoltenango,2024,Petrolífero,Microgenerador,Lodos,Lodos aceitosos,0.06
Chiapas,Socoltenango,2024,Petrolífero,Microgenerador,Residuos sólidos,"Estopa, trapo, plásticos, cartón, madera, brochas, papel, cepillo, etc., impregnados con pinturas, grasas, aceites, hidrocarburos",0.01
Chiapas,Tapachula,2024,Petrolífero,Microgenerador,Aceites gastados,Hidráulicos,0.16
Chiapas,Tapachula,2024,Petrolífero,Microgenerador,Lodos,Lodos aceitosos,0.26
Chiapas,Tapachula,2024,Petrolífero,Microgenerador,Residuos sólidos,"Estopa, trapo, plásticos, cartón, madera, brochas, papel, cepillo, etc., impregnados con pinturas, grasas, aceites, hidrocarburos",0.43
Chiapas,Tapachula,2024,Petrolífero,Pequeño Generador,Aceites gastados,Hidráulicos,0.3
Chiapas,Tapachula,2024,Petrolífero,Pequeño Generador,Residuos sólidos,"Estopa, trapo, plásticos, cartón, madera, brochas, papel, cepillo, etc., impregnados con pinturas, grasas, aceites, hidrocarburos",1.2
Chiapas,Teopisca,2024,Petrolífero,Microgenerador,Lodos,Lodos aceitosos,0.04
Chiapas,Teopisca,2024,Petrolífero,Microgenerador,Residuos sólidos,"Estopa, trapo, plásticos, cartón, madera, brochas, papel, cepillo, etc., impregnados con pinturas, grasas, aceites, hidrocarburos",0.04
Chiapas,Tonalá,2024,Petrolífero,Microgenerador,Lodos,Lodos aceitosos,0.03
Chiapas,Tonalá,2024,Petrolífero,Microgenerador,Residuos sólidos,"Estopa, trapo, plásticos, cartón, madera, brochas, papel, cepillo, etc., impregnados con pinturas, grasas, aceites, hidrocarburos",0.15
Chiapas,Tuxtla Gutiérrez,2024,Petrolífero,Microgenerador,Aceites gastados,Hidráulicos,0.06
Chiapas,Tuxtla Gutiérrez,2024,Petrolífero,Microgenerador,Lodos,Lodos aceitosos,0.32
Chiapas,Tuxtla Gutiérrez,2024,Petrolífero,Microgenerador,Residuos sólidos,"Estopa, trapo, plásticos, cartón, madera, brochas, papel, cepillo, etc., impregnados con pinturas, grasas, aceites, hidrocarburos",0.5
Chihuahua,Sin Dato,2017,Petrolero,Microgenerador,Aceites gastados,Lubricantes,0.6
Chihuahua,Sin Dato,2017,Petrolero,Microgenerador,"Gasolina, diesel y naftas gastados o sucios provenientes de estaciónes de servicio y talleres automotrices",Gasolinas sucias,0.1
Chihuahua,Sin Dato,2017,Petrolero,Microgenerador,Lodos,Lodos provenientes de tanques de almacenaniento,0.36
Chihuahua,Sin Dato,2017,Petrolero,Microgenerador,Lodos aceitosos,"Con contaminacion de hidrocarburos, combustibles, aceite",2.19
Chihuahua,Sin Dato,2017,Petrolero,Microgenerador,Residuos solidos,"Botes o recipientes que contuvieron contaminantes diversos, latas de pintura, aerosoles",0.04
Chihuahua,Sin Dato,2017,Petrolero,Microgenerador,Residuos solidos,"Estopa, trapo, plasticos, carton, madera, brochas, papel, cepillo, etc., impregnados con pinturas, grasas, aceites, hidrocarburos",0.37
Chihuahua,Sin Dato,2017,Petrolero,Pequeno Generador,Aceites gastados,Lubricantes,5.27
Chihuahua,Sin Dato,2017,Petrolero,Pequeno Generador,"Baterias, celdas y pilas",Pilas alcalinas,0
Chihuahua,Sin Dato,2017,Petrolero,Pequeno Generador,"Baterias, celdas y pilas","Pilas, baterias, acumuladores, celdas de desecho: niquel-cadmio, plomo, mercurio",0
Chihuahua,Sin Dato,2017,Petrolero,Pequeno Generador,"Gasolina, diesel y naftas gastados o sucios provenientes de estaciónes de servicio y talleres automotrices",Gasolinas sucias,2.42
Chihuahua,Sin Dato,2017,Petrolero,Pequeno Generador,Liquidos de proceso,"Agua contaminada con hidrocarburos, combustibles, aceite o grasa",18.14
Chihuahua,Sin Dato,2017,Petrolero,Pequeno Generador,Lodos,Lodos provenientes de tanques de almacenaniento,190
Chihuahua,Sin Dato,2017,Petrolero,Pequeno Generador,Lodos aceitosos,"Con contaminacion de hidrocarburos, combustibles, aceite",66.18
Chihuahua,Sin Dato,2017,Petrolero,Pequeno Generador,Material textil,"Telas, felpas, estopas",2.23
Chihuahua,Sin Dato,2017,Petrolero,Pequeno Generador,Residuos solidos,Balastras,0.02
Chihuahua,Sin Dato,2017,Petrolero,Pequeno Generador,Residuos solidos,"Botes o recipientes que contuvieron contaminantes diversos, latas de pintura, aerosoles",14.47
Chihuahua,Sin Dato,2017,Petrolero,Pequeno Generador,Residuos solidos,Con metales pesados,0
Chihuahua,Sin Dato,2017,Petrolero,Pequeno Generador,Residuos solidos,De mantenimiento automotríz,0.21
Chihuahua,Sin Dato,2017,Petrolero,Pequeno Generador,Residuos solidos,"Estopa, trapo, plasticos, carton, madera, brochas, papel, cepillo, etc., impregnados con pinturas, grasas, aceites, hidrocarburos",3.16
Chihuahua,Sin Dato,2017,Petrolero,Pequeno Generador,Residuos solidos,Lampara fluorescentes,0.01
Chihuahua,Sin Dato,2017,Petrolero,Pequeno Generador,Residuos solidos,"Mangueras, pistolas o filtros para despacho de combustibles, descarga de contaminantes",0.22
Chihuahua,Sin Dato,2017,Petrolero,Pequeno Generador,Residuos solidos,No especificado,0.69
Chihuahua,Sin Dato,2017,Petrolero,Pequeno Generador,Residuos solidos,"Tierra, grava, acerrín impregnados con aceites, grasas e hidrocarburos",0.33
Chihuahua,Sin Dato,2017,Petrolero,Pequeno Generador,Otros,"Pilas, baterias, focos",0.02
Chihuahua,Sin Dato,2017,Petroleo y petroquimica,Microgenerador,"Baterias, celdas y pilas",No especificado,0.01
Chihuahua,Sin Dato,2017,Petroleo y petroquimica,Microgenerador,Residuos solidos,"Botes o recipientes que contuvieron contaminantes diversos, latas de pintura, aerosoles",0
Chihuahua,Sin Dato,2017,Petroleo y petroquimica,Microgenerador,Residuos solidos,"Estopa, trapo, plasticos, carton, madera, brochas, papel, cepillo, etc., impregnados con pinturas, grasas, aceites, hidrocarburos",0
Chihuahua,Sin Dato,2017,Petroleo y petroquimica,Pequeno Generador,Aceites gastados,Hidraulicos,0.96
Chihuahua,Sin Dato,2017,Petroleo y petroquimica,Pequeno Generador,Aceites gastados,Lubricantes,10.14
Chihuahua,Sin Dato,2017,Petroleo y petroquimica,Pequeno Generador,"Baterias, celdas y pilas",Pilas alcalinas,0.01
Chihuahua,Sin Dato,2017,Petroleo y petroquimica,Pequeno Generador,"Baterias, celdas y pilas","Pilas, baterias, acumuladores, celdas de desecho: niquel-cadmio, plomo, mercurio",3.28
Chihuahua,Sin Dato,2017,Petroleo y petroquimica,Pequeno Generador,Lodos aceitosos,Otros lodos,4.8
Chihuahua,Sin Dato,2017,Petroleo y petroquimica,Pequeno Generador,Material textil,"Telas, felpas, estopas",1.86
Chihuahua,Sin Dato,2017,Petroleo y petroquimica,Pequeno Generador,Pinturas y productos relacionados,"Residuos de pinturas, pinturas caducadas",0.3
Chihuahua,Sin Dato,2017,Petroleo y petroquimica,Pequeno Generador,Residuos Liquidos,De mantenimiento automotríz,0.96
Chihuahua,Sin Dato,2017,Petroleo y petroquimica,Pequeno Generador,Residuos Liquidos,"Residuos de sustancias contaminantes (hidrocarburos, combustibles, aceites, grasas, pinturas)",3.4
Chihuahua,Sin Dato,2017,Petroleo y petroquimica,Pequeno Generador,Residuos solidos,Balastras,0.07
Chihuahua,Sin Dato,2017,Petroleo y petroquimica,Pequeno Generador,Residuos solidos,"Botes o recipientes que contuvieron contaminantes diversos, latas de pintura, aerosoles",1.57
Chihuahua,Sin Dato,2017,Petroleo y petroquimica,Pequeno Generador,Residuos solidos,"Con contaminacion de gas natural, mercaptano",3.74
Chihuahua,Sin Dato,2017,Petroleo y petroquimica,Pequeno Generador,Residuos solidos,"Estopa, trapo, plasticos, carton, madera, brochas, papel, cepillo, etc., impregnados con pinturas, grasas, aceites, hidrocarburos",2.43
Chihuahua,Sin Dato,2017,Petroleo y petroquimica,Pequeno Generador,Residuos solidos,Lampara fluorescentes,0.01
Chihuahua,Sin Dato,2017,Petroleo y petroquimica,Pequeno Generador,Residuos solidos,Partes electrónicas y consumibles de impresoras,0
Chihuahua,Sin Dato,2017,Petroleo y petroquimica,Pequeno Generador,Residuos solidos,"Residuos de sustancias contaminantes (hidrocarburos, combustibles, aceites, grasas, pinturas)",0.02
Chihuahua,Sin Dato,2017,Petroleo y petroquimica,Pequeno Generador,Residuos solidos,"Tierra, grava, acerrín impregnados con aceites, grasas e hidrocarburos",1.6
Chihuahua,Sin Dato,2017,Petroleo y petroquimica,Pequeno Generador,Residuos solidos,Otros solidos,0.07
Chihuahua,Sin Dato,2017,Petrolero,Microgenerador,Solventes,Solventes organicos usados,0.03
Chihuahua,Sin Dato,2017,Petrolero,Pequeno Generador,Solventes,Solventes organicos usados,1.77
Chihuahua,Sin Dato,2017,Petroleo y petroquimica,Pequeno Generador,Solventes,Solventes organicos usados,0.04
Chihuahua,Sin Dato,2018,Petrolifero,Microgenerador,Aceites gastados (Lubricantes),Aceites gastados lubricantes,0.53
Chihuahua,Sin Dato,2018,Petrolifero,Microgenerador,Baterias alcalinas,Pilas alcalinas,0
Chihuahua,Sin Dato,2018,Petrolifero,Microgenerador,Filtro de aire o aceite contaminados,Filtros de aire usados,0
Chihuahua,Sin Dato,2018,Petrolifero,Microgenerador,Liquidos residuales de proceso no corrosivos,Agua con hidrocaruros,0.04
Chihuahua,Sin Dato,2018,Petrolifero,Microgenerador,Lodos Contaminados con Hidrocarburos,Lodos aceitosos,2.8
Chihuahua,Sin Dato,2018,Petrolifero,Microgenerador,Solidos contaminados con hidrocarburos diversos,"Filtros, mangueras, envases, botes, cubetas, contenedores, trapos, guantes, carton, aserrin, material absorbente,Estopas y trapos impregnados con combustible, Envases vacios impregnados de aceite",1.39
Chihuahua,Sin Dato,2018,Petrolifero,Pequeno generador,Aceites gastados (Hidraulicos),Aceite gastado hidraulico,25.55
Chihuahua,Sin Dato,2018,Petrolifero,Pequeno generador,Aceites gastados (Lubricantes),Aceites gastados lubricantes,103.29
Chihuahua,Sin Dato,2018,Petrolifero,Pequeno generador,Baterias alcalinas,Pilas alcalinas,0.35
Chihuahua,Sin Dato,2018,Petrolifero,Pequeno generador,Botes de Presurizados,Envases de aerosol,0.6
Chihuahua,Sin Dato,2018,Petrolifero,Pequeno generador,Filtro de aire o aceite contaminados,Filtros de aire usados,8.8
Chihuahua,Sin Dato,2018,Petrolifero,Pequeno generador,"Gasolina, Diesel y Naftas gastados o sucios","Gasolina, Diesel y Naftas gastados o sucios provenientes de Estaciones de Servicio y Talleres Automotrices",5.97
Chihuahua,Sin Dato,2018,Petrolifero,Pequeno generador,Lamparas fluorescentes y de vapor de mercurio,Lamparas fluorescentes y de vapor de mercurio,0.59
Chihuahua,Sin Dato,2018,Petrolifero,Pequeno generador,Liquidos residuales de proceso no corrosivos,Agua con hidrocaruros,124.4
Chihuahua,Sin Dato,2018,Petrolifero,Pequeno generador,Lodos Contaminados con Hidrocarburos,Lodos aceitosos,317.98
Chihuahua,Sin Dato,2018,Petrolifero,Pequeno generador,Lodos de tanques de almacenamiento de hidrocarburos,Lodos de tanques de hidrocarburos,18.12
Chihuahua,Sin Dato,2018,Petrolifero,Pequeno generador,Pilas o Baterias con Litio o Cadmio,Pilas Niquel-Cadmio,0.48
Chihuahua,Sin Dato,2018,Petrolifero,Pequeno generador,Solidos contaminados con hidrocarburos diversos,"Filtros, mangueras, envases, botes, cubetas, contenedores, trapos, guantes, carton, aserrin, material absorbente,Estopas y trapos impregnados con combustible, Envases vacios impregnados de aceite",71.69
Chihuahua,Sin Dato,2018,Petrolifero,Pequeno generador,Solidos contaminados con pinturas o solventes diverso,"Envases, botes, cubetas, contenedores, trapos, guantes, carton, EPP, carton, envases, franelas, filtros impregnados",1.69
Chihuahua,Sin Dato,2018,Petrolifero,Pequeno generador,Solidos de mantenimiento impregnados con Hidrocarburos,"trapos impregnados con aceite, grasas, etc. Usados en la limpieza y/o revision de autos",7.71
Chihuahua,Sin Dato,2018,Petrolifero,Pequeno generador,Solventes Gastados,Residuos de solventes,1.9
Chihuahua,Sin Dato,2019,Petrolero,Microgenerador,ACEITES GASTADOS,ACEITES GASTADOS LUBRICANTES,0.004
Chihuahua,Sin Dato,2019,Petrolero,Microgenerador,OTROS,OTROS (RESIDUOS DE PIGMENTOS BASE CROMO Y BASE PLOMO),0.007
Chihuahua,Sin Dato,2019,Petrolero,Microgenerador,solidos,solidos OTROS (FELPAS IMPREGNADAS DE PIGMENTOS DE CROMO Y PLOMO),0.009
Chihuahua,Sin Dato,2019,Petrolero,Microgenerador,solidos,solidos DE MANTENIMIENTO AUTOMOTRIZ,0.014
Chihuahua,Sin Dato,2019,Petrolero,Microgenerador,solidos,solidos CON METALES PESADOS,0.05
Chihuahua,Sin Dato,2019,Petrolero,Microgenerador,solidos,solidos OTROS (baterias ALCALINAS USADAS),0.005
Chihuahua,Sin Dato,2019,Petrolero,Microgenerador,solidos,"solidos OTROS (SUELO CONTAMINADO CON ACEITE LUBRICANTE GASTADO, DIÉSEL, GASOLINA)",0.007
Chihuahua,Sin Dato,2019,Petrolero,Pequeno Generador,ACEITES GASTADOS,ACEITES GASTADOS LUBRICANTES,0.1
Chihuahua,Sin Dato,2019,Petrolero,Pequeno Generador,OTROS,"OTROS (MATERIALES ABSORBENTES COMO ESTOPAS, TRAPOS, PAPEL Y CARTÓN CONTAMINADOS CON GASOLINA Y DIÉSEL)",0.3
Chihuahua,Sin Dato,2019,Petrolero,Pequeno Generador,OTROS,OTROS (CONTENEDORES VACÍOS IMPREGNADOS CON HIDROCARBUROS Y FILTROS DE ACEITE),0.1
Chihuahua,Sin Dato,2019,Petrolero,Pequeno Generador,OTROS,OTROS (PARTÍCULAS DE TIERRA IMPREGNADAS CON HIDROCARBUROS Y ACEITE.),0.5
Chihuahua,Sin Dato,2019,Petrolero,Pequeno Generador,OTROS,Otros,0
Chihuahua,Sin Dato,2019,Petrolifero,Microgenerador,Aceites gastados,Lubricantes,0.12
Chihuahua,Sin Dato,2019,Petrolifero,Microgenerador,"Baterias, celdas y pilas",Pilas alcalinas,0.001
Chihuahua,Sin Dato,2019,Petrolifero,Microgenerador,Liquidos de proceso,Liquidos con residuos de hidrocarburos,0
Chihuahua,Sin Dato,2019,Petrolifero,Microgenerador,Lodos,Lodos aceitosos,0
Chihuahua,Sin Dato,2019,Petrolifero,Microgenerador,Residuos solidos,"Estopa, trapo, plásticos, cartón, madera, brochas, papel, cepillo, etc., impregnados con pinturas, grasas, aceites, hidrocarburos",0.016
Chihuahua,Sin Dato,2019,Petrolifero,Microgenerador,Residuos solidos,Filtro de aire o de aceite contaminados,0.0036
Chihuahua,Sin Dato,2019,Petrolifero,Pequeno Generador,Aceites gastados,hidraulicos,4.4768
Chihuahua,Sin Dato,2019,Petrolifero,Pequeno Generador,Aceites gastados,Lubricantes,16.518
Chihuahua,Sin Dato,2019,Petrolifero,Pequeno Generador,"Baterias, celdas y pilas",Pilas alcalinas,0.008
Chihuahua,Sin Dato,2019,Petrolifero,Pequeno Generador,"Baterias, celdas y pilas",Pilas o baterias de Niquel - Cadmio,0
Chihuahua,Sin Dato,2019,Petrolifero,Pequeno Generador,"Gasolina, diesel y naftas gastados o sucios provenientes de estaciónes de servicio y talleres automotrices","Gasolina, diesel y naftas gastados o sucios provenientes de estaciones de servicio y talleres automotrices",3
Chihuahua,Sin Dato,2019,Petrolifero,Pequeno Generador,Liquidos de proceso,Liquidos con residuos de hidrocarburos,18.2
Chihuahua,Sin Dato,2019,Petrolifero,Pequeno Generador,Lodos,Lodos aceitosos,4.48
Chihuahua,Sin Dato,2019,Petrolifero,Pequeno Generador,Lodos,Lodos procedentes de trampas de grasas e hidrocarburos,0
Chihuahua,Sin Dato,2019,Petrolifero,Pequeno Generador,Residuos solidos,"Botes o recipientes que contuvieron contaminantes diversos, latas de pintura, aerosoles",0
Chihuahua,Sin Dato,2019,Petrolifero,Pequeno Generador,Residuos solidos,"Botes o recipientes que contuvieron contaminantes diversos, latas de pintura, aerosoles",0
Chihuahua,Sin Dato,2019,Petrolifero,Pequeno Generador,Residuos solidos,"Estopa, trapo, plásticos, cartón, madera, brochas, papel, cepillo, etc., impregnados con pinturas, grasas, aceites, hidrocarburos",8.0674
Chihuahua,Sin Dato,2019,Petrolifero,Pequeno Generador,Residuos solidos,Filtro de aire o de aceite contaminados,1.5742
Chihuahua,Sin Dato,2019,Petrolifero,Pequeno Generador,Residuos solidos,Lámpara fluorescentes,0.025
Chihuahua,Sin Dato,2019,Petrolifero,Pequeno Generador,Solventes,Residuos de solventes,0
Chihuahua,Sin Dato,2020,Petrolero,Microgenerador,Aceites gastados,Aceites gastados lubricantes,0.0528
Chihuahua,Sin Dato,2020,Petrolero,Microgenerador,SÓLIDOS,SÓLIDOS CON METALES PESADOS,0.036
Chihuahua,Sin Dato,2020,Petrolero,Microgenerador,SÓLIDOS,SÓLIDOS OTROS,0.04284
Chihuahua,Sin Dato,2020,Petrolero,Microgenerador,SÓLIDOS,"SÓLIDOS TELAS, PIELES O ASBESTO ENCAPSULADO",0.12
Chihuahua,Sin Dato,2020,Petrolero,Microgenerador,SOLVENTES,SOLVENTES ORGÁNICOS,0.0249
Chihuahua,Sin Dato,2020,Petrolero,Microgenerador,SOLVENTES,SOLVENTES ORGÁNICOS,0.0249
Chihuahua,Sin Dato,2020,Petrolero,Microgenerador,SOLVENTES,SOLVENTES ORGÁNICOS,0.012
Chihuahua,Sin Dato,2020,Petrolero,Pequeno Generador,Aceites gastados,Aceites gastados hidráulicos,0.02
Chihuahua,Sin Dato,2020,Petrolero,Pequeno Generador,Aceites gastados,Aceites gastados lubricantes,0.02
Chihuahua,Sin Dato,2020,Petrolero,Pequeno Generador,Aceites gastados,Aceites gastados lubricantes,0.4
Chihuahua,Sin Dato,2020,Petrolero,Pequeno Generador,OTROS,LÍQUIDOS CONDENSADOS DE GAS NATURAL DERIVADOS DE LAS ACTIVIDADES DE MANTENIMIENTO,1
Chihuahua,Sin Dato,2020,Petrolero,Pequeno Generador,OTROS,MONOETILENGLICOL (ANTICONGELANTE) DERIVADO DE ACTIVIDADES DE MANTENIMIENTO,0.05
Chihuahua,Sin Dato,2020,Petrolero,Pequeno Generador,SÓLIDOS,SÓLIDOS OTROS,0.31345
Chihuahua,Sin Dato,2020,Petrolero,Pequeno Generador,SÓLIDOS,SÓLIDOS OTROS,0.3
Chihuahua,Sin Dato,2020,Petrolero,Pequeno Generador,SÓLIDOS,SÓLIDOS OTROS,1.4
Chihuahua,Sin Dato,2020,Petrolero,Pequeno Generador,SÓLIDOS,SÓLIDOS OTROS,2
Chihuahua,Sin Dato,2020,Petrolero,Pequeno Generador,SÓLIDOS,SÓLIDOS OTROS,0.01
Chihuahua,Sin Dato,2020,Petrolero,Pequeno Generador,SOLVENTES,SOLVENTES ORGÁNICOS,0.03
Chihuahua,Sin Dato,2020,Petrolifero,Microgenerador,Aceites hidraúlicos,Aceites gastados hidráulicos,0.0125
Chihuahua,Sin Dato,2020,Petrolifero,Microgenerador,Aceites lubricantes,Aceites gastados lubricantes,1.206
Chihuahua,Sin Dato,2020,Petrolifero,Microgenerador,Líquidos de proceso,Aguas aceitosas,0.301
Chihuahua,Sin Dato,2020,Petrolifero,Microgenerador,"Baterias, pilas y balastras","Baterias, pilas y balastras",0.1513
Chihuahua,Sin Dato,2020,Petrolifero,Microgenerador,"Gasollina, diésel y naftas gastados","Gasollina, diésel y naftas gastados",0.114
Chihuahua,Sin Dato,2020,Petrolifero,Microgenerador,Lámparas fluorescentes y de vapor de mercurio,Lámparas fluorescentes y de vapor de mercurio,0.005
Chihuahua,Sin Dato,2020,Petrolifero,Microgenerador,Lodos,Lodos aceitosos,1.6511
Chihuahua,Sin Dato,2020,Petrolifero,Microgenerador,Residuos sólidos,"Estopa, trapo, plásticos, cartón, madera, brochas, papel, cepillo, etc., impregnados con pinturas, grasas, aceites, hidrocarburos",1.934
Chihuahua,Sin Dato,2020,Petrolifero,Pequeno Generador,Aceites lubricantes,Aceites gastados lubricantes,1.671
Chihuahua,Sin Dato,2020,Petrolifero,Pequeno Generador,Líquidos de proceso,Aguas aceitosas,111.02
Chihuahua,Sin Dato,2020,Petrolifero,Pequeno Generador,"Baterias, pilas y balastras","Baterias, pilas y balastras",0.523
Chihuahua,Sin Dato,2020,Petrolifero,Pequeno Generador,"Gasollina, diésel y naftas gastados","Gasollina, diésel y naftas gastados",0.7885
Chihuahua,Sin Dato,2020,Petrolifero,Pequeno Generador,Lámparas fluorescentes y de vapor de mercurio,Lámparas fluorescentes y de vapor de mercurio,0.077
Chihuahua,Sin Dato,2020,Petrolifero,Pequeno Generador,Lodos,Lodos aceitosos,13.93044
Chihuahua,Sin Dato,2020,Petrolifero,Pequeno Generador,Residuos sólidos,"Estopa, trapo, plásticos, cartón, madera, brochas, papel, cepillo, etc., impregnados con pinturas, grasas, aceites, hidrocarburos",11.52716
Chihuahua,Sin Dato,2020,Petrolifero,Pequeno Generador,Solventes,Solventes,0.7
Chihuahua,Sin Dato,2021,Petrolero,Microgenerador,Aceites gastados,Lubricantes,0.05
Chihuahua,Sin Dato,2021,Petrolero,Microgenerador,Residuos solidos,Con metales pesados,0.04
Chihuahua,Sin Dato,2021,Petrolero,Microgenerador,Residuos solidos,Otros solidos,0.04
Chihuahua,Sin Dato,2021,Petrolero,Microgenerador,Residuos solidos,"Telas, pieles o asbesto",0.12
Chihuahua,Sin Dato,2021,Petrolero,Microgenerador,Solventes,Solventes orgánicos usados,0.06
Chihuahua,Sin Dato,2021,Petrolero,Pequeno Generador,Aceites gastados,hidraulicos,0.02
Chihuahua,Sin Dato,2021,Petrolero,Pequeno Generador,Aceites gastados,Lubricantes,0.42
Chihuahua,Sin Dato,2021,Petrolero,Pequeno Generador,Anticongelante,"De mantenimiento automotríz, mantenimiento a maquinaria o equipos",0.05
Chihuahua,Sin Dato,2021,Petrolero,Pequeno Generador,Residuos Liquidos,"Con contaminación de gas natural, mercaptano",1
Chihuahua,Sin Dato,2021,Petrolero,Pequeno Generador,Residuos solidos,Otros solidos,3.71
Chihuahua,Sin Dato,2021,Petrolero,Pequeno Generador,Residuos solidos,Otros solidos,0.31
Chihuahua,Sin Dato,2021,Petrolero,Pequeno Generador,Solventes,Solventes orgánicos usados,0.03
Chihuahua,Sin Dato,2021,Petrolifero,Microgenerador,Aceites gastados,hidraulicos,0.01
Chihuahua,Sin Dato,2021,Petrolifero,Microgenerador,Aceites gastados,Lubricantes,1.21
Chihuahua,Sin Dato,2021,Petrolifero,Microgenerador,"baterias, celdas y pilas","Baterias, pilas y balastras",0.15
Chihuahua,Sin Dato,2021,Petrolifero,Microgenerador,"Gasolina, diésel y naftas gastados o sucios provenientes de estaciones de servicio y talleres automotrices","Gasolina, diesel y naftas gastados o sucios",0.11
Chihuahua,Sin Dato,2021,Petrolifero,Microgenerador,Otros,"Agua oleosa, agua contaminada",0.3
Chihuahua,Sin Dato,2021,Petrolifero,Microgenerador,Residuos solidos,"Estopa, trapo, plásticos, cartón, madera, brochas, papel, cepillo, etc., impregnados con pinturas, grasas, aceites, hidrocarburos",1.93
Chihuahua,Sin Dato,2021,Petrolifero,Microgenerador,Residuos solidos,"Lámparas fluorescentes, lámparas de vapor de mercurio",0.01
Chihuahua,Sin Dato,2021,Petrolifero,Microgenerador,Lodos,Lodos aceitosos,1.65
Chihuahua,Sin Dato,2021,Petrolifero,Pequeno Generador,Aceites gastados,Lubricantes,1.67
Chihuahua,Sin Dato,2021,Petrolifero,Pequeno Generador,"baterias, celdas y pilas","Baterias, pilas y balastras",0.52
Chihuahua,Sin Dato,2021,Petrolifero,Pequeno Generador,"Gasolina, diésel y naftas gastados o sucios provenientes de estaciones de servicio y talleres automotrices","Gasolina, diesel y naftas gastados o sucios",0.79
Chihuahua,Sin Dato,2021,Petrolifero,Pequeno Generador,Otros,"Agua oleosa, agua contaminada",111.02
Chihuahua,Sin Dato,2021,Petrolifero,Pequeno Generador,Residuos solidos,"Estopa, trapo, plásticos, cartón, madera, brochas, papel, cepillo, etc., impregnados con pinturas, grasas, aceites, hidrocarburos",11.53
Chihuahua,Sin Dato,2021,Petrolifero,Pequeno Generador,Residuos solidos,"Lámparas fluorescentes, lámparas de vapor de mercurio",0.08
Chihuahua,Sin Dato,2021,Petrolifero,Pequeno Generador,Solventes,Solventes orgánicos usados,0.7
Chihuahua,Sin Dato,2021,Petrolifero,Pequeno Generador,Lodos,Lodos aceitosos,13.93
Chihuahua,Bocoyna,2022,Petrolífero,Pequeño Generador,Aceites gastados,Lubricantes,0.4
Chihuahua,Bocoyna,2022,Petrolífero,Pequeño Generador,Agua contaminada,"Agua contaminada con hidrocarburos, combustibles, aceite o grasa",6.6
Chihuahua,Bocoyna,2022,Petrolífero,Pequeño Generador,"Gasolina, diésel y naftas gastados o sucios provenientes de estaciones de servicio y talleres automotrices","Gasolina, diesel y naftas gastados o sucios",6
Chihuahua,Bocoyna,2022,Petrolífero,Pequeño Generador,Lodos,Lodos aceitosos,0.85
Chihuahua,Bocoyna,2022,Petrolífero,Pequeño Generador,Residuos sólidos,"Estopa, trapo, plásticos, cartón, madera, brochas, papel, cepillo, etc., impregnados con pinturas, grasas, aceites, hidrocarburos",0.29
Chihuahua,Cuauhtémoc,2022,Petrolífero,Microgenerador,Aceites gastados,Lubricantes,0.1
Chihuahua,Cuauhtémoc,2022,Petrolífero,Microgenerador,"Gasolina, diésel y naftas gastados o sucios provenientes de estaciones de servicio y talleres automotrices","Gasolina, diesel y naftas gastados o sucios",0.08
Chihuahua,Cuauhtémoc,2022,Petrolífero,Microgenerador,Lodos,Lodos aceitosos,0.22
Chihuahua,Cuauhtémoc,2022,Petrolífero,Microgenerador,Residuos sólidos,"Estopa, trapo, plásticos, cartón, madera, brochas, papel, cepillo, etc., impregnados con pinturas, grasas, aceites, hidrocarburos",0.17
Chihuahua,Cuauhtémoc,2022,Petrolífero,Pequeño Generador,Lodos,Lodos aceitosos,0.29
Chihuahua,Cuauhtémoc,2022,Petrolífero,Pequeño Generador,Residuos sólidos,"Estopa, trapo, plásticos, cartón, madera, brochas, papel, cepillo, etc., impregnados con pinturas, grasas, aceites, hidrocarburos",0.12
Chihuahua,Chihuahua,2022,Petrolífero,Microgenerador,Aceites gastados,Lubricantes,0.6
Chihuahua,Chihuahua,2022,Petrolífero,Microgenerador,"Gasolina, diésel y naftas gastados o sucios provenientes de estaciones de servicio y talleres automotrices","Gasolina, diesel y naftas gastados o sucios",0.01
Chihuahua,Chihuahua,2022,Petrolífero,Microgenerador,Lodos,Lodos aceitosos,0.02
Chihuahua,Chihuahua,2022,Petrolífero,Microgenerador,Residuos sólidos,"Estopa, trapo, plásticos, cartón, madera, brochas, papel, cepillo, etc., impregnados con pinturas, grasas, aceites, hidrocarburos",0.34
Chihuahua,Chihuahua,2022,Petrolífero,Pequeño Generador,Agua contaminada,"Agua contaminada con hidrocarburos, combustibles, aceite o grasa",0.3
Chihuahua,Chihuahua,2022,Petrolífero,Pequeño Generador,"Gasolina, diésel y naftas gastados o sucios provenientes de estaciones de servicio y talleres automotrices","Gasolina, diesel y naftas gastados o sucios",0.27
Chihuahua,Chihuahua,2022,Petrolífero,Pequeño Generador,Lodos,Lodos aceitosos,0.2
Chihuahua,Chihuahua,2022,Petrolífero,Pequeño Generador,Residuos sólidos,"Estopa, trapo, plásticos, cartón, madera, brochas, papel, cepillo, etc., impregnados con pinturas, grasas, aceites, hidrocarburos",0.04
Chihuahua,Delicias,2022,Petrolífero,Pequeño Generador,Agua contaminada,"Agua contaminada con hidrocarburos, combustibles, aceite o grasa",9
Chihuahua,Delicias,2022,Petrolífero,Pequeño Generador,Lodos,Lodos aceitosos,0.6
Chihuahua,Delicias,2022,Petrolífero,Pequeño Generador,Residuos sólidos,"Estopa, trapo, plásticos, cartón, madera, brochas, papel, cepillo, etc., impregnados con pinturas, grasas, aceites, hidrocarburos",0.12
Chihuahua,Guachochi,2022,Petrolífero,Pequeño Generador,Aceites gastados,Lubricantes,0.37
Chihuahua,Guachochi,2022,Petrolífero,Pequeño Generador,Agua contaminada,"Agua contaminada con hidrocarburos, combustibles, aceite o grasa",9.7
Chihuahua,Guachochi,2022,Petrolífero,Pequeño Generador,"Gasolina, diésel y naftas gastados o sucios provenientes de estaciones de servicio y talleres automotrices","Gasolina, diesel y naftas gastados o sucios",0.22
Chihuahua,Guachochi,2022,Petrolífero,Pequeño Generador,Lodos,Lodos aceitosos,0.49
Chihuahua,Guachochi,2022,Petrolífero,Pequeño Generador,Residuos sólidos,"Estopa, trapo, plásticos, cartón, madera, brochas, papel, cepillo, etc., impregnados con pinturas, grasas, aceites, hidrocarburos",0.17
Chihuahua,Hidalgo del Parral,2022,Petrolífero,Pequeño Generador,Lodos,Lodos aceitosos,1.45
Chihuahua,Hidalgo del Parral,2022,Petrolífero,Pequeño Generador,Residuos sólidos,"Estopa, trapo, plásticos, cartón, madera, brochas, papel, cepillo, etc., impregnados con pinturas, grasas, aceites, hidrocarburos",0.35
Chihuahua,Juárez,2022,Petrolífero,Microgenerador,Aceites gastados,Lubricantes,0.06
Chihuahua,Juárez,2022,Petrolífero,Microgenerador,"Baterías, celdas y pilas","Baterias, pilas y balastras",0.01
Chihuahua,Juárez,2022,Petrolífero,Microgenerador,Lodos,Lodos aceitosos,0.01
Chihuahua,Juárez,2022,Petrolífero,Microgenerador,Residuos sólidos,"Estopa, trapo, plásticos, cartón, madera, brochas, papel, cepillo, etc., impregnados con pinturas, grasas, aceites, hidrocarburos",0.12
Chihuahua,Juárez,2022,Petrolífero,Microgenerador,Residuos sólidos,"Lámparas fluorescentes, lámparas de vapor de mercurio",0.02
Chihuahua,Juárez,2022,Petrolífero,Microgenerador,Solventes,Residuos de solventes,0.01
Chihuahua,Juárez,2022,Petrolífero,Pequeño Generador,Aceites gastados,Lubricantes,0.02
Chihuahua,Juárez,2022,Petrolífero,Pequeño Generador,Agua contaminada,"Agua contaminada con hidrocarburos, combustibles, aceite o grasa",0.2
Chihuahua,Juárez,2022,Petrolífero,Pequeño Generador,"Baterías, celdas y pilas","Baterias, pilas y balastras",0.02
Chihuahua,Juárez,2022,Petrolífero,Pequeño Generador,Lodos,Lodos aceitosos,0.1
Chihuahua,Juárez,2022,Petrolífero,Pequeño Generador,Residuos sólidos,"Estopa, trapo, plásticos, cartón, madera, brochas, papel, cepillo, etc., impregnados con pinturas, grasas, aceites, hidrocarburos",0.06
Chihuahua,Ahumada,2023,Petrolífero,Microgenerador,Residuos sólidos,"Estopa, trapo, plásticos, cartón, madera, brochas, papel, cepillo, etc., impregnados con pinturas, grasas, aceites, hidrocarburos",0.2
Chihuahua,Aldama,2023,Petrolífero,Microgenerador,Agua contaminada,"Agua contaminada con hidrocarburos, combustibles, aceite o grasa",0.25
Chihuahua,Aldama,2023,Petrolífero,Microgenerador,Residuos sólidos,"Estopa, trapo, plásticos, cartón, madera, brochas, papel, cepillo, etc., impregnados con pinturas, grasas, aceites, hidrocarburos",0.1
Chihuahua,Ascensión,2023,Petrolífero,Microgenerador,Residuos sólidos,"Estopa, trapo, plásticos, cartón, madera, brochas, papel, cepillo, etc., impregnados con pinturas, grasas, aceites, hidrocarburos",0.2
Chihuahua,Ascensión,2023,Petrolífero,Pequeño Generador,Aceites gastados,Lubricantes,1
Chihuahua,Ascensión,2023,Petrolífero,Pequeño Generador,Lodos,Lodos aceitosos,1
Chihuahua,Ascensión,2023,Petrolífero,Pequeño Generador,Residuos sólidos,"Estopa, trapo, plásticos, cartón, madera, brochas, papel, cepillo, etc., impregnados con pinturas, grasas, aceites, hidrocarburos",1
Chihuahua,Ascensión,2023,Petrolífero,Pequeño Generador,Residuos sólidos,"Lámparas fluorescentes, lámparas de vapor de mercurio",0.1
Chihuahua,Buenaventura,2023,Petrolífero,Microgenerador,Residuos sólidos,"Estopa, trapo, plásticos, cartón, madera, brochas, papel, cepillo, etc., impregnados con pinturas, grasas, aceites, hidrocarburos",0.4
Chihuahua,Buenaventura,2023,Petrolífero,Pequeño Generador,Aceites gastados,Lubricantes,2
Chihuahua,Buenaventura,2023,Petrolífero,Pequeño Generador,Lodos,Lodos aceitosos,2.2
Chihuahua,Buenaventura,2023,Petrolífero,Pequeño Generador,Residuos sólidos,"Estopa, trapo, plásticos, cartón, madera, brochas, papel, cepillo, etc., impregnados con pinturas, grasas, aceites, hidrocarburos",1
Chihuahua,Buenaventura,2023,Petrolífero,Pequeño Generador,Residuos sólidos,"Lámparas fluorescentes, lámparas de vapor de mercurio",0.2
Chihuahua,Chihuahua,2023,Petrolífero,Pequeño Generador,Agua contaminada,"Agua contaminada con hidrocarburos, combustibles, aceite o grasa",9.36
Chihuahua,Chihuahua,2023,Petrolífero,Pequeño Generador,"Baterías, celdas y pilas","Baterias, pilas y balastras",0.01
Chihuahua,Chihuahua,2023,Petrolífero,Pequeño Generador,Lodos,Lodos aceitosos,0.6
Chihuahua,Chihuahua,2023,Petrolífero,Pequeño Generador,Residuos sólidos,"Estopa, trapo, plásticos, cartón, madera, brochas, papel, cepillo, etc., impregnados con pinturas, grasas, aceites, hidrocarburos",1.59
Chihuahua,Chihuahua,2023,Petrolífero,Pequeño Generador,Residuos sólidos,"Estopa, trapo, plásticos, cartón, madera, brochas, papel, cepillo, etc., impregnados con pinturas, grasas, aceites, hidrocarburos",2.47
Chihuahua,Chihuahua,2023,Petrolífero,Pequeño Generador,Residuos sólidos,"Lámparas fluorescentes, lámparas de vapor de mercurio",0.03
Chihuahua,Delicias,2023,Petrolífero,Pequeño Generador,Agua contaminada,"Agua contaminada con hidrocarburos, combustibles, aceite o grasa",1.6
Chihuahua,Delicias,2023,Petrolífero,Pequeño Generador,Lodos,Lodos aceitosos,0.52
Chihuahua,Delicias,2023,Petrolífero,Pequeño Generador,Residuos sólidos,"Estopa, trapo, plásticos, cartón, madera, brochas, papel, cepillo, etc., impregnados con pinturas, grasas, aceites, hidrocarburos",0.25
Chihuahua,Hidalgo del Parral,2023,Petrolífero,Microgenerador,Aceites gastados,Lubricantes,0.08
Chihuahua,Hidalgo del Parral,2023,Petrolífero,Microgenerador,Lodos,Lodos aceitosos,0.62
Chihuahua,Hidalgo del Parral,2023,Petrolífero,Microgenerador,Residuos sólidos,"Estopa, trapo, plásticos, cartón, madera, brochas, papel, cepillo, etc., impregnados con pinturas, grasas, aceites, hidrocarburos",0.36
Chihuahua,Hidalgo del Parral,2023,Petrolífero,Microgenerador,Residuos sólidos,"Lámparas fluorescentes, lámparas de vapor de mercurio",0.02
Chihuahua,Juárez,2023,Petrolífero,Microgenerador,Agua contaminada,"Agua contaminada con hidrocarburos, combustibles, aceite o grasa",0.25
Chihuahua,Juárez,2023,Petrolífero,Microgenerador,Residuos sólidos,"Estopa, trapo, plásticos, cartón, madera, brochas, papel, cepillo, etc., impregnados con pinturas, grasas, aceites, hidrocarburos",0.1
Chihuahua,Juárez,2023,Petrolífero,Pequeño Generador,Aceites gastados,Hidráulicos,1
Chihuahua,Juárez,2023,Petrolífero,Pequeño Generador,Aceites gastados,Lubricantes,3.7
Chihuahua,Juárez,2023,Petrolífero,Pequeño Generador,Agua contaminada,"Agua contaminada con hidrocarburos, combustibles, aceite o grasa",1.05
Chihuahua,Juárez,2023,Petrolífero,Pequeño Generador,"Baterías, celdas y pilas","Baterias, pilas y balastras",0.17
Chihuahua,Juárez,2023,Petrolífero,Pequeño Generador,"Gasolina, diésel y naftas gastados o sucios provenientes de estaciones de servicio y talleres automotrices","Gasolina, diesel y naftas gastados o sucios",6
Chihuahua,Juárez,2023,Petrolífero,Pequeño Generador,Lodos,Lodos aceitosos,9.9
Chihuahua,Juárez,2023,Petrolífero,Pequeño Generador,Residuos sólidos,"Estopa, trapo, plásticos, cartón, madera, brochas, papel, cepillo, etc., impregnados con pinturas, grasas, aceites, hidrocarburos",0.84
Chihuahua,Juárez,2023,Petrolífero,Pequeño Generador,Residuos sólidos,"Estopa, trapo, plásticos, cartón, madera, brochas, papel, cepillo, etc., impregnados con pinturas, grasas, aceites, hidrocarburos",6.35
Chihuahua,Juárez,2023,Petrolífero,Pequeño Generador,Residuos sólidos,"Lámparas fluorescentes, lámparas de vapor de mercurio",3.15
Chihuahua,Meoqui,2023,Petrolífero,Microgenerador,"Gasolina, diésel y naftas gastados o sucios provenientes de estaciones de servicio y talleres automotrices","Gasolina, diesel y naftas gastados o sucios",0.06
Chihuahua,Nuevo Casas Grandes,2023,Petrolífero,Microgenerador,Lodos,Lodos aceitosos,0.21
Chihuahua,Nuevo Casas Grandes,2023,Petrolífero,Microgenerador,Residuos sólidos,"Estopa, trapo, plásticos, cartón, madera, brochas, papel, cepillo, etc., impregnados con pinturas, grasas, aceites, hidrocarburos",0.53
Chihuahua,Nuevo Casas Grandes,2023,Petrolífero,Pequeño Generador,Aceites gastados,Hidráulicos,0.4
Chihuahua,Nuevo Casas Grandes,2023,Petrolífero,Pequeño Generador,Lodos,Lodos aceitosos,0.6
Chihuahua,Nuevo Casas Grandes,2023,Petrolífero,Pequeño Generador,Residuos sólidos,"Estopa, trapo, plásticos, cartón, madera, brochas, papel, cepillo, etc., impregnados con pinturas, grasas, aceites, hidrocarburos",1
Chihuahua,Nuevo Casas Grandes,2023,Petrolífero,Pequeño Generador,Residuos sólidos,"Lámparas fluorescentes, lámparas de vapor de mercurio",0.1
Chihuahua,Ojinaga,2023,Petrolífero,Microgenerador,Agua contaminada,"Agua contaminada con hidrocarburos, combustibles, aceite o grasa",0.2
Chihuahua,Ojinaga,2023,Petrolífero,Microgenerador,Residuos sólidos,"Estopa, trapo, plásticos, cartón, madera, brochas, papel, cepillo, etc., impregnados con pinturas, grasas, aceites, hidrocarburos",0.05
Chihuahua,Ojinaga,2023,Petrolífero,Pequeño Generador,Lodos,Lodos aceitosos,0.25
Chihuahua,Ojinaga,2023,Petrolífero,Pequeño Generador,Residuos sólidos,"Estopa, trapo, plásticos, cartón, madera, brochas, papel, cepillo, etc., impregnados con pinturas, grasas, aceites, hidrocarburos",0.99
Chihuahua,Aldama,2024,Petrolífero,Pequeño Generador,Agua contaminada,"Agua contaminada con hidrocarburos, combustibles, aceite o grasa",0.7
Chihuahua,Aldama,2024,Petrolífero,Pequeño Generador,Gasolina y otros combustibles,"Gasolina, diesel y naftas gastados o sucios",0.11
Chihuahua,Aldama,2024,Petrolífero,Pequeño Generador,Lodos,Lodos aceitosos,0.27
Chihuahua,Bocoyna,2024,Petrolífero,Microgenerador,Gasolina y otros combustibles,"Gasolina, diesel y naftas gastados o sucios",0.13
Chihuahua,Bocoyna,2024,Petrolífero,Microgenerador,Lodos,Lodos aceitosos,0.07
Chihuahua,Bocoyna,2024,Petrolífero,Microgenerador,Residuos sólidos,"Estopa, trapo, plásticos, cartón, madera, brochas, papel, cepillo, etc., impregnados con pinturas, grasas, aceites, hidrocarburos",0.18
Chihuahua,Cuauhtémoc,2024,Petrolífero,Microgenerador,Aceites gastados,Lubricantes,0.01
Chihuahua,Cuauhtémoc,2024,Petrolífero,Microgenerador,Agua contaminada,"Agua contaminada con hidrocarburos, combustibles, aceite o grasa",0.5
Chihuahua,Cuauhtémoc,2024,Petrolífero,Microgenerador,Residuos sólidos,"Estopa, trapo, plásticos, cartón, madera, brochas, papel, cepillo, etc., impregnados con pinturas, grasas, aceites, hidrocarburos",0.22
Chihuahua,Chihuahua,2024,Petrolífero,Microgenerador,Aceites gastados,Lubricantes,0.18
Chihuahua,Chihuahua,2024,Petrolífero,Microgenerador,Agua contaminada,"Agua contaminada con hidrocarburos, combustibles, aceite o grasa",0.25
Chihuahua,Chihuahua,2024,Petrolífero,Microgenerador,"Baterías, celdas, pilas, balastras","Baterias, pilas, acumuladores, balastras",0.01
Chihuahua,Chihuahua,2024,Petrolífero,Microgenerador,Residuos sólidos,"Estopa, trapo, plásticos, cartón, madera, brochas, papel, cepillo, etc., impregnados con pinturas, grasas, aceites, hidrocarburos",0.66
Chihuahua,Delicias,2024,Petrolífero,Pequeño Generador,Agua contaminada,"Agua contaminada con hidrocarburos, combustibles, aceite o grasa",0.8
Chihuahua,Delicias,2024,Petrolífero,Pequeño Generador,Lodos,Lodos aceitosos,0.06
Chihuahua,Delicias,2024,Petrolífero,Pequeño Generador,Residuos sólidos,"Estopa, trapo, plásticos, cartón, madera, brochas, papel, cepillo, etc., impregnados con pinturas, grasas, aceites, hidrocarburos",0.1
Chihuahua,Guadalupe y Calvo,2024,Petrolífero,Microgenerador,Lodos,Lodos aceitosos,0.22
Chihuahua,Guadalupe y Calvo,2024,Petrolífero,Microgenerador,Residuos sólidos,"Estopa, trapo, plásticos, cartón, madera, brochas, papel, cepillo, etc., impregnados con pinturas, grasas, aceites, hidrocarburos",0.1
Chihuahua,Guerrero,2024,Petrolífero,Microgenerador,Agua contaminada,"Agua contaminada con hidrocarburos, combustibles, aceite o grasa",0.25
Chihuahua,Guerrero,2024,Petrolífero,Microgenerador,Lodos,Lodos aceitosos,0.15
Chihuahua,Guerrero,2024,Petrolífero,Microgenerador,Residuos sólidos,"Estopa, trapo, plásticos, cartón, madera, brochas, papel, cepillo, etc., impregnados con pinturas, grasas, aceites, hidrocarburos",0.25
Chihuahua,Guerrero,2024,Petrolífero,Pequeño Generador,Gasolina y otros combustibles,"Gasolina, diesel y naftas gastados o sucios",1
Chihuahua,Guerrero,2024,Petrolífero,Pequeño Generador,Lodos,Lodos aceitosos,0.8
Chihuahua,Guerrero,2024,Petrolífero,Pequeño Generador,Residuos sólidos,"Estopa, trapo, plásticos, cartón, madera, brochas, papel, cepillo, etc., impregnados con pinturas, grasas, aceites, hidrocarburos",0.5
Chihuahua,Juárez,2024,Petrolífero,Microgenerador,Aceites gastados,Lubricantes,0.01
Chihuahua,Juárez,2024,Petrolífero,Microgenerador,Residuos sólidos,"Estopa, trapo, plásticos, cartón, madera, brochas, papel, cepillo, etc., impregnados con pinturas, grasas, aceites, hidrocarburos",0.08
Chihuahua,Juárez,2024,Petrolífero,Microgenerador,Solventes,Residuos de solventes,0.06
Chihuahua,Juárez,2024,Petrolífero,Pequeño Generador,Agua contaminada,"Agua contaminada con hidrocarburos, combustibles, aceite o grasa",9
Chihuahua,Juárez,2024,Petrolífero,Pequeño Generador,Lodos,Lodos aceitosos,3.2
Chihuahua,Juárez,2024,Petrolífero,Pequeño Generador,Residuos sólidos,"Estopa, trapo, plásticos, cartón, madera, brochas, papel, cepillo, etc., impregnados con pinturas, grasas, aceites, hidrocarburos",0.79
Chihuahua,Julimes,2024,Petrolífero,Microgenerador,Lodos,Lodos aceitosos,0.07
Chihuahua,Madera,2024,Petrolífero,Microgenerador,Agua contaminada,"Agua contaminada con hidrocarburos, combustibles, aceite o grasa",0.5
Chihuahua,Madera,2024,Petrolífero,Microgenerador,Residuos sólidos,"Estopa, trapo, plásticos, cartón, madera, brochas, papel, cepillo, etc., impregnados con pinturas, grasas, aceites, hidrocarburos",0.2
Chihuahua,Meoqui,2024,Petrolífero,Pequeño Generador,Agua contaminada,"Agua contaminada con hidrocarburos, combustibles, aceite o grasa",1.6
Chihuahua,Meoqui,2024,Petrolífero,Pequeño Generador,Lodos,Lodos aceitosos,0.12
Chihuahua,Meoqui,2024,Petrolífero,Pequeño Generador,Residuos sólidos,"Estopa, trapo, plásticos, cartón, madera, brochas, papel, cepillo, etc., impregnados con pinturas, grasas, aceites, hidrocarburos",0.19
Chihuahua,Ojinaga,2024,Petrolífero,Microgenerador,Aceites gastados,Lubricantes,0.01
Chihuahua,Ojinaga,2024,Petrolífero,Microgenerador,Residuos sólidos,"Estopa, trapo, plásticos, cartón, madera, brochas, papel, cepillo, etc., impregnados con pinturas, grasas, aceites, hidrocarburos",0.02
Ciudad de México,Sin Dato,2017,Petrolero,Microgenerador,Aceites gastados,Lubricantes,0.02
Ciudad de México,Sin Dato,2017,Petrolero,Microgenerador,Lodos aceitosos,"Con contaminacion de hidrocarburos, combustibles, aceite",2.43
Ciudad de México,Sin Dato,2017,Petrolero,Microgenerador,Residuos solidos,"Estopa, trapo, plasticos, carton, madera, brochas, papel, cepillo, etc., impregnados con pinturas, grasas, aceites, hidrocarburos",4.27
Ciudad de México,Sin Dato,2017,Petrolero,Microgenerador,Residuos solidos,Lampara fluorescentes,0.09
Ciudad de México,Sin Dato,2017,Petrolero,Pequeno Generador,Aceites gastados,Lubricantes,4.1
Ciudad de México,Sin Dato,2017,Petrolero,Pequeno Generador,"Gasolina, diesel y naftas gastados o sucios provenientes de estaciónes de servicio y talleres automotrices","Mezclas de combustibles sucios, mezclas de hidrocarburos, naftas",0.2
Ciudad de México,Sin Dato,2017,Petrolero,Pequeno Generador,Lodos,Lodos provenientes de tanques de almacenaniento,0.8
Ciudad de México,Sin Dato,2017,Petrolero,Pequeno Generador,Lodos aceitosos,"Con contaminacion de hidrocarburos, combustibles, aceite",9.25
Ciudad de México,Sin Dato,2017,Petrolero,Pequeno Generador,Residuos solidos,"Estopa, trapo, plasticos, carton, madera, brochas, papel, cepillo, etc., impregnados con pinturas, grasas, aceites, hidrocarburos",5.59
Ciudad de México,Sin Dato,2017,Petrolero,Pequeno Generador,Residuos solidos,Lampara fluorescentes,0.08
Ciudad de México,Sin Dato,2018,Petrolifero,Microgenerador,Aceites gastados (Hidraulicos),Aceite gastado hidraulico,0.4
Ciudad de México,Sin Dato,2018,Petrolifero,Microgenerador,Aceites gastados (Lubricantes),Aceites gastados lubricantes,0.02
Ciudad de México,Sin Dato,2018,Petrolifero,Microgenerador,Baterias alcalinas,Pilas alcalinas,0.01
Ciudad de México,Sin Dato,2018,Petrolifero,Microgenerador,Filtro de aire o aceite contaminados,Filtros de aire usados,0.12
Ciudad de México,Sin Dato,2018,Petrolifero,Microgenerador,Lamparas fluorescentes y de vapor de mercurio,Lamparas fluorescentes y de vapor de mercurio,0.44
Ciudad de México,Sin Dato,2018,Petrolifero,Microgenerador,Lodos Contaminados con Hidrocarburos,Lodos de tanques de almacenamiento de hidrocarburos,9.06
Ciudad de México,Sin Dato,2018,Petrolifero,Microgenerador,Lodos de tanques de almacenamiento de hidrocarburos,Lodos de tanques de hidrocarburos,0.98
Ciudad de México,Sin Dato,2018,Petrolifero,Microgenerador,Solidos contaminados con hidrocarburos diversos,"Filtros, mangueras, envases, botes, cubetas, contenedores, trapos, guantes, carton, aserrin, material absorbente,Estopas y trapos impregnados con combustible, Envases vacios impregnados de aceite",3.92
Ciudad de México,Sin Dato,2018,Petrolifero,Pequeno generador,Aceites gastados (Lubricantes),Aceites gastados lubricantes,2.55
Ciudad de México,Sin Dato,2018,Petrolifero,Pequeno generador,Baterias alcalinas,Pilas alcalinas,0.03
Ciudad de México,Sin Dato,2018,Petrolifero,Pequeno generador,Botes de Presurizados,Envases de aerosol,0.04
Ciudad de México,Sin Dato,2018,Petrolifero,Pequeno generador,Filtro de aire o aceite contaminados,Filtros de aire usados,0.17
Ciudad de México,Sin Dato,2018,Petrolifero,Pequeno generador,"Gasolina, Diesel y Naftas gastados o sucios","Gasolina, Diesel y Naftas gastados o sucios provenientes de Estaciones de Servicio y Talleres Automotrices",0.45
Ciudad de México,Sin Dato,2018,Petrolifero,Pequeno generador,Lamparas fluorescentes y de vapor de mercurio,Lamparas fluorescentes y de vapor de mercurio,0.71
Ciudad de México,Sin Dato,2018,Petrolifero,Pequeno generador,Liquidos residuales de proceso no corrosivos,Agua con hidrocaruros,19.9
Ciudad de México,Sin Dato,2018,Petrolifero,Pequeno generador,Lodos Contaminados con Hidrocarburos,Lodos de tanques de almacenamiento de hidrocarburos,43.82
Ciudad de México,Sin Dato,2018,Petrolifero,Pequeno generador,Pilas o Baterias con Litio o Cadmio,Pilas Niquel-Cadmio,0
Ciudad de México,Sin Dato,2018,Petrolifero,Pequeno generador,Solidos contaminados con hidrocarburos diversos,"Filtros, mangueras, envases, botes, cubetas, contenedores, trapos, guantes, carton, aserrin, material absorbente,Estopas y trapos impregnados con combustible, Envases vacios impregnados de aceite",26.96
Ciudad de México,Sin Dato,2018,Petrolifero,Pequeno generador,Solventes Gastados,Residuos de solventes,0.13
Ciudad de México,Sin Dato,2019,Petrolifero,Microgenerador,Aceites gastados,hidraulicos,0
Ciudad de México,Sin Dato,2019,Petrolifero,Microgenerador,Aceites gastados,Lubricantes,0
Ciudad de México,Sin Dato,2019,Petrolifero,Microgenerador,"Baterias, celdas y pilas",Pilas alcalinas,0.0075
Ciudad de México,Sin Dato,2019,Petrolifero,Microgenerador,Lodos,Lodos procedentes de trampas de grasas e hidrocarburos,0.273
Ciudad de México,Sin Dato,2019,Petrolifero,Microgenerador,Residuos solidos,"Estopa, trapo, plásticos, cartón, madera, brochas, papel, cepillo, etc., impregnados con pinturas, grasas, aceites, hidrocarburos",0.291
Ciudad de México,Sin Dato,2019,Petrolifero,Microgenerador,Residuos solidos,Filtro de aire o de aceite contaminados,0.015
Ciudad de México,Sin Dato,2019,Petrolifero,Microgenerador,Residuos solidos,Lámpara fluorescentes,0
Ciudad de México,Sin Dato,2019,Petrolifero,Microgenerador,"Gasolina, Diesel y Naftas gastados o sucios provenientes de Estaciones de Servicio y Talleres Automotrices","Gasolina, Diesel y Naftas gastados o sucios provenientes de Estaciones de Servicio y Talleres Automotrices",0.05
Ciudad de México,Sin Dato,2019,Petrolifero,Microgenerador,Liquidos residuales de proceso no corrosivos,"Agua contaminada con hidrocarburos, combustibles, aceite o grasa",0.02
Ciudad de México,Sin Dato,2019,Petrolifero,Pequeno Generador,Aceites gastados,hidraulicos,0.0123
Ciudad de México,Sin Dato,2019,Petrolifero,Pequeno Generador,"Baterias, celdas y pilas",Pilas alcalinas,0
Ciudad de México,Sin Dato,2019,Petrolifero,Pequeno Generador,"Baterias, celdas y pilas",Pilas o baterias de Niquel - Cadmio,0
Ciudad de México,Sin Dato,2019,Petrolifero,Pequeno Generador,"Gasolina, diesel y naftas gastados o sucios provenientes de estaciónes de servicio y talleres automotrices","Gasolina, diesel y naftas gastados o sucios provenientes de estaciones de servicio y talleres automotrices",0
Ciudad de México,Sin Dato,2019,Petrolifero,Pequeno Generador,Liquidos de proceso,Liquidos con residuos de hidrocarburos,0
Ciudad de México,Sin Dato,2019,Petrolifero,Pequeno Generador,Lodos,Lodos procedentes de trampas de grasas e hidrocarburos,1.515
Ciudad de México,Sin Dato,2019,Petrolifero,Pequeno Generador,Residuos solidos,"Botes o recipientes que contuvieron contaminantes diversos, latas de pintura, aerosoles",0
Ciudad de México,Sin Dato,2019,Petrolifero,Pequeno Generador,Residuos solidos,"Estopa, trapo, plásticos, cartón, madera, brochas, papel, cepillo, etc., impregnados con pinturas, grasas, aceites, hidrocarburos",0.121
Ciudad de México,Sin Dato,2019,Petrolifero,Pequeno Generador,Residuos solidos,Filtro de aire o de aceite contaminados,0.06
Ciudad de México,Sin Dato,2019,Petrolifero,Pequeno Generador,Residuos solidos,Lámpara fluorescentes,0
Ciudad de México,Sin Dato,2019,Petrolifero,Pequeno Generador,Solventes,Residuos de solventes,0
Ciudad de México,Sin Dato,2020,Petrolifero,Microgenerador,Lodos,Lodos aceitosos,2.51524
Ciudad de México,Sin Dato,2020,Petrolifero,Microgenerador,Residuos sólidos,"Estopa, trapo, plásticos, cartón, madera, brochas, papel, cepillo, etc., impregnados con pinturas, grasas, aceites, hidrocarburos",2.13447
Ciudad de México,Sin Dato,2020,Petrolifero,Pequeno Generador,Aceites lubricantes,Aceites gastados lubricantes,0.008
Ciudad de México,Sin Dato,2020,Petrolifero,Pequeno Generador,Lodos,Lodos aceitosos,15.779
Ciudad de México,Sin Dato,2020,Petrolifero,Pequeno Generador,Residuos sólidos,"Estopa, trapo, plásticos, cartón, madera, brochas, papel, cepillo, etc., impregnados con pinturas, grasas, aceites, hidrocarburos",10.11294
Ciudad de México,Sin Dato,2021,Petrolifero,Microgenerador,Residuos solidos,"Estopa, trapo, plásticos, cartón, madera, brochas, papel, cepillo, etc., impregnados con pinturas, grasas, aceites, hidrocarburos",2.13
Ciudad de México,Sin Dato,2021,Petrolifero,Microgenerador,Lodos,Lodos aceitosos,2.52
Ciudad de México,Sin Dato,2021,Petrolifero,Pequeno Generador,Aceites gastados,Lubricantes,0.01
Ciudad de México,Sin Dato,2021,Petrolifero,Pequeno Generador,Residuos solidos,"Estopa, trapo, plásticos, cartón, madera, brochas, papel, cepillo, etc., impregnados con pinturas, grasas, aceites, hidrocarburos",10.11
Ciudad de México,Sin Dato,2021,Petrolifero,Pequeno Generador,Lodos,Lodos aceitosos,15.78
Ciudad de México,Coyoacán,2022,Petrolífero,Pequeño Generador,Lodos,Lodos aceitosos,0.88
Ciudad de México,Coyoacán,2022,Petrolífero,Pequeño Generador,Residuos sólidos,"Estopa, trapo, plásticos, cartón, madera, brochas, papel, cepillo, etc., impregnados con pinturas, grasas, aceites, hidrocarburos",0.46
Ciudad de México,Cuajimalpa de Morelos,2022,Petrolífero,Pequeño Generador,Lodos,Lodos aceitosos,0.89
Ciudad de México,Cuajimalpa de Morelos,2022,Petrolífero,Pequeño Generador,Residuos sólidos,"Estopa, trapo, plásticos, cartón, madera, brochas, papel, cepillo, etc., impregnados con pinturas, grasas, aceites, hidrocarburos",0.46
Ciudad de México,Gustavo A. Madero,2022,Petrolífero,Pequeño Generador,Lodos,Lodos aceitosos,0.5
Ciudad de México,Gustavo A. Madero,2022,Petrolífero,Pequeño Generador,Residuos sólidos,"Estopa, trapo, plásticos, cartón, madera, brochas, papel, cepillo, etc., impregnados con pinturas, grasas, aceites, hidrocarburos",0.2
Ciudad de México,Iztapalapa,2022,Petrolífero,Microgenerador,Lodos,Lodos aceitosos,0.2
Ciudad de México,Iztapalapa,2022,Petrolífero,Microgenerador,Residuos sólidos,"Estopa, trapo, plásticos, cartón, madera, brochas, papel, cepillo, etc., impregnados con pinturas, grasas, aceites, hidrocarburos",0.19
Ciudad de México,Iztapalapa,2022,Petrolífero,Pequeño Generador,Lodos,Lodos aceitosos,0.36
Ciudad de México,Iztapalapa,2022,Petrolífero,Pequeño Generador,Residuos sólidos,"Estopa, trapo, plásticos, cartón, madera, brochas, papel, cepillo, etc., impregnados con pinturas, grasas, aceites, hidrocarburos",0.1
Ciudad de México,Cuauhtémoc,2022,Petrolífero,Microgenerador,Lodos,Lodos aceitosos,0.41
Ciudad de México,Cuauhtémoc,2022,Petrolífero,Microgenerador,Residuos sólidos,"Estopa, trapo, plásticos, cartón, madera, brochas, papel, cepillo, etc., impregnados con pinturas, grasas, aceites, hidrocarburos",0.36
Ciudad de México,Miguel Hidalgo,2022,Petrolífero,Pequeño Generador,Lodos,Lodos aceitosos,0.86
Ciudad de México,Miguel Hidalgo,2022,Petrolífero,Pequeño Generador,Residuos sólidos,"Estopa, trapo, plásticos, cartón, madera, brochas, papel, cepillo, etc., impregnados con pinturas, grasas, aceites, hidrocarburos",0.21
Ciudad de México,Venustiano Carranza,2022,Petrolífero,Microgenerador,Aceites gastados,Lubricantes,0
Ciudad de México,Venustiano Carranza,2022,Petrolífero,Microgenerador,Residuos sólidos,"Estopa, trapo, plásticos, cartón, madera, brochas, papel, cepillo, etc., impregnados con pinturas, grasas, aceites, hidrocarburos",0.01
Ciudad de México,Venustiano Carranza,2022,Petrolífero,Microgenerador,Residuos sólidos,"Lámparas fluorescentes, lámparas de vapor de mercurio",0
Ciudad de México,Coyoacán,2023,Petrolífero,Pequeño Generador,Lodos,Lodos aceitosos,0.3
Ciudad de México,Coyoacán,2023,Petrolífero,Pequeño Generador,Residuos sólidos,"Estopa, trapo, plásticos, cartón, madera, brochas, papel, cepillo, etc., impregnados con pinturas, grasas, aceites, hidrocarburos",0.15
Ciudad de México,Iztacalco,2023,Petrolífero,Microgenerador,Agua contaminada,"Agua contaminada con hidrocarburos, combustibles, aceite o grasa",0.02
Ciudad de México,Iztacalco,2023,Petrolífero,Microgenerador,"Baterías, celdas y pilas","Baterias, pilas y balastras",0.01
Ciudad de México,Iztacalco,2023,Petrolífero,Microgenerador,Lodos,Lodos aceitosos,0.19
Ciudad de México,Iztacalco,2023,Petrolífero,Microgenerador,Residuos sólidos,"Estopa, trapo, plásticos, cartón, madera, brochas, papel, cepillo, etc., impregnados con pinturas, grasas, aceites, hidrocarburos",0.15
Ciudad de México,Iztapalapa,2023,Petrolífero,Microgenerador,Lodos,Lodos aceitosos,0.63
Ciudad de México,Iztapalapa,2023,Petrolífero,Microgenerador,Residuos sólidos,"Estopa, trapo, plásticos, cartón, madera, brochas, papel, cepillo, etc., impregnados con pinturas, grasas, aceites, hidrocarburos",0.52
Ciudad de México,Iztapalapa,2023,Petrolífero,Pequeño Generador,Aceites gastados,Lubricantes,0.6
Ciudad de México,Iztapalapa,2023,Petrolífero,Pequeño Generador,Lodos,Lodos aceitosos,0.3
Ciudad de México,Iztapalapa,2023,Petrolífero,Pequeño Generador,Residuos sólidos,"Estopa, trapo, plásticos, cartón, madera, brochas, papel, cepillo, etc., impregnados con pinturas, grasas, aceites, hidrocarburos",0.25
Ciudad de México,Álvaro Obregón,2023,Petrolífero,Pequeño Generador,"Baterías, celdas y pilas","Baterias, pilas y balastras",0.05
Ciudad de México,Álvaro Obregón,2023,Petrolífero,Pequeño Generador,Lodos,Lodos aceitosos,0.54
Ciudad de México,Álvaro Obregón,2023,Petrolífero,Pequeño Generador,Residuos sólidos,"Estopa, trapo, plásticos, cartón, madera, brochas, papel, cepillo, etc., impregnados con pinturas, grasas, aceites, hidrocarburos",0.79
Ciudad de México,Tláhuac,2023,Petrolífero,Microgenerador,Aceites gastados,Lubricantes,0.01
Ciudad de México,Tláhuac,2023,Petrolífero,Microgenerador,Residuos sólidos,"Estopa, trapo, plásticos, cartón, madera, brochas, papel, cepillo, etc., impregnados con pinturas, grasas, aceites, hidrocarburos",0.01
Ciudad de México,Tlalpan,2023,Petrolífero,Pequeño Generador,Lodos,Lodos aceitosos,1.5
Ciudad de México,Tlalpan,2023,Petrolífero,Pequeño Generador,Residuos sólidos,"Estopa, trapo, plásticos, cartón, madera, brochas, papel, cepillo, etc., impregnados con pinturas, grasas, aceites, hidrocarburos",1.28
Ciudad de México,Cuauhtémoc,2023,Petrolífero,Microgenerador,Lodos,Lodos aceitosos,0.41
Ciudad de México,Cuauhtémoc,2023,Petrolífero,Microgenerador,Residuos sólidos,"Estopa, trapo, plásticos, cartón, madera, brochas, papel, cepillo, etc., impregnados con pinturas, grasas, aceites, hidrocarburos",0.36
Ciudad de México,Cuauhtémoc,2023,Petrolífero,Pequeño Generador,Agua contaminada,"Agua contaminada con hidrocarburos, combustibles, aceite o grasa",0.05
Ciudad de México,Cuauhtémoc,2023,Petrolífero,Pequeño Generador,Lodos,Lodos aceitosos,0.15
Ciudad de México,Cuauhtémoc,2023,Petrolífero,Pequeño Generador,Residuos sólidos,"Estopa, trapo, plásticos, cartón, madera, brochas, papel, cepillo, etc., impregnados con pinturas, grasas, aceites, hidrocarburos",0.45
Ciudad de México,Miguel Hidalgo,2023,Petrolífero,Microgenerador,Lodos,Lodos aceitosos,0.28
Ciudad de México,Miguel Hidalgo,2023,Petrolífero,Microgenerador,Residuos sólidos,"Estopa, trapo, plásticos, cartón, madera, brochas, papel, cepillo, etc., impregnados con pinturas, grasas, aceites, hidrocarburos",0.32
Ciudad de México,Miguel Hidalgo,2023,Petrolífero,Microgenerador,Residuos sólidos,"Lámparas fluorescentes, lámparas de vapor de mercurio",0.11
Ciudad de México,Miguel Hidalgo,2023,Petrolífero,Pequeño Generador,Lodos,Lodos aceitosos,0.71
Ciudad de México,Miguel Hidalgo,2023,Petrolífero,Pequeño Generador,Residuos sólidos,"Estopa, trapo, plásticos, cartón, madera, brochas, papel, cepillo, etc., impregnados con pinturas, grasas, aceites, hidrocarburos",0.57
Ciudad de México,Venustiano Carranza,2023,Petrolífero,Pequeño Generador,Aceites gastados,Lubricantes,0.82
Ciudad de México,Venustiano Carranza,2023,Petrolífero,Pequeño Generador,Residuos sólidos,"Estopa, trapo, plásticos, cartón, madera, brochas, papel, cepillo, etc., impregnados con pinturas, grasas, aceites, hidrocarburos",3.25
Ciudad de México,Venustiano Carranza,2023,Petrolífero,Gran Generador,Residuos sólidos,"Estopa, trapo, plásticos, cartón, madera, brochas, papel, cepillo, etc., impregnados con pinturas, grasas, aceites, hidrocarburos",47.4
Ciudad de México,Venustiano Carranza,2023,Petrolífero,Gran Generador,Residuos sólidos,"Estopa, trapo, plásticos, cartón, madera, brochas, papel, cepillo, etc., impregnados con pinturas, grasas, aceites, hidrocarburos",41.3
Ciudad de México,Gustavo A. Madero,2024,Petrolífero,Microgenerador,Residuos sólidos,"Estopa, trapo, plásticos, cartón, madera, brochas, papel, cepillo, etc., impregnados con pinturas, grasas, aceites, hidrocarburos",0.15
Ciudad de México,Gustavo A. Madero,2024,Petrolífero,Pequeño Generador,Lodos,Lodos aceitosos,1.45
Ciudad de México,Gustavo A. Madero,2024,Petrolífero,Pequeño Generador,Residuos sólidos,"Lámparas fluorescentes, lámparas de vapor de mercurio",0.31
Ciudad de México,Iztapalapa,2024,Petrolífero,Microgenerador,Lodos,Lodos aceitosos,0.1
Ciudad de México,Iztapalapa,2024,Petrolífero,Microgenerador,Residuos sólidos,"Estopa, trapo, plásticos, cartón, madera, brochas, papel, cepillo, etc., impregnados con pinturas, grasas, aceites, hidrocarburos",0.14
Ciudad de México,Tlalpan,2024,Petrolífero,Pequeño Generador,Lodos,Lodos aceitosos,0.4
Ciudad de México,Tlalpan,2024,Petrolífero,Pequeño Generador,Residuos sólidos,"Estopa, trapo, plásticos, cartón, madera, brochas, papel, cepillo, etc., impregnados con pinturas, grasas, aceites, hidrocarburos",0.06
Ciudad de México,Benito Juárez,2024,Petrolífero,Pequeño Generador,Lodos,Lodos aceitosos,0.46
Ciudad de México,Benito Juárez,2024,Petrolífero,Pequeño Generador,Residuos sólidos,"Estopa, trapo, plásticos, cartón, madera, brochas, papel, cepillo, etc., impregnados con pinturas, grasas, aceites, hidrocarburos",0.02
Durango,Sin Dato,2017,Petrolero,Microgenerador,"Gasolina, diesel y naftas gastados o sucios provenientes de estaciónes de servicio y talleres automotrices","Mezclas de combustibles sucios, mezclas de hidrocarburos, naftas",0.3
Durango,Sin Dato,2017,Petrolero,Microgenerador,Lodos aceitosos,"Con contaminacion de hidrocarburos, combustibles, aceite",1.49
Durango,Sin Dato,2017,Petrolero,Microgenerador,Lodos aceitosos,Lodos procedentes de trampas de grasas e hidrocarburos,0.3
Durango,Sin Dato,2017,Petrolero,Microgenerador,Lodos aceitosos,Otros lodos,1.01
Durango,Sin Dato,2017,Petrolero,Microgenerador,Material textil,"Telas, felpas, estopas",0.25
Durango,Sin Dato,2017,Petrolero,Microgenerador,Residuos solidos,"Botes o recipientes que contuvieron contaminantes diversos, latas de pintura, aerosoles",0.14
Durango,Sin Dato,2017,Petrolero,Microgenerador,Residuos solidos,"Estopa, trapo, plasticos, carton, madera, brochas, papel, cepillo, etc., impregnados con pinturas, grasas, aceites, hidrocarburos",1.54
Durango,Sin Dato,2017,Petrolero,Microgenerador,Residuos solidos,"Mangueras, pistolas o filtros para despacho de combustibles, descarga de contaminantes",0
Durango,Sin Dato,2017,Petrolero,Microgenerador,Residuos solidos,No especificado,0.01
Durango,Sin Dato,2017,Petrolero,Pequeno Generador,"Gasolina, diesel y naftas gastados o sucios provenientes de estaciónes de servicio y talleres automotrices",Gasolinas sucias,0.21
Durango,Sin Dato,2017,Petrolero,Pequeno Generador,Liquidos de proceso,No corrosivos,1
Durango,Sin Dato,2017,Petrolero,Pequeno Generador,Lodos,Lodos provenientes de tanques de almacenaniento,1.12
Durango,Sin Dato,2017,Petrolero,Pequeno Generador,Lodos aceitosos,"Con contaminacion de hidrocarburos, combustibles, aceite",1.6
Durango,Sin Dato,2017,Petrolero,Pequeno Generador,Lodos aceitosos,Otros lodos,3.04
Durango,Sin Dato,2017,Petrolero,Pequeno Generador,Material textil,"Telas, felpas, estopas",0.59
Durango,Sin Dato,2017,Petrolero,Pequeno Generador,Residuos solidos,"Botes o recipientes que contuvieron contaminantes diversos, latas de pintura, aerosoles",1.28
Durango,Sin Dato,2017,Petrolero,Pequeno Generador,Residuos solidos,"Estopa, trapo, plasticos, carton, madera, brochas, papel, cepillo, etc., impregnados con pinturas, grasas, aceites, hidrocarburos",3.29
Durango,Sin Dato,2017,Petrolero,Pequeno Generador,Residuos solidos,No especificado,0.96
Durango,Sin Dato,2018,Petrolifero,Microgenerador,Aceites gastados (Hidraulicos),Aceite gastado hidraulico,0.33
Durango,Sin Dato,2018,Petrolifero,Microgenerador,Aceites gastados (Lubricantes),Aceites gastados lubricantes,0.17
Durango,Sin Dato,2018,Petrolifero,Microgenerador,Botes de Presurizados,Envases de aerosol,0
Durango,Sin Dato,2018,Petrolifero,Microgenerador,Filtro de aire o aceite contaminados,Filtros de aire usados,0
Durango,Sin Dato,2018,Petrolifero,Microgenerador,"Gasolina, Diesel y Naftas gastados o sucios","Gasolina, Diesel y Naftas gastados o sucios provenientes de Estaciones de Servicio y Talleres Automotrices",0.06
Durango,Sin Dato,2018,Petrolifero,Microgenerador,Liquidos residuales de proceso no corrosivos,Agua con hidrocaruros,0.06
Durango,Sin Dato,2018,Petrolifero,Microgenerador,Lodos Contaminados con Hidrocarburos,Lodos con aceite y restos de hidrocarburos,1.8
Durango,Sin Dato,2018,Petrolifero,Microgenerador,Pilas o Baterias con Litio o Cadmio,Pilas Niquel-Cadmio,0.05
Durango,Sin Dato,2018,Petrolifero,Microgenerador,Solidos contaminados con hidrocarburos diversos,"Filtros, mangueras, envases, botes, cubetas, contenedores, trapos, guantes, carton, aserrin, material absorbente,Estopas y trapos impregnados con combustible, Envases vacios impregnados de aceite",1.32
Durango,Sin Dato,2018,Petrolifero,Microgenerador,Solventes Gastados,Residuos de solventes,0.02
Durango,Sin Dato,2018,Petrolifero,Pequeno generador,Aceites gastados (Hidraulicos),Aceite gastado hidraulico,5.94
Durango,Sin Dato,2018,Petrolifero,Pequeno generador,Aceites gastados (Lubricantes),Aceites gastados lubricantes,7.91
Durango,Sin Dato,2018,Petrolifero,Pequeno generador,Baterias alcalinas,Pilas alcalinas,0.01
Durango,Sin Dato,2018,Petrolifero,Pequeno generador,Botes de Presurizados,Envases de aerosol,0.2
Durango,Sin Dato,2018,Petrolifero,Pequeno generador,Filtro de aire o aceite contaminados,Filtros de aire usados,2.34
Durango,Sin Dato,2018,Petrolifero,Pequeno generador,"Gasolina, Diesel y Naftas gastados o sucios","Gasolina, Diesel y Naftas gastados o sucios provenientes de Estaciones de Servicio y Talleres Automotrices",0.47
Durango,Sin Dato,2018,Petrolifero,Pequeno generador,Lamparas fluorescentes y de vapor de mercurio,Lamparas fluorescentes y de vapor de mercurio,0.07
Durango,Sin Dato,2018,Petrolifero,Pequeno generador,Liquidos residuales de proceso no corrosivos,Agua con hidrocaruros,45.69
Durango,Sin Dato,2018,Petrolifero,Pequeno generador,Lodos Contaminados con Hidrocarburos,Lodos con aceite y restos de hidrocarburos,36.06
Durango,Sin Dato,2018,Petrolifero,Pequeno generador,Pilas o Baterias con Litio o Cadmio,Pilas Niquel-Cadmio,0.04
Durango,Sin Dato,2018,Petrolifero,Pequeno generador,Solidos contaminados con hidrocarburos diversos,"Filtros, mangueras, envases, botes, cubetas, contenedores, trapos, guantes, carton, aserrin, material absorbente,Estopas y trapos impregnados con combustible, Envases vacios impregnados de aceite",25.19
Durango,Sin Dato,2018,Petrolifero,Pequeno generador,Solventes Gastados,Residuos de solventes,0.51
Durango,Sin Dato,2018,Petrolero,Pequeno generador,Aceites gastados,Aceites gastados lubricantes,0.1
Durango,Sin Dato,2018,Petrolero,Pequeno generador,Lodos provenientes de,Lodos provenientes de proceso de pinturas,0.03
Durango,Sin Dato,2018,Petrolero,Pequeno generador,Otros residuos peligrosos,Otros residuos peligrosos,1
Durango,Sin Dato,2018,Petrolero,Pequeno generador,Solidos,Solidos con metales pesados,0.21
Durango,Sin Dato,2018,Petrolero,Pequeno generador,Solidos,Solidos de mantenimiento automotriz,0.3
Durango,Sin Dato,2018,Petrolero,Pequeno generador,Solidos,Solidos otros,0.51
Durango,Sin Dato,2018,Petrolero,Pequeno generador,Solventes,Solventes organicos,0.05
Durango,Sin Dato,2019,Petrolero,Pequeno Generador,Aceites gastados,Lubricantes,0
Durango,Sin Dato,2019,Petrolero,Pequeno Generador,Lodos,Proceso de pinturas,0
Durango,Sin Dato,2019,Petrolero,Pequeno Generador,Otros,Otros residuos,0
Durango,Sin Dato,2019,Petrolero,Pequeno Generador,Residuos solidos,Con metales pesados,0
Durango,Sin Dato,2019,Petrolero,Pequeno Generador,Residuos solidos,De mantenimiento automotríz,0
Durango,Sin Dato,2019,Petrolero,Pequeno Generador,Residuos solidos,Otros solidos,0
Durango,Sin Dato,2019,Petrolero,Pequeno Generador,Solventes,Residuos de solventes,0
Durango,Sin Dato,2019,Petrolifero,Microgenerador,Aceites gastados,hidraulicos,0
Durango,Sin Dato,2019,Petrolifero,Microgenerador,Aceites gastados,Lubricantes,0
Durango,Sin Dato,2019,Petrolifero,Microgenerador,"Baterias, celdas y pilas",Pilas o baterias de Niquel - Cadmio,0
Durango,Sin Dato,2019,Petrolifero,Microgenerador,"Gasolina, diesel y naftas gastados o sucios provenientes de estaciónes de servicio y talleres automotrices","Gasolina, diesel y naftas gastados o sucios provenientes de estaciones de servicio y talleres automotrices",0
Durango,Sin Dato,2019,Petrolifero,Microgenerador,Liquidos de proceso,Liquidos con residuos de hidrocarburos,0
Durango,Sin Dato,2019,Petrolifero,Microgenerador,Lodos,Lodos aceitosos,0.12423
Durango,Sin Dato,2019,Petrolifero,Microgenerador,Residuos solidos,"Botes o recipientes que contuvieron contaminantes diversos, latas de pintura, aerosoles",0
Durango,Sin Dato,2019,Petrolifero,Microgenerador,Residuos solidos,"Estopa, trapo, plásticos, cartón, madera, brochas, papel, cepillo, etc., impregnados con pinturas, grasas, aceites, hidrocarburos",0.1067
Durango,Sin Dato,2019,Petrolifero,Microgenerador,Residuos solidos,Filtro de aire o de aceite contaminados,0
Durango,Sin Dato,2019,Petrolifero,Microgenerador,Solventes,Residuos de solventes,0
Durango,Sin Dato,2019,Petrolifero,Pequeno Generador,Aceites gastados,hidraulicos,0
Durango,Sin Dato,2019,Petrolifero,Pequeno Generador,Aceites gastados,Lubricantes,0
Durango,Sin Dato,2019,Petrolifero,Pequeno Generador,"Baterias, celdas y pilas",Pilas alcalinas,0
Durango,Sin Dato,2019,Petrolifero,Pequeno Generador,"Baterias, celdas y pilas",Pilas o baterias de Niquel - Cadmio,0
Durango,Sin Dato,2019,Petrolifero,Pequeno Generador,"Gasolina, diesel y naftas gastados o sucios provenientes de estaciónes de servicio y talleres automotrices","Gasolina, diesel y naftas gastados o sucios provenientes de estaciones de servicio y talleres automotrices",0
Durango,Sin Dato,2019,Petrolifero,Pequeno Generador,Liquidos de proceso,Liquidos con residuos de hidrocarburos,0
Durango,Sin Dato,2019,Petrolifero,Pequeno Generador,Lodos,Lodos aceitosos,0
Durango,Sin Dato,2019,Petrolifero,Pequeno Generador,Residuos solidos,"Botes o recipientes que contuvieron contaminantes diversos, latas de pintura, aerosoles",0
Durango,Sin Dato,2019,Petrolifero,Pequeno Generador,Residuos solidos,"Estopa, trapo, plásticos, cartón, madera, brochas, papel, cepillo, etc., impregnados con pinturas, grasas, aceites, hidrocarburos",0
Durango,Sin Dato,2019,Petrolifero,Pequeno Generador,Residuos solidos,Filtro de aire o de aceite contaminados,0
Durango,Sin Dato,2019,Petrolifero,Pequeno Generador,Residuos solidos,Lámpara fluorescentes,0
Durango,Sin Dato,2019,Petrolifero,Pequeno Generador,Solventes,Residuos de solventes,0
Durango,Sin Dato,2020,Petrolifero,Microgenerador,Aceites hidraúlicos,Aceites gastados hidráulicos,0.04
Durango,Sin Dato,2020,Petrolifero,Microgenerador,Aceites lubricantes,Aceites gastados lubricantes,0.04
Durango,Sin Dato,2020,Petrolifero,Microgenerador,Líquidos de proceso,Aguas aceitosas,0.76
Durango,Sin Dato,2020,Petrolifero,Microgenerador,"Baterias, pilas y balastras","Baterias, pilas y balastras",1
Durango,Sin Dato,2020,Petrolifero,Microgenerador,"Gasollina, diésel y naftas gastados","Gasollina, diésel y naftas gastados",0.53
Durango,Sin Dato,2020,Petrolifero,Microgenerador,Lámparas fluorescentes y de vapor de mercurio,Lámparas fluorescentes y de vapor de mercurio,0.022
Durango,Sin Dato,2020,Petrolifero,Microgenerador,Lodos,Lodos aceitosos,3.0581
Durango,Sin Dato,2020,Petrolifero,Microgenerador,Natas de pintura,Natas de pintura,0.34
Durango,Sin Dato,2020,Petrolifero,Microgenerador,Residuos sólidos,"Estopa, trapo, plásticos, cartón, madera, brochas, papel, cepillo, etc., impregnados con pinturas, grasas, aceites, hidrocarburos",5.43682
Durango,Sin Dato,2020,Petrolifero,Pequeno Generador,Aceites lubricantes,Aceites gastados lubricantes,2.942
Durango,Sin Dato,2020,Petrolifero,Pequeno Generador,Líquidos de proceso,Aguas aceitosas,6.41
Durango,Sin Dato,2020,Petrolifero,Pequeno Generador,"Baterias, pilas y balastras","Baterias, pilas y balastras",0.906
Durango,Sin Dato,2020,Petrolifero,Pequeno Generador,"Gasollina, diésel y naftas gastados","Gasollina, diésel y naftas gastados",0.558
Durango,Sin Dato,2020,Petrolifero,Pequeno Generador,Lámparas fluorescentes y de vapor de mercurio,Lámparas fluorescentes y de vapor de mercurio,0.0132
Durango,Sin Dato,2020,Petrolifero,Pequeno Generador,Lodos,Lodos aceitosos,11.357
Durango,Sin Dato,2020,Petrolifero,Pequeno Generador,Natas de pintura,Natas de pintura,0.3
Durango,Sin Dato,2020,Petrolifero,Pequeno Generador,Residuos sólidos,"Estopa, trapo, plásticos, cartón, madera, brochas, papel, cepillo, etc., impregnados con pinturas, grasas, aceites, hidrocarburos",7.9659
Durango,Sin Dato,2021,Petrolifero,Microgenerador,Aceites gastados,hidraulicos,0.04
Durango,Sin Dato,2021,Petrolifero,Microgenerador,Aceites gastados,Lubricantes,0.04
Durango,Sin Dato,2021,Petrolifero,Microgenerador,"baterias, celdas y pilas","Baterias, pilas y balastras",1
Durango,Sin Dato,2021,Petrolifero,Microgenerador,"Gasolina, diésel y naftas gastados o sucios provenientes de estaciones de servicio y talleres automotrices","Gasolina, diesel y naftas gastados o sucios",0.53
Durango,Sin Dato,2021,Petrolifero,Microgenerador,Otros,"Agua oleosa, agua contaminada",0.76
Durango,Sin Dato,2021,Petrolifero,Microgenerador,Pinturas y productos relacionados,"Residuos de pinturas, pinturas caducadas",0.34
Durango,Sin Dato,2021,Petrolifero,Microgenerador,Residuos solidos,"Estopa, trapo, plásticos, cartón, madera, brochas, papel, cepillo, etc., impregnados con pinturas, grasas, aceites, hidrocarburos",5.44
Durango,Sin Dato,2021,Petrolifero,Microgenerador,Residuos solidos,"Lámparas fluorescentes, lámparas de vapor de mercurio",0.02
Durango,Sin Dato,2021,Petrolifero,Microgenerador,Lodos,Lodos aceitosos,3.06
Durango,Sin Dato,2021,Petrolifero,Pequeno Generador,Aceites gastados,Lubricantes,2.94
Durango,Sin Dato,2021,Petrolifero,Pequeno Generador,"baterias, celdas y pilas","Baterias, pilas y balastras",0.91
Durango,Sin Dato,2021,Petrolifero,Pequeno Generador,"Gasolina, diésel y naftas gastados o sucios provenientes de estaciones de servicio y talleres automotrices","Gasolina, diesel y naftas gastados o sucios",0.56
Durango,Sin Dato,2021,Petrolifero,Pequeno Generador,Otros,"Agua oleosa, agua contaminada",6.41
Durango,Sin Dato,2021,Petrolifero,Pequeno Generador,Pinturas y productos relacionados,"Residuos de pinturas, pinturas caducadas",0.3
Durango,Sin Dato,2021,Petrolifero,Pequeno Generador,Residuos solidos,"Estopa, trapo, plásticos, cartón, madera, brochas, papel, cepillo, etc., impregnados con pinturas, grasas, aceites, hidrocarburos",7.97
Durango,Sin Dato,2021,Petrolifero,Pequeno Generador,Residuos solidos,"Lámparas fluorescentes, lámparas de vapor de mercurio",0.01
Durango,Sin Dato,2021,Petrolifero,Pequeno Generador,Lodos,Lodos aceitosos,11.36
Durango,Durango,2022,Petrolífero,Microgenerador,"Gasolina, diésel y naftas gastados o sucios provenientes de estaciones de servicio y talleres automotrices","Gasolina, diesel y naftas gastados o sucios",0.15
Durango,Durango,2022,Petrolífero,Microgenerador,Lodos,Lodos aceitosos,0.22
Durango,Durango,2022,Petrolífero,Microgenerador,Residuos sólidos,"Estopa, trapo, plásticos, cartón, madera, brochas, papel, cepillo, etc., impregnados con pinturas, grasas, aceites, hidrocarburos",0.03
Durango,Gómez Palacio,2022,Petrolífero,Microgenerador,Lodos,Lodos aceitosos,0.09
Durango,Gómez Palacio,2022,Petrolífero,Microgenerador,Residuos sólidos,"Estopa, trapo, plásticos, cartón, madera, brochas, papel, cepillo, etc., impregnados con pinturas, grasas, aceites, hidrocarburos",0.08
Durango,Tepehuanes,2022,Petrolífero,Microgenerador,Lodos,Lodos aceitosos,0.15
Durango,Tepehuanes,2022,Petrolífero,Microgenerador,Residuos sólidos,"Estopa, trapo, plásticos, cartón, madera, brochas, papel, cepillo, etc., impregnados con pinturas, grasas, aceites, hidrocarburos",0.17
Durango,Cuencamé,2023,Petrolífero,Microgenerador,Lodos,Lodos aceitosos,0.05
Durango,Cuencamé,2023,Petrolífero,Microgenerador,Residuos sólidos,"Estopa, trapo, plásticos, cartón, madera, brochas, papel, cepillo, etc., impregnados con pinturas, grasas, aceites, hidrocarburos",0.02
Durango,Durango,2023,Petrolífero,Microgenerador,Agua contaminada,"Agua contaminada con hidrocarburos, combustibles, aceite o grasa",0.77
Durango,Durango,2023,Petrolífero,Microgenerador,Residuos sólidos,"Estopa, trapo, plásticos, cartón, madera, brochas, papel, cepillo, etc., impregnados con pinturas, grasas, aceites, hidrocarburos",0.18
Durango,Gómez Palacio,2023,Petrolífero,Microgenerador,Lodos,Lodos aceitosos,0.27
Durango,Gómez Palacio,2023,Petrolífero,Microgenerador,Residuos sólidos,"Estopa, trapo, plásticos, cartón, madera, brochas, papel, cepillo, etc., impregnados con pinturas, grasas, aceites, hidrocarburos",0.25
Durango,Gómez Palacio,2023,Petrolífero,Microgenerador,Residuos sólidos,"Estopa, trapo, plásticos, cartón, madera, brochas, papel, cepillo, etc., impregnados con pinturas, grasas, aceites, hidrocarburos",0.35
Durango,Cuencamé,2024,Petrolífero,Microgenerador,Lodos,Lodos aceitosos,0.09
Durango,Cuencamé,2024,Petrolífero,Microgenerador,Residuos sólidos,"Estopa, trapo, plásticos, cartón, madera, brochas, papel, cepillo, etc., impregnados con pinturas, grasas, aceites, hidrocarburos",0.08
Durango,Durango,2024,Petrolífero,Microgenerador,Aceites gastados,Hidráulicos,0.16
Durango,Durango,2024,Petrolífero,Microgenerador,Agua contaminada,"Agua contaminada con hidrocarburos, combustibles, aceite o grasa",0.03
Durango,Durango,2024,Petrolífero,Microgenerador,Lodos,Lodos aceitosos,0.37
Durango,Durango,2024,Petrolífero,Microgenerador,Residuos sólidos,"Estopa, trapo, plásticos, cartón, madera, brochas, papel, cepillo, etc., impregnados con pinturas, grasas, aceites, hidrocarburos",0.07
Durango,Durango,2024,Petrolífero,Pequeño Generador,Gasolina y otros combustibles,"Gasolina, diesel y naftas gastados o sucios",0.25
Durango,Durango,2024,Petrolífero,Pequeño Generador,Lodos,Lodos aceitosos,0.63
Durango,Durango,2024,Petrolífero,Pequeño Generador,Residuos sólidos,"Estopa, trapo, plásticos, cartón, madera, brochas, papel, cepillo, etc., impregnados con pinturas, grasas, aceites, hidrocarburos",0.03
Durango,Gómez Palacio,2024,Petrolífero,Microgenerador,Aceites gastados,Hidráulicos,0.4
Durango,Gómez Palacio,2024,Petrolífero,Pequeño Generador,Agua contaminada,"Agua contaminada con hidrocarburos, combustibles, aceite o grasa",0.33
Durango,Gómez Palacio,2024,Petrolífero,Pequeño Generador,Gasolina y otros combustibles,"Gasolina, diesel y naftas gastados o sucios",0.8
Durango,Gómez Palacio,2024,Petrolífero,Pequeño Generador,Lodos,Lodos aceitosos,2.6
Durango,Gómez Palacio,2024,Petrolífero,Pequeño Generador,Residuos sólidos,"Estopa, trapo, plásticos, cartón, madera, brochas, papel, cepillo, etc., impregnados con pinturas, grasas, aceites, hidrocarburos",1.04
Durango,Lerdo,2024,Petrolero,Gran Generador,Aceites gastados,Lubricantes,0.24
Durango,Lerdo,2024,Petrolero,Gran Generador,Residuos sólidos,Otros sólidos,14.29
Durango,Lerdo,2024,Petrolero,Gran Generador,Residuos sólidos,Otros sólidos,0.44
Durango,Lerdo,2024,Petrolífero,Pequeño Generador,Aceites gastados,Lubricantes,0.5
Durango,Lerdo,2024,Petrolífero,Pequeño Generador,Agua contaminada,"Agua contaminada con hidrocarburos, combustibles, aceite o grasa",1
Durango,Lerdo,2024,Petrolífero,Pequeño Generador,Lodos,Lodos aceitosos,1.2
Durango,Lerdo,2024,Petrolífero,Pequeño Generador,Residuos sólidos,"Estopa, trapo, plásticos, cartón, madera, brochas, papel, cepillo, etc., impregnados con pinturas, grasas, aceites, hidrocarburos",3.8
Durango,Lerdo,2024,Petrolífero,Pequeño Generador,Residuos sólidos,"Lámparas fluorescentes, lámparas de vapor de mercurio",0.2
Durango,Lerdo,2024,Petrolífero,Pequeño Generador,Solventes,Residuos de solventes,0.2
Durango,Mapimí,2024,Petrolífero,Microgenerador,Lodos,Lodos aceitosos,0.14
Durango,Mapimí,2024,Petrolífero,Microgenerador,Residuos sólidos,"Estopa, trapo, plásticos, cartón, madera, brochas, papel, cepillo, etc., impregnados con pinturas, grasas, aceites, hidrocarburos",0.1
Durango,Mezquital,2024,Petrolífero,Microgenerador,Aceites gastados,Hidráulicos,0.37
Durango,Santiago Papasquiaro,2024,Petrolífero,Pequeño Generador,Gasolina y otros combustibles,"Gasolina, diesel y naftas gastados o sucios",0.15
Durango,Santiago Papasquiaro,2024,Petrolífero,Pequeño Generador,Lodos,Lodos aceitosos,0.23
Durango,Santiago Papasquiaro,2024,Petrolífero,Pequeño Generador,Residuos sólidos,"Estopa, trapo, plásticos, cartón, madera, brochas, papel, cepillo, etc., impregnados con pinturas, grasas, aceites, hidrocarburos",0.03
Guanajuato,Sin Dato,2017,Petrolero,Microgenerador,"Baterias, celdas y pilas",No especificado,0.02
Guanajuato,Sin Dato,2017,Petrolero,Microgenerador,"Gasolina, diesel y naftas gastados o sucios provenientes de estaciónes de servicio y talleres automotrices","Gasolina, diesel y naftas gastados o sucios provenientes de estaciones de servicio y talleres automotrices",9.88
Guanajuato,Sin Dato,2017,Petrolero,Microgenerador,"Gasolina, diesel y naftas gastados o sucios provenientes de estaciónes de servicio y talleres automotrices","Mezclas de combustibles sucios, mezclas de hidrocarburos, naftas",0.41
Guanajuato,Sin Dato,2017,Petrolero,Microgenerador,Liquidos de proceso,"Agua contaminada con hidrocarburos, combustibles, aceite o grasa",1.11
Guanajuato,Sin Dato,2017,Petrolero,Microgenerador,Liquidos de proceso,No corrosivos,0.61
Guanajuato,Sin Dato,2017,Petrolero,Microgenerador,Lodos,Lodos procedentes de trampas de grasas e hidrocarburos,0.29
Guanajuato,Sin Dato,2017,Petrolero,Microgenerador,Lodos,Lodos provenientes de tanques de almacenaniento,2.5
Guanajuato,Sin Dato,2017,Petrolero,Microgenerador,Lodos aceitosos,"Con contaminacion de hidrocarburos, combustibles, aceite",2.76
Guanajuato,Sin Dato,2017,Petrolero,Microgenerador,Lodos aceitosos,Lodos procedentes de trampas de grasas e hidrocarburos,2.33
Guanajuato,Sin Dato,2017,Petrolero,Microgenerador,Lodos aceitosos,Otros lodos,5.04
Guanajuato,Sin Dato,2017,Petrolero,Microgenerador,Material textil,"Telas, felpas, estopas",0.43
Guanajuato,Sin Dato,2017,Petrolero,Microgenerador,Residuos solidos,"Botes o recipientes que contuvieron contaminantes diversos, latas de pintura, aerosoles",2.74
Guanajuato,Sin Dato,2017,Petrolero,Microgenerador,Residuos solidos,De mantenimiento automotríz,0.04
Guanajuato,Sin Dato,2017,Petrolero,Microgenerador,Residuos solidos,"Estopa, trapo, plasticos, carton, madera, brochas, papel, cepillo, etc., impregnados con pinturas, grasas, aceites, hidrocarburos",3.93
Guanajuato,Sin Dato,2017,Petrolero,Microgenerador,Residuos solidos,Lampara fluorescentes,0.08
Guanajuato,Sin Dato,2017,Petrolero,Microgenerador,Residuos solidos,"Mangueras, pistolas o filtros para despacho de combustibles, descarga de contaminantes",0.03
Guanajuato,Sin Dato,2017,Petrolero,Microgenerador,Residuos solidos,No especificado,0.26
Guanajuato,Sin Dato,2017,Petrolero,Microgenerador,Residuos solidos,"Tierra, grava, acerrín impregnados con aceites, grasas e hidrocarburos",0.12
Guanajuato,Sin Dato,2017,Petrolero,Microgenerador,Otros,"Pilas, baterias, focos",0.47
Guanajuato,Sin Dato,2017,Petrolero,Pequeno Generador,Aceites gastados,Lubricantes,1.92
Guanajuato,Sin Dato,2017,Petrolero,Pequeno Generador,"Baterias, celdas y pilas",Pilas alcalinas,0.01
Guanajuato,Sin Dato,2017,Petrolero,Pequeno Generador,"Baterias, celdas y pilas","Pilas, baterias, acumuladores, celdas de desecho: niquel-cadmio, plomo, mercurio",0.01
Guanajuato,Sin Dato,2017,Petrolero,Pequeno Generador,"Gasolina, diesel y naftas gastados o sucios provenientes de estaciónes de servicio y talleres automotrices","Gasolina, diesel y naftas gastados o sucios provenientes de estaciones de servicio y talleres automotrices",5.89
Guanajuato,Sin Dato,2017,Petrolero,Pequeno Generador,"Gasolina, diesel y naftas gastados o sucios provenientes de estaciónes de servicio y talleres automotrices","Mezclas de combustibles sucios, mezclas de hidrocarburos, naftas",0.2
Guanajuato,Sin Dato,2017,Petrolero,Pequeno Generador,Liquidos de proceso,"Agua contaminada con hidrocarburos, combustibles, aceite o grasa",18
Guanajuato,Sin Dato,2017,Petrolero,Pequeno Generador,Lodos,Lodos procedentes de trampas de grasas e hidrocarburos,3
Guanajuato,Sin Dato,2017,Petrolero,Pequeno Generador,Lodos,Lodos provenientes de tanques de almacenaniento,0.57
Guanajuato,Sin Dato,2017,Petrolero,Pequeno Generador,Lodos aceitosos,"Con contaminacion de hidrocarburos, combustibles, aceite",0.22
Guanajuato,Sin Dato,2017,Petrolero,Pequeno Generador,Lodos aceitosos,Lodos procedentes de trampas de grasas e hidrocarburos,18.02
Guanajuato,Sin Dato,2017,Petrolero,Pequeno Generador,Lodos aceitosos,Otros lodos,12.65
Guanajuato,Sin Dato,2017,Petrolero,Pequeno Generador,Material textil,"Telas, felpas, estopas",0.51
Guanajuato,Sin Dato,2017,Petrolero,Pequeno Generador,Pinturas y productos relacionados,"Residuos de pinturas, pinturas caducadas",0.08
Guanajuato,Sin Dato,2017,Petrolero,Pequeno Generador,Residuos Liquidos,"Residuos de sustancias contaminantes (hidrocarburos, combustibles, aceites, grasas, pinturas)",0.1
Guanajuato,Sin Dato,2017,Petrolero,Pequeno Generador,Residuos solidos,Balastras,0.01
Guanajuato,Sin Dato,2017,Petrolero,Pequeno Generador,Residuos solidos,"Botes o recipientes que contuvieron contaminantes diversos, latas de pintura, aerosoles",9.46
Guanajuato,Sin Dato,2017,Petrolero,Pequeno Generador,Residuos solidos,De mantenimiento automotríz,0.19
Guanajuato,Sin Dato,2017,Petrolero,Pequeno Generador,Residuos solidos,"Estopa, trapo, plasticos, carton, madera, brochas, papel, cepillo, etc., impregnados con pinturas, grasas, aceites, hidrocarburos",6.35
Guanajuato,Sin Dato,2017,Petrolero,Pequeno Generador,Residuos solidos,Lampara fluorescentes,0.36
Guanajuato,Sin Dato,2017,Petrolero,Pequeno Generador,Residuos solidos,"Mangueras, pistolas o filtros para despacho de combustibles, descarga de contaminantes",0.12
Guanajuato,Sin Dato,2017,Petrolero,Pequeno Generador,Residuos solidos,No especificado,0.8
Guanajuato,Sin Dato,2017,Petrolero,Pequeno Generador,Residuos solidos,"Tierra, grava, acerrín impregnados con aceites, grasas e hidrocarburos",0.6
Guanajuato,Sin Dato,2017,Petroleo y petroquimica,Microgenerador,"Baterias, celdas y pilas","Pilas, baterias, acumuladores, celdas de desecho: niquel-cadmio, plomo, mercurio",0.02
Guanajuato,Sin Dato,2017,Petroleo y petroquimica,Microgenerador,"Gasolina, diesel y naftas gastados o sucios provenientes de estaciónes de servicio y talleres automotrices","Mezclas de combustibles sucios, mezclas de hidrocarburos, naftas",0.04
Guanajuato,Sin Dato,2017,Petroleo y petroquimica,Microgenerador,Residuos solidos,"Botes o recipientes que contuvieron contaminantes diversos, latas de pintura, aerosoles",0.06
Guanajuato,Sin Dato,2017,Petroleo y petroquimica,Microgenerador,Residuos solidos,De mantenimiento automotríz,0
Guanajuato,Sin Dato,2017,Petroleo y petroquimica,Microgenerador,Residuos solidos,"Estopa, trapo, plasticos, carton, madera, brochas, papel, cepillo, etc., impregnados con pinturas, grasas, aceites, hidrocarburos",0.06
Guanajuato,Sin Dato,2017,Petroleo y petroquimica,Pequeno Generador,Aceites gastados,Dielectricos,0.03
Guanajuato,Sin Dato,2017,Petroleo y petroquimica,Pequeno Generador,Aceites gastados,Lubricantes,2
Guanajuato,Sin Dato,2017,Petroleo y petroquimica,Pequeno Generador,"Baterias, celdas y pilas","Pilas, baterias, acumuladores, celdas de desecho: niquel-cadmio, plomo, mercurio",0.44
Guanajuato,Sin Dato,2017,Petroleo y petroquimica,Pequeno Generador,Lodos aceitosos,"Con contaminacion de hidrocarburos, combustibles, aceite",4
Guanajuato,Sin Dato,2017,Petroleo y petroquimica,Pequeno Generador,Residuos solidos,"Botes o recipientes que contuvieron contaminantes diversos, latas de pintura, aerosoles",0.5
Guanajuato,Sin Dato,2017,Petroleo y petroquimica,Pequeno Generador,Residuos solidos,"Estopa, trapo, plasticos, carton, madera, brochas, papel, cepillo, etc., impregnados con pinturas, grasas, aceites, hidrocarburos",1.28
Guanajuato,Sin Dato,2017,Petroleo y petroquimica,Pequeno Generador,Residuos solidos,Lampara fluorescentes,0.05
Guanajuato,Sin Dato,2017,Petroleo y petroquimica,Pequeno Generador,Residuos solidos,"Residuos de sustancias contaminantes (hidrocarburos, combustibles, aceites, grasas, pinturas)",1
Guanajuato,Sin Dato,2018,Petrolifero,Microgenerador,Aceites gastados (Lubricantes),Aceites gastados lubricantes,0.01
Guanajuato,Sin Dato,2018,Petrolifero,Microgenerador,Botes de Presurizados,Envases de aerosol,0.03
Guanajuato,Sin Dato,2018,Petrolifero,Microgenerador,Filtro de aire o aceite contaminados,Filtros de aire usados,0.02
Guanajuato,Sin Dato,2018,Petrolifero,Microgenerador,"Gasolina, Diesel y Naftas gastados o sucios","Gasolina, Diesel y Naftas gastados o sucios provenientes de Estaciones de Servicio y Talleres Automotrices",3.23
Guanajuato,Sin Dato,2018,Petrolifero,Microgenerador,Lamparas fluorescentes y de vapor de mercurio,Lamparas fluorescentes y de vapor de mercurio,0
Guanajuato,Sin Dato,2018,Petrolifero,Microgenerador,Liquidos residuales de proceso no corrosivos,Agua con hidrocaruros,1.09
Guanajuato,Sin Dato,2018,Petrolifero,Microgenerador,Lodos Contaminados con Hidrocarburos,Lodos aceitosos,9.05
Guanajuato,Sin Dato,2018,Petrolifero,Microgenerador,Pilas o Baterias con Litio o Cadmio,Pilas Niquel-Cadmio,0.01
Guanajuato,Sin Dato,2018,Petrolifero,Microgenerador,Solidos contaminados con hidrocarburos diversos,"Filtros, mangueras, envases, botes, cubetas, contenedores, trapos, guantes, carton, aserrin, material absorbente,Estopas y trapos impregnados con combustible, Envases vacios impregnados de aceite",8.89
Guanajuato,Sin Dato,2018,Petrolifero,Microgenerador,Solidos contaminados con pinturas o solventes diverso,"Envases, botes, cubetas, contenedores, trapos, guantes, carton, EPP, carton, envases, franelas, filtros impregnados",0.71
Guanajuato,Sin Dato,2018,Petrolifero,Microgenerador,Solidos de mantenimiento impregnados con Hidrocarburos,"trapos impregnados con aceite, grasas, etc. Usados en la limpieza y/o revision de autos",1.52
Guanajuato,Sin Dato,2018,Petrolifero,Pequeno generador,Aceites gastados (Lubricantes),Aceites gastados lubricantes,7.1
Guanajuato,Sin Dato,2018,Petrolifero,Pequeno generador,Baterias alcalinas,Pilas alcalinas,0.04
Guanajuato,Sin Dato,2018,Petrolifero,Pequeno generador,Botes de Presurizados,Envases de aerosol,0.01
Guanajuato,Sin Dato,2018,Petrolifero,Pequeno generador,Filtro de aire o aceite contaminados,Filtros de aire usados,1.82
Guanajuato,Sin Dato,2018,Petrolifero,Pequeno generador,"Gasolina, Diesel y Naftas gastados o sucios","Gasolina, Diesel y Naftas gastados o sucios provenientes de Estaciones de Servicio y Talleres Automotrices",0.4
Guanajuato,Sin Dato,2018,Petrolifero,Pequeno generador,Lamparas fluorescentes y de vapor de mercurio,Lamparas fluorescentes y de vapor de mercurio,0.81
Guanajuato,Sin Dato,2018,Petrolifero,Pequeno generador,Liquidos residuales de proceso no corrosivos,Agua con hidrocaruros,97.8
Guanajuato,Sin Dato,2018,Petrolifero,Pequeno generador,Lodos Contaminados con Hidrocarburos,Lodos aceitosos,216.1
Guanajuato,Sin Dato,2018,Petrolifero,Pequeno generador,Residuos de pinturas y esmaltes,Nata de Pintura,0.14
Guanajuato,Sin Dato,2018,Petrolifero,Pequeno generador,Pilas o Baterias con Litio o Cadmio,Pilas Niquel-Cadmio,0.21
Guanajuato,Sin Dato,2018,Petrolifero,Pequeno generador,Solidos contaminados con hidrocarburos diversos,"Filtros, mangueras, envases, botes, cubetas, contenedores, trapos, guantes, carton, aserrin, material absorbente,Estopas y trapos impregnados con combustible, Envases vacios impregnados de aceite",36.4
Guanajuato,Sin Dato,2018,Petrolero,Microgenerador,Aceites gastados,Aceites gastados hidraulicos,0.28
Guanajuato,Sin Dato,2018,Petrolero,Microgenerador,Aceites gastados,Aceites gastados lubricantes,0.01
Guanajuato,Sin Dato,2018,Petrolero,Microgenerador,Pinturas y productos relacionados,Felpas impregnadas de pigmentos de cromo y plomo,0.01
Guanajuato,Sin Dato,2018,Petrolero,Microgenerador,Pinturas y productos relacionados,Residuos de pigmentos base cromo y base plomo,0.01
Guanajuato,Sin Dato,2018,Petrolero,Microgenerador,Solidos,Solidos con metales pesados,0.01
Guanajuato,Sin Dato,2018,Petrolero,Microgenerador,Solidos,Solidos de mantenimiento automotriz,0.03
Guanajuato,Sin Dato,2018,Petrolero,Microgenerador,Solidos,Solidos otros,0.17
Guanajuato,Sin Dato,2019,Petrolero,Microgenerador,ACEITES GASTADOS,ACEITES GASTADOS LUBRICANTES,0.0005
Guanajuato,Sin Dato,2019,Petrolero,Microgenerador,PINTURAS Y PRODUCTOS RELACIONADOS,RESIDUOS DE PIGMENTOS BASE CROMO Y BASE PLOMO,0.004
Guanajuato,Sin Dato,2019,Petrolero,Microgenerador,PINTURAS Y PRODUCTOS RELACIONADOS,FELPAS IMPREGNADAS DE PIGMENTOS DE CROMO Y PLOMO,0.003
Guanajuato,Sin Dato,2019,Petrolero,Microgenerador,solidos,solidos OTROS (CARTUCHOS INTERNOS DE FILTROS IMPREGNADOS CON HOLLÍN Y ACEITE LUBRICANTE GASTADO.),0.002
Guanajuato,Sin Dato,2019,Petrolero,Microgenerador,solidos,solidos CON METALES PESADOS,0.003
Guanajuato,Sin Dato,2019,Petrolero,Microgenerador,solidos,solidos OTROS (baterias ALCALINAS USADAS),0.002
Guanajuato,Sin Dato,2019,Petrolero,Microgenerador,solidos,solidos DE MANTENIMIENTO AUTOMOTRIZ,0.0052
Guanajuato,Sin Dato,2019,Petrolero,Microgenerador,Aceites gastados,hidraulicos,0
Guanajuato,Sin Dato,2019,Petrolero,Microgenerador,Aceites gastados,Lubricantes,0
Guanajuato,Sin Dato,2019,Petrolero,Microgenerador,Pinturas y productos relacionados,"Estopa, trapo, plásticos, cartón, madera, brochas, papel, cepillo, etc., impregnados con pinturas, grasas, aceites, hidrocarburos",0
Guanajuato,Sin Dato,2019,Petrolero,Microgenerador,Pinturas y productos relacionados,Residuos de pigmentos base cromo y base plomo,0
Guanajuato,Sin Dato,2019,Petrolero,Microgenerador,Residuos solidos,Con metales pesados,0
Guanajuato,Sin Dato,2019,Petrolero,Microgenerador,Residuos solidos,De mantenimiento automotríz,0
Guanajuato,Sin Dato,2019,Petrolero,Microgenerador,Residuos solidos,Otros solidos,0
Guanajuato,Sin Dato,2019,Petrolifero,Microgenerador,Aceites gastados,Lubricantes,0
Guanajuato,Sin Dato,2019,Petrolifero,Microgenerador,"Baterias, celdas y pilas",Pilas o baterias de Niquel - Cadmio,0.02
Guanajuato,Sin Dato,2019,Petrolifero,Microgenerador,"Gasolina, diesel y naftas gastados o sucios provenientes de estaciónes de servicio y talleres automotrices","Gasolina, diesel y naftas gastados o sucios provenientes de estaciones de servicio y talleres automotrices",0
Guanajuato,Sin Dato,2019,Petrolifero,Microgenerador,Liquidos de proceso,Liquidos con residuos de hidrocarburos,0
Guanajuato,Sin Dato,2019,Petrolifero,Microgenerador,Lodos,Lodos aceitosos,0.36
Guanajuato,Sin Dato,2019,Petrolifero,Microgenerador,Residuos solidos,"Botes o recipientes que contuvieron contaminantes diversos, latas de pintura, aerosoles",0
Guanajuato,Sin Dato,2019,Petrolifero,Microgenerador,Residuos solidos,"Botes o recipientes que contuvieron contaminantes diversos, latas de pintura, aerosoles",0
Guanajuato,Sin Dato,2019,Petrolifero,Microgenerador,Residuos solidos,"Estopa, trapo, plásticos, cartón, madera, brochas, papel, cepillo, etc., impregnados con pinturas, grasas, aceites, hidrocarburos",0
Guanajuato,Sin Dato,2019,Petrolifero,Microgenerador,Residuos solidos,Filtro de aire o de aceite contaminados,0
Guanajuato,Sin Dato,2019,Petrolifero,Microgenerador,Residuos solidos,Lámpara fluorescentes,0
Guanajuato,Sin Dato,2019,Petrolifero,Pequeno Generador,Aceites gastados,Lubricantes,0
Guanajuato,Sin Dato,2019,Petrolifero,Pequeno Generador,"Baterias, celdas y pilas",Pilas alcalinas,0
Guanajuato,Sin Dato,2019,Petrolifero,Pequeno Generador,"Baterias, celdas y pilas",Pilas o baterias de Niquel - Cadmio,0
Guanajuato,Sin Dato,2019,Petrolifero,Pequeno Generador,"Gasolina, diesel y naftas gastados o sucios provenientes de estaciónes de servicio y talleres automotrices","Gasolina, diesel y naftas gastados o sucios provenientes de estaciones de servicio y talleres automotrices",0
Guanajuato,Sin Dato,2019,Petrolifero,Pequeno Generador,Liquidos de proceso,Liquidos con residuos de hidrocarburos,0
Guanajuato,Sin Dato,2019,Petrolifero,Pequeno Generador,Lodos,Lodos aceitosos,0
Guanajuato,Sin Dato,2019,Petrolifero,Pequeno Generador,Pinturas y productos relacionados,"Residuos de pinturas, pinturas caducadas",0
Guanajuato,Sin Dato,2019,Petrolifero,Pequeno Generador,Residuos solidos,"Botes o recipientes que contuvieron contaminantes diversos, latas de pintura, aerosoles",0
Guanajuato,Sin Dato,2019,Petrolifero,Pequeno Generador,Residuos solidos,"Estopa, trapo, plásticos, cartón, madera, brochas, papel, cepillo, etc., impregnados con pinturas, grasas, aceites, hidrocarburos",0
Guanajuato,Sin Dato,2019,Petrolifero,Pequeno Generador,Residuos solidos,Filtro de aire o de aceite contaminados,0
Guanajuato,Sin Dato,2019,Petrolifero,Pequeno Generador,Residuos solidos,Lámpara fluorescentes,0
Guanajuato,Sin Dato,2020,Petrolero,Microgenerador,Aceites gastados,Lubricantes,0
Guanajuato,Sin Dato,2020,Petrolero,Microgenerador,Pinturas y productos relacionados,Felpas impregnadas de pigmentos de cromo y plomo,0
Guanajuato,Sin Dato,2020,Petrolero,Microgenerador,Pinturas y productos relacionados,Residuos de pigmentos base cromo y base plomo,0
Guanajuato,Sin Dato,2020,Petrolero,Microgenerador,Residuos sólidos,Con metales pesados,0
Guanajuato,Sin Dato,2020,Petrolero,Microgenerador,Residuos sólidos,De mantenimiento automotríz,0
Guanajuato,Sin Dato,2020,Petrolero,Microgenerador,Residuos sólidos,"Filtro de aire o de aceite contaminados, cartuchos de filtros impregnados de hollín o aceite lubricante gastado",0
Guanajuato,Sin Dato,2020,Petrolero,Microgenerador,Residuos sólidos,Pilas alcalinas,0
Guanajuato,Sin Dato,2020,Petrolifero,Microgenerador,Aceites lubricantes,Aceites gastados lubricantes,0.49788
Guanajuato,Sin Dato,2020,Petrolifero,Microgenerador,Líquidos de proceso,Aguas aceitosas,0.12
Guanajuato,Sin Dato,2020,Petrolifero,Microgenerador,"Baterias, pilas y balastras","Baterias, pilas y balastras",0.06
Guanajuato,Sin Dato,2020,Petrolifero,Microgenerador,"Gasollina, diésel y naftas gastados","Gasollina, diésel y naftas gastados",0.287
Guanajuato,Sin Dato,2020,Petrolifero,Microgenerador,Lámparas fluorescentes y de vapor de mercurio,Lámparas fluorescentes y de vapor de mercurio,0.2631
Guanajuato,Sin Dato,2020,Petrolifero,Microgenerador,Lodos,Lodos aceitosos,6.93997
Guanajuato,Sin Dato,2020,Petrolifero,Microgenerador,Residuos sólidos,"Estopa, trapo, plásticos, cartón, madera, brochas, papel, cepillo, etc., impregnados con pinturas, grasas, aceites, hidrocarburos",10.25362
Guanajuato,Sin Dato,2020,Petrolifero,Pequeno Generador,Aceites hidraúlicos,Aceites gastados hidráulicos,0.89
Guanajuato,Sin Dato,2020,Petrolifero,Pequeno Generador,Aceites lubricantes,Aceites gastados lubricantes,17.4318
Guanajuato,Sin Dato,2020,Petrolifero,Pequeno Generador,Líquidos de proceso,Aguas aceitosas,45.86
Guanajuato,Sin Dato,2020,Petrolifero,Pequeno Generador,"Baterias, pilas y balastras","Baterias, pilas y balastras",0.06
Guanajuato,Sin Dato,2020,Petrolifero,Pequeno Generador,"Gasollina, diésel y naftas gastados","Gasollina, diésel y naftas gastados",1.7034
Guanajuato,Sin Dato,2020,Petrolifero,Pequeno Generador,Lámparas fluorescentes y de vapor de mercurio,Lámparas fluorescentes y de vapor de mercurio,2.0669
Guanajuato,Sin Dato,2020,Petrolifero,Pequeno Generador,Lodos,Lodos aceitosos,8.2215
Guanajuato,Sin Dato,2020,Petrolifero,Pequeno Generador,Residuos sólidos,"Estopa, trapo, plásticos, cartón, madera, brochas, papel, cepillo, etc., impregnados con pinturas, grasas, aceites, hidrocarburos",22.7001
Guanajuato,Sin Dato,2021,Petrolero,Microgenerador,Residuos solidos,"De mantenimiento automotríz, mantenimiento a maquinaria o equipos",0.01
Guanajuato,Sin Dato,2021,Petrolifero,Microgenerador,Aceites gastados,Lubricantes,0.5
Guanajuato,Sin Dato,2021,Petrolifero,Microgenerador,"baterias, celdas y pilas","Baterias, pilas y balastras",0.06
Guanajuato,Sin Dato,2021,Petrolifero,Microgenerador,"Gasolina, diésel y naftas gastados o sucios provenientes de estaciones de servicio y talleres automotrices","Gasolina, diesel y naftas gastados o sucios",0.29
Guanajuato,Sin Dato,2021,Petrolifero,Microgenerador,Otros,"Agua oleosa, agua contaminada",0.12
Guanajuato,Sin Dato,2021,Petrolifero,Microgenerador,Residuos solidos,"Estopa, trapo, plásticos, cartón, madera, brochas, papel, cepillo, etc., impregnados con pinturas, grasas, aceites, hidrocarburos",10.25
Guanajuato,Sin Dato,2021,Petrolifero,Microgenerador,Residuos solidos,"Lámparas fluorescentes, lámparas de vapor de mercurio",0.26
Guanajuato,Sin Dato,2021,Petrolifero,Microgenerador,Lodos,Lodos aceitosos,6.94
Guanajuato,Sin Dato,2021,Petrolifero,Pequeno Generador,Aceites gastados,hidraulicos,0.89
Guanajuato,Sin Dato,2021,Petrolifero,Pequeno Generador,Aceites gastados,Lubricantes,17.43
Guanajuato,Sin Dato,2021,Petrolifero,Pequeno Generador,"baterias, celdas y pilas","Baterias, pilas y balastras",0.06
Guanajuato,Sin Dato,2021,Petrolifero,Pequeno Generador,"Gasolina, diésel y naftas gastados o sucios provenientes de estaciones de servicio y talleres automotrices","Gasolina, diesel y naftas gastados o sucios",1.7
Guanajuato,Sin Dato,2021,Petrolifero,Pequeno Generador,Otros,"Agua oleosa, agua contaminada",45.86
Guanajuato,Sin Dato,2021,Petrolifero,Pequeno Generador,Residuos solidos,"Estopa, trapo, plásticos, cartón, madera, brochas, papel, cepillo, etc., impregnados con pinturas, grasas, aceites, hidrocarburos",22.7
Guanajuato,Sin Dato,2021,Petrolifero,Pequeno Generador,Residuos solidos,"Lámparas fluorescentes, lámparas de vapor de mercurio",2.07
Guanajuato,Sin Dato,2021,Petrolifero,Pequeno Generador,Lodos,Lodos aceitosos,8.22
Guanajuato,Acámbaro,2022,Petrolífero,Microgenerador,Agua contaminada,"Agua contaminada con hidrocarburos, combustibles, aceite o grasa",0.07
Guanajuato,Acámbaro,2022,Petrolífero,Microgenerador,Lodos,Lodos aceitosos,0.07
Guanajuato,Acámbaro,2022,Petrolífero,Microgenerador,Residuos sólidos,"Estopa, trapo, plásticos, cartón, madera, brochas, papel, cepillo, etc., impregnados con pinturas, grasas, aceites, hidrocarburos",0.02
Guanajuato,Apaseo El Alto,2022,Petrolífero,Microgenerador,Lodos,Lodos aceitosos,0.03
Guanajuato,Apaseo El Alto,2022,Petrolífero,Microgenerador,Residuos sólidos,"Estopa, trapo, plásticos, cartón, madera, brochas, papel, cepillo, etc., impregnados con pinturas, grasas, aceites, hidrocarburos",0.16
Guanajuato,Apaseo El Alto,2022,Petrolífero,Microgenerador,Residuos sólidos,"Lámparas fluorescentes, lámparas de vapor de mercurio",0.01
Guanajuato,Apaseo El Grande,2022,Petrolífero,Microgenerador,Residuos sólidos,"Estopa, trapo, plásticos, cartón, madera, brochas, papel, cepillo, etc., impregnados con pinturas, grasas, aceites, hidrocarburos",0.29
Guanajuato,Celaya,2022,Petrolero,Microgenerador,Residuos sólidos,Otros sólidos,0.04
Guanajuato,Celaya,2022,Petrolero,Microgenerador,Residuos sólidos,Otros sólidos,0.02
Guanajuato,Celaya,2022,Petrolero,Pequeño Generador,Lodos,Lodos aceitosos,0.72
Guanajuato,Celaya,2022,Petrolero,Pequeño Generador,Residuos sólidos,"Estopa, trapo, plásticos, cartón, madera, brochas, papel, cepillo, etc., impregnados con pinturas, grasas, aceites, hidrocarburos",0.24
Guanajuato,Celaya,2022,Petrolífero,Microgenerador,Lodos,Lodos aceitosos,0.01
Guanajuato,Celaya,2022,Petrolífero,Microgenerador,Residuos sólidos,"Estopa, trapo, plásticos, cartón, madera, brochas, papel, cepillo, etc., impregnados con pinturas, grasas, aceites, hidrocarburos",0.02
Guanajuato,Cortazar,2022,Petrolero,Microgenerador,Agua contaminada,"Agua contaminada con hidrocarburos, combustibles, aceite o grasa",0.01
Guanajuato,Cortazar,2022,Petrolero,Microgenerador,"Baterías, celdas y pilas","Baterias, pilas y balastras",0.01
Guanajuato,Cortazar,2022,Petrolero,Microgenerador,Lodos,Lodos aceitosos,0.14
Guanajuato,Cortazar,2022,Petrolero,Microgenerador,Residuos sólidos,"Estopa, trapo, plásticos, cartón, madera, brochas, papel, cepillo, etc., impregnados con pinturas, grasas, aceites, hidrocarburos",0.04
Guanajuato,Cuerámaro,2022,Petrolero,Microgenerador,Agua contaminada,"Agua contaminada con hidrocarburos, combustibles, aceite o grasa",0.09
Guanajuato,Cuerámaro,2022,Petrolero,Microgenerador,"Baterías, celdas y pilas","Baterias, pilas y balastras",0.02
Guanajuato,Cuerámaro,2022,Petrolero,Microgenerador,Lodos,Lodos aceitosos,0.06
Guanajuato,Cuerámaro,2022,Petrolero,Microgenerador,Residuos sólidos,"Estopa, trapo, plásticos, cartón, madera, brochas, papel, cepillo, etc., impregnados con pinturas, grasas, aceites, hidrocarburos",0.02
Guanajuato,Guanajuato,2022,Petrolero,Microgenerador,Lodos,Lodos aceitosos,0.12
Guanajuato,Guanajuato,2022,Petrolero,Microgenerador,Residuos sólidos,"Estopa, trapo, plásticos, cartón, madera, brochas, papel, cepillo, etc., impregnados con pinturas, grasas, aceites, hidrocarburos",0.06
Guanajuato,Irapuato,2022,Petrolero,Microgenerador,Agua contaminada,"Agua contaminada con hidrocarburos, combustibles, aceite o grasa",0.01
Guanajuato,Irapuato,2022,Petrolero,Microgenerador,"Baterías, celdas y pilas","Baterias, pilas y balastras",0.02
Guanajuato,Irapuato,2022,Petrolero,Microgenerador,Lodos,Lodos aceitosos,0.14
Guanajuato,Irapuato,2022,Petrolero,Microgenerador,Residuos sólidos,"Estopa, trapo, plásticos, cartón, madera, brochas, papel, cepillo, etc., impregnados con pinturas, grasas, aceites, hidrocarburos",0.06
Guanajuato,León,2022,Petrolero,Microgenerador,Lodos,Lodos aceitosos,0.04
Guanajuato,León,2022,Petrolero,Microgenerador,Residuos sólidos,"Estopa, trapo, plásticos, cartón, madera, brochas, papel, cepillo, etc., impregnados con pinturas, grasas, aceites, hidrocarburos",0.07
Guanajuato,León,2022,Petrolero,Pequeño Generador,Aceites gastados,Lubricantes,2.04
Guanajuato,León,2022,Petrolero,Pequeño Generador,Lodos,Lodos aceitosos,2.67
Guanajuato,León,2022,Petrolero,Pequeño Generador,Residuos sólidos,"Estopa, trapo, plásticos, cartón, madera, brochas, papel, cepillo, etc., impregnados con pinturas, grasas, aceites, hidrocarburos",2.28
Guanajuato,Pénjamo,2022,Petrolero,Microgenerador,Lodos,Lodos aceitosos,0.09
Guanajuato,Purísima del Rincón,2022,Petrolero,Pequeño Generador,Aceites gastados,Lubricantes,1.51
Guanajuato,Purísima del Rincón,2022,Petrolero,Pequeño Generador,Residuos sólidos,"Estopa, trapo, plásticos, cartón, madera, brochas, papel, cepillo, etc., impregnados con pinturas, grasas, aceites, hidrocarburos",0.21
Guanajuato,Salvatierra,2022,Petrolero,Microgenerador,Agua contaminada,"Agua contaminada con hidrocarburos, combustibles, aceite o grasa",0.04
Guanajuato,Salvatierra,2022,Petrolero,Microgenerador,"Baterías, celdas y pilas","Baterias, pilas y balastras",0.02
Guanajuato,Salvatierra,2022,Petrolero,Microgenerador,Lodos,Lodos aceitosos,0.15
Guanajuato,Salvatierra,2022,Petrolero,Microgenerador,Residuos sólidos,"Estopa, trapo, plásticos, cartón, madera, brochas, papel, cepillo, etc., impregnados con pinturas, grasas, aceites, hidrocarburos",0.08
Guanajuato,San Francisco del Rincón,2022,Petrolero,Microgenerador,Lodos,Lodos aceitosos,0.15
Guanajuato,San Francisco del Rincón,2022,Petrolero,Pequeño Generador,Lodos,Lodos aceitosos,0.4
Guanajuato,San Francisco del Rincón,2022,Petrolero,Pequeño Generador,Residuos sólidos,"Estopa, trapo, plásticos, cartón, madera, brochas, papel, cepillo, etc., impregnados con pinturas, grasas, aceites, hidrocarburos",0.08
Guanajuato,San Francisco del Rincón,2022,Petrolero,Pequeño Generador,Residuos sólidos,"Lámparas fluorescentes, lámparas de vapor de mercurio",0.04
Guanajuato,Tarandacuao,2022,Petrolero,Microgenerador,Agua contaminada,"Agua contaminada con hidrocarburos, combustibles, aceite o grasa",0.04
Guanajuato,Tarandacuao,2022,Petrolero,Microgenerador,"Baterías, celdas y pilas","Baterias, pilas y balastras",0.02
Guanajuato,Tarandacuao,2022,Petrolero,Microgenerador,Lodos,Lodos aceitosos,0.1
Guanajuato,Tarandacuao,2022,Petrolero,Microgenerador,Residuos sólidos,"Estopa, trapo, plásticos, cartón, madera, brochas, papel, cepillo, etc., impregnados con pinturas, grasas, aceites, hidrocarburos",0.2
Guanajuato,Villagrán,2022,Petrolero,Microgenerador,Lodos,Lodos aceitosos,0.09
Guanajuato,Villagrán,2022,Petrolero,Microgenerador,Residuos sólidos,"Estopa, trapo, plásticos, cartón, madera, brochas, papel, cepillo, etc., impregnados con pinturas, grasas, aceites, hidrocarburos",0.01
Guanajuato,San Miguel de Allende,2023,Petrolífero,Pequeño Generador,Lodos,Lodos aceitosos,0.3
Guanajuato,San Miguel de Allende,2023,Petrolífero,Pequeño Generador,Residuos sólidos,"Estopa, trapo, plásticos, cartón, madera, brochas, papel, cepillo, etc., impregnados con pinturas, grasas, aceites, hidrocarburos",0.25
Guanajuato,Celaya,2023,Petrolífero,Microgenerador,Lodos,Lodos aceitosos,0.04
Guanajuato,Celaya,2023,Petrolífero,Pequeño Generador,Lodos,Lodos aceitosos,0.02
Guanajuato,Celaya,2023,Petrolífero,Pequeño Generador,Residuos sólidos,"Estopa, trapo, plásticos, cartón, madera, brochas, papel, cepillo, etc., impregnados con pinturas, grasas, aceites, hidrocarburos",0.02
Guanajuato,Irapuato,2023,Petrolífero,Microgenerador,"Baterías, celdas y pilas","Baterias, pilas y balastras",0.03
Guanajuato,Irapuato,2023,Petrolífero,Microgenerador,Lodos,Lodos aceitosos,0.45
Guanajuato,Irapuato,2023,Petrolífero,Pequeño Generador,Aceites gastados,Lubricantes,0.4
Guanajuato,Irapuato,2023,Petrolífero,Pequeño Generador,"Baterías, celdas y pilas","Baterias, pilas y balastras",0.1
Guanajuato,Irapuato,2023,Petrolífero,Pequeño Generador,Residuos sólidos,"Estopa, trapo, plásticos, cartón, madera, brochas, papel, cepillo, etc., impregnados con pinturas, grasas, aceites, hidrocarburos",0.15
Guanajuato,Jaral del Progreso,2023,Petrolífero,Microgenerador,Lodos,Lodos aceitosos,0.05
Guanajuato,León,2023,Petrolífero,Microgenerador,Agua contaminada,"Agua contaminada con hidrocarburos, combustibles, aceite o grasa",0.04
Guanajuato,León,2023,Petrolífero,Microgenerador,"Baterías, celdas y pilas","Baterias, pilas y balastras",0.03
Guanajuato,León,2023,Petrolífero,Microgenerador,"Gasolina, diésel y naftas gastados o sucios provenientes de estaciones de servicio y talleres automotrices","Gasolina, diesel y naftas gastados o sucios",0.1
Guanajuato,León,2023,Petrolífero,Microgenerador,Lodos,Lodos aceitosos,0.49
Guanajuato,León,2023,Petrolífero,Microgenerador,Residuos sólidos,"Estopa, trapo, plásticos, cartón, madera, brochas, papel, cepillo, etc., impregnados con pinturas, grasas, aceites, hidrocarburos",0.4
Guanajuato,León,2023,Petrolífero,Pequeño Generador,Aceites gastados,Hidráulicos,0.05
Guanajuato,León,2023,Petrolífero,Pequeño Generador,Agua contaminada,"Agua contaminada con hidrocarburos, combustibles, aceite o grasa",5
Guanajuato,León,2023,Petrolífero,Pequeño Generador,"Gasolina, diésel y naftas gastados o sucios provenientes de estaciones de servicio y talleres automotrices","Gasolina, diesel y naftas gastados o sucios",0.21
Guanajuato,León,2023,Petrolífero,Pequeño Generador,Lodos,Lodos aceitosos,0.04
Guanajuato,León,2023,Petrolífero,Pequeño Generador,Residuos sólidos,"Estopa, trapo, plásticos, cartón, madera, brochas, papel, cepillo, etc., impregnados con pinturas, grasas, aceites, hidrocarburos",0.17
Guanajuato,Salamanca,2023,Petrolífero,Microgenerador,Residuos sólidos,"Estopa, trapo, plásticos, cartón, madera, brochas, papel, cepillo, etc., impregnados con pinturas, grasas, aceites, hidrocarburos",0.02
Guanajuato,Salamanca,2023,Petrolífero,Microgenerador,Residuos sólidos,"Estopa, trapo, plásticos, cartón, madera, brochas, papel, cepillo, etc., impregnados con pinturas, grasas, aceites, hidrocarburos",0.04
Guanajuato,Salamanca,2023,Petrolífero,Microgenerador,Residuos sólidos,"Estopa, trapo, plásticos, cartón, madera, brochas, papel, cepillo, etc., impregnados con pinturas, grasas, aceites, hidrocarburos",0.28
Guanajuato,Salamanca,2023,Petrolífero,Pequeño Generador,Lodos,Lodos aceitosos,0.16
Guanajuato,Salamanca,2023,Petrolífero,Pequeño Generador,Residuos sólidos,"Estopa, trapo, plásticos, cartón, madera, brochas, papel, cepillo, etc., impregnados con pinturas, grasas, aceites, hidrocarburos",0.25
Guanajuato,Salvatierra,2023,Petrolífero,Microgenerador,Lodos,Lodos aceitosos,0.02
Guanajuato,Salvatierra,2023,Petrolífero,Microgenerador,Residuos sólidos,"Estopa, trapo, plásticos, cartón, madera, brochas, papel, cepillo, etc., impregnados con pinturas, grasas, aceites, hidrocarburos",0
Guanajuato,San Francisco del Rincón,2023,Petrolífero,Microgenerador,Lodos,Lodos aceitosos,0.02
Guanajuato,San Francisco del Rincón,2023,Petrolífero,Microgenerador,Residuos sólidos,"Estopa, trapo, plásticos, cartón, madera, brochas, papel, cepillo, etc., impregnados con pinturas, grasas, aceites, hidrocarburos",0.03
Guanajuato,San José Iturbide,2023,Petrolífero,Microgenerador,Agua contaminada,"Agua contaminada con hidrocarburos, combustibles, aceite o grasa",0.03
Guanajuato,San José Iturbide,2023,Petrolífero,Microgenerador,"Baterías, celdas y pilas","Baterias, pilas y balastras",0.03
Guanajuato,San José Iturbide,2023,Petrolífero,Microgenerador,Lodos,Lodos aceitosos,0.05
Guanajuato,San José Iturbide,2023,Petrolífero,Microgenerador,Residuos sólidos,"Estopa, trapo, plásticos, cartón, madera, brochas, papel, cepillo, etc., impregnados con pinturas, grasas, aceites, hidrocarburos",0.12
Guanajuato,San Luis de La Paz,2023,Petrolífero,Microgenerador,Residuos sólidos,"Estopa, trapo, plásticos, cartón, madera, brochas, papel, cepillo, etc., impregnados con pinturas, grasas, aceites, hidrocarburos",0.01
Guanajuato,San Luis de La Paz,2023,Petrolífero,Microgenerador,Residuos sólidos,"Estopa, trapo, plásticos, cartón, madera, brochas, papel, cepillo, etc., impregnados con pinturas, grasas, aceites, hidrocarburos",0.02
Guanajuato,San Luis de La Paz,2023,Petrolífero,Microgenerador,Residuos sólidos,"Estopa, trapo, plásticos, cartón, madera, brochas, papel, cepillo, etc., impregnados con pinturas, grasas, aceites, hidrocarburos",0.14
Guanajuato,San Luis de La Paz,2023,Petrolífero,Pequeño Generador,"Gasolina, diésel y naftas gastados o sucios provenientes de estaciones de servicio y talleres automotrices","Gasolina, diesel y naftas gastados o sucios",0.12
Guanajuato,San Luis de La Paz,2023,Petrolífero,Pequeño Generador,Lodos,Lodos aceitosos,0.2
Guanajuato,San Luis de La Paz,2023,Petrolífero,Pequeño Generador,Residuos sólidos,"Estopa, trapo, plásticos, cartón, madera, brochas, papel, cepillo, etc., impregnados con pinturas, grasas, aceites, hidrocarburos",0.23
Guanajuato,Santa Cruz de Juventino Rosas,2023,Petrolífero,Microgenerador,Agua contaminada,"Agua contaminada con hidrocarburos, combustibles, aceite o grasa",0.04
Guanajuato,Santa Cruz de Juventino Rosas,2023,Petrolífero,Microgenerador,"Baterías, celdas y pilas","Baterias, pilas y balastras",0.02
Guanajuato,Santa Cruz de Juventino Rosas,2023,Petrolífero,Microgenerador,Lodos,Lodos aceitosos,0.15
Guanajuato,Santa Cruz de Juventino Rosas,2023,Petrolífero,Microgenerador,Residuos sólidos,"Estopa, trapo, plásticos, cartón, madera, brochas, papel, cepillo, etc., impregnados con pinturas, grasas, aceites, hidrocarburos",0.07
Guanajuato,Silao,2023,Petrolífero,Microgenerador,Residuos sólidos,"Estopa, trapo, plásticos, cartón, madera, brochas, papel, cepillo, etc., impregnados con pinturas, grasas, aceites, hidrocarburos",0.01
Guanajuato,Silao,2023,Petrolífero,Microgenerador,Residuos sólidos,"Estopa, trapo, plásticos, cartón, madera, brochas, papel, cepillo, etc., impregnados con pinturas, grasas, aceites, hidrocarburos",0.02
Guanajuato,Silao,2023,Petrolífero,Microgenerador,Residuos sólidos,"Estopa, trapo, plásticos, cartón, madera, brochas, papel, cepillo, etc., impregnados con pinturas, grasas, aceites, hidrocarburos",0.14
Guanajuato,Silao,2023,Petrolífero,Pequeño Generador,Residuos sólidos,"Estopa, trapo, plásticos, cartón, madera, brochas, papel, cepillo, etc., impregnados con pinturas, grasas, aceites, hidrocarburos",1.2
Guanajuato,Silao,2023,Petrolífero,Pequeño Generador,Residuos sólidos,"Estopa, trapo, plásticos, cartón, madera, brochas, papel, cepillo, etc., impregnados con pinturas, grasas, aceites, hidrocarburos",1.16
Guanajuato,Valle de Santiago,2023,Petrolífero,Microgenerador,Lodos,Lodos aceitosos,0.1
Guanajuato,Valle de Santiago,2023,Petrolífero,Microgenerador,Residuos sólidos,"Estopa, trapo, plásticos, cartón, madera, brochas, papel, cepillo, etc., impregnados con pinturas, grasas, aceites, hidrocarburos",0.05
Guanajuato,Valle de Santiago,2023,Petrolífero,Pequeño Generador,"Gasolina, diésel y naftas gastados o sucios provenientes de estaciones de servicio y talleres automotrices","Gasolina, diesel y naftas gastados o sucios",0.39
Guanajuato,Valle de Santiago,2023,Petrolífero,Pequeño Generador,Residuos sólidos,"Estopa, trapo, plásticos, cartón, madera, brochas, papel, cepillo, etc., impregnados con pinturas, grasas, aceites, hidrocarburos",0.33
Guanajuato,Yuriria,2023,Petrolífero,Microgenerador,Agua contaminada,"Agua contaminada con hidrocarburos, combustibles, aceite o grasa",0.01
Guanajuato,Yuriria,2023,Petrolífero,Microgenerador,Lodos,Lodos aceitosos,0.05
Guanajuato,Yuriria,2023,Petrolífero,Microgenerador,Residuos sólidos,"Estopa, trapo, plásticos, cartón, madera, brochas, papel, cepillo, etc., impregnados con pinturas, grasas, aceites, hidrocarburos",0.02
Guanajuato,San Miguel de Allende,2024,Petrolífero,Microgenerador,Aceites gastados,Lubricantes,0.01
Guanajuato,San Miguel de Allende,2024,Petrolífero,Microgenerador,Agua contaminada,"Agua contaminada con hidrocarburos, combustibles, aceite o grasa",0.18
Guanajuato,San Miguel de Allende,2024,Petrolífero,Microgenerador,"Baterías, celdas, pilas, balastras","Baterias, pilas, acumuladores, balastras",0.01
Guanajuato,San Miguel de Allende,2024,Petrolífero,Microgenerador,Lodos,Lodos aceitosos,0.01
Guanajuato,San Miguel de Allende,2024,Petrolífero,Microgenerador,Residuos sólidos,"Estopa, trapo, plásticos, cartón, madera, brochas, papel, cepillo, etc., impregnados con pinturas, grasas, aceites, hidrocarburos",0.03
Guanajuato,San Miguel de Allende,2024,Petrolífero,Microgenerador,Residuos sólidos,"Lámparas fluorescentes, lámparas de vapor de mercurio",0.01
Guanajuato,Cortazar,2024,Petrolífero,Microgenerador,Agua contaminada,"Agua contaminada con hidrocarburos, combustibles, aceite o grasa",0.04
Guanajuato,Cortazar,2024,Petrolífero,Microgenerador,"Baterías, celdas, pilas, balastras","Baterias, pilas, acumuladores, balastras",0.02
Guanajuato,Cortazar,2024,Petrolífero,Microgenerador,Lodos,Lodos aceitosos,0.15
Guanajuato,Cortazar,2024,Petrolífero,Microgenerador,Residuos sólidos,"Estopa, trapo, plásticos, cartón, madera, brochas, papel, cepillo, etc., impregnados con pinturas, grasas, aceites, hidrocarburos",0.08
Guanajuato,Doctor Mora,2024,Petrolífero,Pequeño Generador,Lodos,Lodos aceitosos,1.45
Guanajuato,Doctor Mora,2024,Petrolífero,Pequeño Generador,Residuos sólidos,"Estopa, trapo, plásticos, cartón, madera, brochas, papel, cepillo, etc., impregnados con pinturas, grasas, aceites, hidrocarburos",1.85
Guanajuato,Doctor Mora,2024,Petrolífero,Pequeño Generador,Residuos sólidos,"Lámparas fluorescentes, lámparas de vapor de mercurio",0.02
Guanajuato,Dolores Hidalgo Cuna de la Independencia Nacional,2024,Petrolífero,Pequeño Generador,Aceites gastados,Lubricantes,0.5
Guanajuato,Dolores Hidalgo Cuna de la Independencia Nacional,2024,Petrolífero,Pequeño Generador,Agua contaminada,"Agua contaminada con hidrocarburos, combustibles, aceite o grasa",1
Guanajuato,Dolores Hidalgo Cuna de la Independencia Nacional,2024,Petrolífero,Pequeño Generador,Lodos,Lodos aceitosos,2.4
Guanajuato,Dolores Hidalgo Cuna de la Independencia Nacional,2024,Petrolífero,Pequeño Generador,Residuos sólidos,"Estopa, trapo, plásticos, cartón, madera, brochas, papel, cepillo, etc., impregnados con pinturas, grasas, aceites, hidrocarburos",5.86
Guanajuato,Dolores Hidalgo Cuna de la Independencia Nacional,2024,Petrolífero,Pequeño Generador,Residuos sólidos,"Lámparas fluorescentes, lámparas de vapor de mercurio",0.22
Guanajuato,Dolores Hidalgo Cuna de la Independencia Nacional,2024,Petrolífero,Pequeño Generador,Solventes,Residuos de solventes,0.2
Guanajuato,Irapuato,2024,Petrolífero,Microgenerador,Aceites gastados,Lubricantes,0
Guanajuato,Irapuato,2024,Petrolífero,Microgenerador,Residuos sólidos,"Estopa, trapo, plásticos, cartón, madera, brochas, papel, cepillo, etc., impregnados con pinturas, grasas, aceites, hidrocarburos",0.01
Guanajuato,León,2024,Petrolífero,Microgenerador,Lodos,Lodos aceitosos,0.19
Guanajuato,León,2024,Petrolífero,Microgenerador,Residuos sólidos,"Estopa, trapo, plásticos, cartón, madera, brochas, papel, cepillo, etc., impregnados con pinturas, grasas, aceites, hidrocarburos",0.02
Guanajuato,León,2024,Petrolífero,Pequeño Generador,Aceites gastados,Hidráulicos,0.05
Guanajuato,León,2024,Petrolífero,Pequeño Generador,Agua contaminada,"Agua contaminada con hidrocarburos, combustibles, aceite o grasa",5
Guanajuato,León,2024,Petrolífero,Pequeño Generador,"Baterías, celdas, pilas, balastras","Baterias, pilas, acumuladores, balastras",0.01
Guanajuato,León,2024,Petrolífero,Pequeño Generador,Gasolina y otros combustibles,"Gasolina, diesel y naftas gastados o sucios",0.21
Guanajuato,León,2024,Petrolífero,Pequeño Generador,Lodos,Lodos aceitosos,0.04
Guanajuato,León,2024,Petrolífero,Pequeño Generador,Residuos sólidos,"Estopa, trapo, plásticos, cartón, madera, brochas, papel, cepillo, etc., impregnados con pinturas, grasas, aceites, hidrocarburos",0.17
Guanajuato,León,2024,Petrolífero,Pequeño Generador,Residuos sólidos,"Lámparas fluorescentes, lámparas de vapor de mercurio",0.02
Guanajuato,Ocampo,2024,Petrolífero,Microgenerador,Lodos,Lodos aceitosos,0.2
Guanajuato,Ocampo,2024,Petrolífero,Microgenerador,Residuos sólidos,"Estopa, trapo, plásticos, cartón, madera, brochas, papel, cepillo, etc., impregnados con pinturas, grasas, aceites, hidrocarburos",0.12
Guanajuato,Purísima del Rincón,2024,Petrolífero,Microgenerador,Aceites gastados,Lubricantes,0
Guanajuato,Purísima del Rincón,2024,Petrolífero,Microgenerador,Residuos sólidos,"Estopa, trapo, plásticos, cartón, madera, brochas, papel, cepillo, etc., impregnados con pinturas, grasas, aceites, hidrocarburos",0.01
Guanajuato,Salamanca,2024,Petrolífero,Microgenerador,Aceites gastados,Hidráulicos,0.32
Guanajuato,Salamanca,2024,Petrolífero,Microgenerador,Agua contaminada,"Agua contaminada con hidrocarburos, combustibles, aceite o grasa",0.04
Guanajuato,Salamanca,2024,Petrolífero,Microgenerador,"Baterías, celdas, pilas, balastras","Baterias, pilas, acumuladores, balastras",0.03
Guanajuato,Salamanca,2024,Petrolífero,Microgenerador,Gasolina y otros combustibles,"Gasolina, diesel y naftas gastados o sucios",0.12
Guanajuato,Salamanca,2024,Petrolífero,Microgenerador,Lodos,Lodos aceitosos,0.19
Guanajuato,Salamanca,2024,Petrolífero,Microgenerador,Residuos sólidos,"Estopa, trapo, plásticos, cartón, madera, brochas, papel, cepillo, etc., impregnados con pinturas, grasas, aceites, hidrocarburos",0.16
Guanajuato,San Felipe,2024,Petrolífero,Microgenerador,Agua contaminada,"Agua contaminada con hidrocarburos, combustibles, aceite o grasa",0.03
Guanajuato,San Felipe,2024,Petrolífero,Microgenerador,Residuos sólidos,"Estopa, trapo, plásticos, cartón, madera, brochas, papel, cepillo, etc., impregnados con pinturas, grasas, aceites, hidrocarburos",0.01
Guanajuato,San Francisco del Rincón,2024,Petrolífero,Microgenerador,Aceites gastados,Hidráulicos,0.16
Guanajuato,San Francisco del Rincón,2024,Petrolífero,Microgenerador,Aceites gastados,Lubricantes,0
Guanajuato,San Francisco del Rincón,2024,Petrolífero,Microgenerador,Gasolina y otros combustibles,"Gasolina, diesel y naftas gastados o sucios",0.06
Guanajuato,San Francisco del Rincón,2024,Petrolífero,Microgenerador,Lodos,Lodos aceitosos,0.02
Guanajuato,San Francisco del Rincón,2024,Petrolífero,Microgenerador,Residuos sólidos,"Estopa, trapo, plásticos, cartón, madera, brochas, papel, cepillo, etc., impregnados con pinturas, grasas, aceites, hidrocarburos",0.04
Guanajuato,San José Iturbide,2024,Petrolífero,Microgenerador,Agua contaminada,"Agua contaminada con hidrocarburos, combustibles, aceite o grasa",0.38
Guanajuato,San José Iturbide,2024,Petrolífero,Microgenerador,Residuos sólidos,"Estopa, trapo, plásticos, cartón, madera, brochas, papel, cepillo, etc., impregnados con pinturas, grasas, aceites, hidrocarburos",0.01
Guanajuato,San José Iturbide,2024,Petrolífero,Pequeño Generador,Lodos,Lodos aceitosos,0.5
Guanajuato,San José Iturbide,2024,Petrolífero,Pequeño Generador,Residuos sólidos,"Estopa, trapo, plásticos, cartón, madera, brochas, papel, cepillo, etc., impregnados con pinturas, grasas, aceites, hidrocarburos",0.75
Guanajuato,San Luis de La Paz,2024,Petrolífero,Pequeño Generador,Lodos,Lodos aceitosos,2.1
Guanajuato,San Luis de La Paz,2024,Petrolífero,Pequeño Generador,Residuos sólidos,"Estopa, trapo, plásticos, cartón, madera, brochas, papel, cepillo, etc., impregnados con pinturas, grasas, aceites, hidrocarburos",2.38
Guanajuato,San Luis de La Paz,2024,Petrolífero,Pequeño Generador,Residuos sólidos,"Lámparas fluorescentes, lámparas de vapor de mercurio",0.02
Guanajuato,Silao,2024,Petrolífero,Microgenerador,Agua contaminada,"Agua contaminada con hidrocarburos, combustibles, aceite o grasa",0.02
Guanajuato,Silao,2024,Petrolífero,Microgenerador,Lodos,Lodos aceitosos,0.05
Guanajuato,Silao,2024,Petrolífero,Microgenerador,Residuos sólidos,"Estopa, trapo, plásticos, cartón, madera, brochas, papel, cepillo, etc., impregnados con pinturas, grasas, aceites, hidrocarburos",0.02
Guanajuato,Victoria,2024,Petrolífero,Pequeño Generador,Lodos,Lodos aceitosos,1.2
Guanajuato,Victoria,2024,Petrolífero,Pequeño Generador,Residuos sólidos,"Estopa, trapo, plásticos, cartón, madera, brochas, papel, cepillo, etc., impregnados con pinturas, grasas, aceites, hidrocarburos",1.64
Guanajuato,Victoria,2024,Petrolífero,Pequeño Generador,Residuos sólidos,"Lámparas fluorescentes, lámparas de vapor de mercurio",0.01
Guanajuato,Villagrán,2024,Petrolífero,Microgenerador,Lodos,Lodos aceitosos,0.2
Guanajuato,Villagrán,2024,Petrolífero,Microgenerador,Residuos sólidos,"Estopa, trapo, plásticos, cartón, madera, brochas, papel, cepillo, etc., impregnados con pinturas, grasas, aceites, hidrocarburos",0.2
Guanajuato,Yuriria,2024,Petrolífero,Pequeño Generador,Agua contaminada,"Agua contaminada con hidrocarburos, combustibles, aceite o grasa",0.01
Guanajuato,Yuriria,2024,Petrolífero,Pequeño Generador,Lodos,Lodos aceitosos,0.52
Guanajuato,Yuriria,2024,Petrolífero,Pequeño Generador,Residuos sólidos,"Estopa, trapo, plásticos, cartón, madera, brochas, papel, cepillo, etc., impregnados con pinturas, grasas, aceites, hidrocarburos",0.02
Guerrero,Sin Dato,2017,Petrolero,Microgenerador,Lodos aceitosos,"Con contaminacion de hidrocarburos, combustibles, aceite",1.12
Guerrero,Sin Dato,2017,Petrolero,Microgenerador,Lodos aceitosos,Otros lodos,2.11
Guerrero,Sin Dato,2017,Petrolero,Microgenerador,Material textil,"Telas, felpas, estopas",0.36
Guerrero,Sin Dato,2017,Petrolero,Microgenerador,Residuos solidos,"Botes o recipientes que contuvieron contaminantes diversos, latas de pintura, aerosoles",1.42
Guerrero,Sin Dato,2017,Petrolero,Microgenerador,Residuos solidos,De mantenimiento automotríz,0.01
Guerrero,Sin Dato,2017,Petrolero,Microgenerador,Residuos solidos,"Estopa, trapo, plasticos, carton, madera, brochas, papel, cepillo, etc., impregnados con pinturas, grasas, aceites, hidrocarburos",0.01
Guerrero,Sin Dato,2017,Petrolero,Microgenerador,Residuos solidos,Lampara fluorescentes,0.03
Guerrero,Sin Dato,2017,Petrolero,Microgenerador,Residuos solidos,"Mangueras, pistolas o filtros para despacho de combustibles, descarga de contaminantes",0.03
Guerrero,Sin Dato,2017,Petrolero,Microgenerador,Residuos solidos,No especificado,0.11
Guerrero,Sin Dato,2017,Petrolero,Pequeno Generador,Aceites gastados,Lubricantes,0.3
Guerrero,Sin Dato,2017,Petrolero,Pequeno Generador,Lodos aceitosos,Lodos procedentes de trampas de grasas e hidrocarburos,14.4
Guerrero,Sin Dato,2017,Petrolero,Pequeno Generador,Lodos aceitosos,"Lodos residuales de proceso, de tratamiento de aguas residuales",1.2
Guerrero,Sin Dato,2017,Petrolero,Pequeno Generador,Lodos aceitosos,Otros lodos,4.31
Guerrero,Sin Dato,2017,Petrolero,Pequeno Generador,Material textil,"Telas, felpas, estopas",5.61
Guerrero,Sin Dato,2017,Petrolero,Pequeno Generador,Residuos solidos,"Botes o recipientes que contuvieron contaminantes diversos, latas de pintura, aerosoles",9.6
Guerrero,Sin Dato,2017,Petrolero,Pequeno Generador,Residuos solidos,De mantenimiento automotríz,0.01
Guerrero,Sin Dato,2017,Petrolero,Pequeno Generador,Residuos solidos,"Estopa, trapo, plasticos, carton, madera, brochas, papel, cepillo, etc., impregnados con pinturas, grasas, aceites, hidrocarburos",0.01
Guerrero,Sin Dato,2017,Petrolero,Pequeno Generador,Residuos solidos,Lampara fluorescentes,0.01
Guerrero,Sin Dato,2018,Petrolifero,Microgenerador,Aceites gastados (Hidraulicos),Aceite gastado hidraulico,0.36
Guerrero,Sin Dato,2018,Petrolifero,Microgenerador,Aceites gastados (Lubricantes),Aceites gastados lubricantes,0.06
Guerrero,Sin Dato,2018,Petrolifero,Microgenerador,Botes de Presurizados,Envases de aerosol,0.04
Guerrero,Sin Dato,2018,Petrolifero,Microgenerador,Filtro de aire o aceite contaminados,Filtros de aire usados,0.01
Guerrero,Sin Dato,2018,Petrolifero,Microgenerador,Lamparas fluorescentes y de vapor de mercurio,Lamparas fluorescentes y de vapor de mercurio,0.1
Guerrero,Sin Dato,2018,Petrolifero,Microgenerador,Liquidos residuales de proceso no corrosivos,Agua con hidrocaruros,0.02
Guerrero,Sin Dato,2018,Petrolifero,Microgenerador,Lodos Contaminados con Hidrocarburos,Lodos aceitosos,4.47
Guerrero,Sin Dato,2018,Petrolifero,Microgenerador,Pilas o Baterias con Litio o Cadmio,Pilas Niquel-Cadmio,0.04
Guerrero,Sin Dato,2018,Petrolifero,Microgenerador,Solidos contaminados con hidrocarburos diversos,"Filtros, mangueras, envases, botes, cubetas, contenedores, trapos, guantes, carton, aserrin, material absorbente,Estopas y trapos impregnados con combustible, Envases vacios impregnados de aceite",2.85
Guerrero,Sin Dato,2018,Petrolifero,Pequeno generador,Aceites gastados (Hidraulicos),Aceite gastado hidraulico,0.3
Guerrero,Sin Dato,2018,Petrolifero,Pequeno generador,Aceites gastados (Lubricantes),Aceites gastados lubricantes,9.3
Guerrero,Sin Dato,2018,Petrolifero,Pequeno generador,"Gasolina, Diesel y Naftas gastados o sucios","Gasolina, Diesel y Naftas gastados o sucios provenientes de Estaciones de Servicio y Talleres Automotrices",0.46
Guerrero,Sin Dato,2018,Petrolifero,Pequeno generador,Lamparas fluorescentes y de vapor de mercurio,Lamparas fluorescentes y de vapor de mercurio,0.19
Guerrero,Sin Dato,2018,Petrolifero,Pequeno generador,Lodos Contaminados con Hidrocarburos,Lodos aceitosos,12.49
Guerrero,Sin Dato,2018,Petrolifero,Pequeno generador,Lodos de tanques de almacenamiento de hidrocarburos,Lodos de tanques de hidrocarburos,1.15
Guerrero,Sin Dato,2018,Petrolifero,Pequeno generador,Solidos contaminados con hidrocarburos diversos,"Filtros, mangueras, envases, botes, cubetas, contenedores, trapos, guantes, carton, aserrin, material absorbente,Estopas y trapos impregnados con combustible, Envases vacios impregnados de aceite",2.74
Guerrero,Sin Dato,2019,Petrolifero,Microgenerador,Aceites gastados,hidraulicos,0
Guerrero,Sin Dato,2019,Petrolifero,Microgenerador,Aceites gastados,Lubricantes,0
Guerrero,Sin Dato,2019,Petrolifero,Microgenerador,"Baterias, celdas y pilas",Pilas o baterias de Niquel - Cadmio,0
Guerrero,Sin Dato,2019,Petrolifero,Microgenerador,Liquidos de proceso,Liquidos con residuos de hidrocarburos,0
Guerrero,Sin Dato,2019,Petrolifero,Microgenerador,Lodos,Lodos aceitosos,0
Guerrero,Sin Dato,2019,Petrolifero,Microgenerador,Residuos solidos,"Botes o recipientes que contuvieron contaminantes diversos, latas de pintura, aerosoles",0
Guerrero,Sin Dato,2019,Petrolifero,Microgenerador,Residuos solidos,"Estopa, trapo, plásticos, cartón, madera, brochas, papel, cepillo, etc., impregnados con pinturas, grasas, aceites, hidrocarburos",0
Guerrero,Sin Dato,2019,Petrolifero,Microgenerador,Residuos solidos,Filtro de aire o de aceite contaminados,0
Guerrero,Sin Dato,2019,Petrolifero,Microgenerador,Residuos solidos,Lámpara fluorescentes,0
Guerrero,Sin Dato,2019,Petrolifero,Pequeno Generador,Aceites gastados,hidraulicos,0
Guerrero,Sin Dato,2019,Petrolifero,Pequeno Generador,Aceites gastados,Lubricantes,0
Guerrero,Sin Dato,2019,Petrolifero,Pequeno Generador,"Gasolina, diesel y naftas gastados o sucios provenientes de estaciónes de servicio y talleres automotrices","Gasolina, diesel y naftas gastados o sucios provenientes de estaciones de servicio y talleres automotrices",0
Guerrero,Sin Dato,2019,Petrolifero,Pequeno Generador,Lodos,Lodos aceitosos,0
Guerrero,Sin Dato,2019,Petrolifero,Pequeno Generador,Lodos,Lodos procedentes de trampas de grasas e hidrocarburos,0
Guerrero,Sin Dato,2019,Petrolifero,Pequeno Generador,Residuos solidos,"Estopa, trapo, plásticos, cartón, madera, brochas, papel, cepillo, etc., impregnados con pinturas, grasas, aceites, hidrocarburos",0
Guerrero,Sin Dato,2019,Petrolifero,Pequeno Generador,Residuos solidos,Lámpara fluorescentes,0
Guerrero,Sin Dato,2020,Petrolifero,Microgenerador,Aceites lubricantes,Aceites gastados lubricantes,0.0868
Guerrero,Sin Dato,2020,Petrolifero,Microgenerador,"Gasollina, diésel y naftas gastados","Gasollina, diésel y naftas gastados",0.03567
Guerrero,Sin Dato,2020,Petrolifero,Microgenerador,Lámparas fluorescentes y de vapor de mercurio,Lámparas fluorescentes y de vapor de mercurio,0.0112
Guerrero,Sin Dato,2020,Petrolifero,Microgenerador,Lodos,Lodos aceitosos,0.88553
Guerrero,Sin Dato,2020,Petrolifero,Microgenerador,Residuos sólidos,"Estopa, trapo, plásticos, cartón, madera, brochas, papel, cepillo, etc., impregnados con pinturas, grasas, aceites, hidrocarburos",0.4295
Guerrero,Sin Dato,2020,Petrolifero,Pequeno Generador,Lodos,Lodos aceitosos,2.585
Guerrero,Sin Dato,2020,Petrolifero,Pequeno Generador,Residuos sólidos,"Estopa, trapo, plásticos, cartón, madera, brochas, papel, cepillo, etc., impregnados con pinturas, grasas, aceites, hidrocarburos",2.406
Guerrero,Sin Dato,2021,Petrolifero,Microgenerador,Aceites gastados,Lubricantes,0.09
Guerrero,Sin Dato,2021,Petrolifero,Microgenerador,"Gasolina, diésel y naftas gastados o sucios provenientes de estaciones de servicio y talleres automotrices","Gasolina, diesel y naftas gastados o sucios",0.04
Guerrero,Sin Dato,2021,Petrolifero,Microgenerador,Residuos solidos,"Estopa, trapo, plásticos, cartón, madera, brochas, papel, cepillo, etc., impregnados con pinturas, grasas, aceites, hidrocarburos",0.43
Guerrero,Sin Dato,2021,Petrolifero,Microgenerador,Residuos solidos,"Lámparas fluorescentes, lámparas de vapor de mercurio",0.01
Guerrero,Sin Dato,2021,Petrolifero,Microgenerador,Lodos,Lodos aceitosos,0.89
Guerrero,Sin Dato,2021,Petrolifero,Pequeno Generador,Residuos solidos,"Estopa, trapo, plásticos, cartón, madera, brochas, papel, cepillo, etc., impregnados con pinturas, grasas, aceites, hidrocarburos",2.41
Guerrero,Sin Dato,2021,Petrolifero,Pequeno Generador,Lodos,Lodos aceitosos,2.59
Guerrero,Acapulco de Juárez,2022,Petrolífero,Microgenerador,Aceites gastados,Lubricantes,0.01
Guerrero,Acapulco de Juárez,2022,Petrolífero,Microgenerador,"Baterías, celdas y pilas","Baterias, pilas y balastras",0.04
Guerrero,Acapulco de Juárez,2022,Petrolífero,Microgenerador,Lodos,Lodos aceitosos,0.12
Guerrero,Acapulco de Juárez,2022,Petrolífero,Microgenerador,Residuos sólidos,"Estopa, trapo, plásticos, cartón, madera, brochas, papel, cepillo, etc., impregnados con pinturas, grasas, aceites, hidrocarburos",0.08
Guerrero,Arcelia,2022,Petrolífero,Pequeño Generador,"Gasolina, diésel y naftas gastados o sucios provenientes de estaciones de servicio y talleres automotrices","Gasolina, diesel y naftas gastados o sucios",0.4
Guerrero,Arcelia,2022,Petrolífero,Pequeño Generador,Lodos,Lodos aceitosos,1.6
Guerrero,Arcelia,2022,Petrolífero,Pequeño Generador,Residuos sólidos,"Estopa, trapo, plásticos, cartón, madera, brochas, papel, cepillo, etc., impregnados con pinturas, grasas, aceites, hidrocarburos",0.6
Guerrero,Atoyac de Álvarez,2022,Petrolífero,Microgenerador,Lodos,Lodos aceitosos,0.02
Guerrero,Atoyac de Álvarez,2022,Petrolífero,Microgenerador,Residuos sólidos,"Estopa, trapo, plásticos, cartón, madera, brochas, papel, cepillo, etc., impregnados con pinturas, grasas, aceites, hidrocarburos",0.08
Guerrero,Acapulco de Juárez,2023,Petrolífero,Microgenerador,Aceites gastados,Hidráulicos,0.01
Guerrero,Acapulco de Juárez,2023,Petrolífero,Microgenerador,Aceites gastados,Lubricantes,0.1
Guerrero,Acapulco de Juárez,2023,Petrolífero,Microgenerador,"Baterías, celdas y pilas","Baterias, pilas y balastras",0.07
Guerrero,Acapulco de Juárez,2023,Petrolífero,Microgenerador,Lodos,Lodos aceitosos,0.27
Guerrero,Acapulco de Juárez,2023,Petrolífero,Microgenerador,Residuos sólidos,"Estopa, trapo, plásticos, cartón, madera, brochas, papel, cepillo, etc., impregnados con pinturas, grasas, aceites, hidrocarburos",0.13
Guerrero,Acapulco de Juárez,2023,Petrolífero,Microgenerador,Residuos sólidos,"Lámparas fluorescentes, lámparas de vapor de mercurio",0.05
Guerrero,Acapulco de Juárez,2023,Petrolífero,Pequeño Generador,Aceites gastados,Lubricantes,0.01
Guerrero,Acapulco de Juárez,2023,Petrolífero,Pequeño Generador,Agua contaminada,"Agua contaminada con hidrocarburos, combustibles, aceite o grasa",0.2
Guerrero,Acapulco de Juárez,2023,Petrolífero,Pequeño Generador,"Baterías, celdas y pilas","Baterias, pilas y balastras",0.02
Guerrero,Acapulco de Juárez,2023,Petrolífero,Pequeño Generador,Lodos,Lodos aceitosos,0.46
Guerrero,Acapulco de Juárez,2023,Petrolífero,Pequeño Generador,Residuos sólidos,"Estopa, trapo, plásticos, cartón, madera, brochas, papel, cepillo, etc., impregnados con pinturas, grasas, aceites, hidrocarburos",0.48
Guerrero,Acapulco de Juárez,2023,Petrolífero,Pequeño Generador,Residuos sólidos,"Lámparas fluorescentes, lámparas de vapor de mercurio",0.05
Guerrero,Cocula,2023,Petrolífero,Microgenerador,Lodos,Lodos aceitosos,0.13
Guerrero,Cocula,2023,Petrolífero,Microgenerador,Residuos sólidos,"Estopa, trapo, plásticos, cartón, madera, brochas, papel, cepillo, etc., impregnados con pinturas, grasas, aceites, hidrocarburos",0
Guerrero,Huitzuco de los Figueroa,2023,Petrolífero,Microgenerador,Lodos,Lodos aceitosos,0.17
Guerrero,Huitzuco de los Figueroa,2023,Petrolífero,Microgenerador,Residuos sólidos,"Estopa, trapo, plásticos, cartón, madera, brochas, papel, cepillo, etc., impregnados con pinturas, grasas, aceites, hidrocarburos",0.1
Guerrero,Zihuatanejo de Azueta,2023,Petrolífero,Microgenerador,Lodos,Lodos aceitosos,0.1
Guerrero,Zihuatanejo de Azueta,2023,Petrolífero,Microgenerador,Residuos sólidos,"Estopa, trapo, plásticos, cartón, madera, brochas, papel, cepillo, etc., impregnados con pinturas, grasas, aceites, hidrocarburos",0.07
Guerrero,Petatlán,2023,Petrolífero,Microgenerador,Lodos,Lodos aceitosos,0.03
Guerrero,Petatlán,2023,Petrolífero,Microgenerador,Residuos sólidos,"Estopa, trapo, plásticos, cartón, madera, brochas, papel, cepillo, etc., impregnados con pinturas, grasas, aceites, hidrocarburos",0.03
Guerrero,San Luis Acatlán,2023,Petrolífero,Microgenerador,Lodos,Lodos aceitosos,0.02
Guerrero,San Luis Acatlán,2023,Petrolífero,Microgenerador,Residuos sólidos,"Estopa, trapo, plásticos, cartón, madera, brochas, papel, cepillo, etc., impregnados con pinturas, grasas, aceites, hidrocarburos",0.02
Guerrero,La Unión de Isidoro Montes de Oca,2023,Petrolífero,Microgenerador,Lodos,Lodos aceitosos,0.07
Guerrero,La Unión de Isidoro Montes de Oca,2023,Petrolífero,Microgenerador,Residuos sólidos,"Estopa, trapo, plásticos, cartón, madera, brochas, papel, cepillo, etc., impregnados con pinturas, grasas, aceites, hidrocarburos",0.07
Guerrero,Acapulco de Juárez,2024,Petrolero,Pequeño Generador,Aceites gastados,Lubricantes,0.8
Guerrero,Acapulco de Juárez,2024,Petrolero,Pequeño Generador,Otros,Otros residuos,0.3
Guerrero,Acapulco de Juárez,2024,Petrolero,Pequeño Generador,Otros,Otros residuos,0.6
Guerrero,Acapulco de Juárez,2024,Petrolero,Pequeño Generador,Residuos sólidos,Otros sólidos,2.8
Guerrero,Acapulco de Juárez,2024,Petrolero,Pequeño Generador,Residuos sólidos,Otros sólidos,0.4
Guerrero,Acapulco de Juárez,2024,Petrolero,Pequeño Generador,Solventes,Orgánicos,0.3
Guerrero,Acapulco de Juárez,2024,Petrolífero,Microgenerador,Aceites gastados,Lubricantes,0.01
Guerrero,Acapulco de Juárez,2024,Petrolífero,Microgenerador,"Baterías, celdas, pilas, balastras","Baterias, pilas, acumuladores, balastras",0
Guerrero,Acapulco de Juárez,2024,Petrolífero,Microgenerador,Lodos,Lodos aceitosos,0.28
Guerrero,Acapulco de Juárez,2024,Petrolífero,Microgenerador,Residuos sólidos,"Estopa, trapo, plásticos, cartón, madera, brochas, papel, cepillo, etc., impregnados con pinturas, grasas, aceites, hidrocarburos",0.03
Guerrero,Coyuca de Benítez,2024,Petrolífero,Microgenerador,Aceites gastados,Lubricantes,0.01
Guerrero,Coyuca de Benítez,2024,Petrolífero,Microgenerador,"Baterías, celdas, pilas, balastras","Baterias, pilas, acumuladores, balastras",0
Guerrero,Coyuca de Benítez,2024,Petrolífero,Microgenerador,Lodos,Lodos aceitosos,0.29
Guerrero,Coyuca de Benítez,2024,Petrolífero,Microgenerador,Residuos sólidos,"Estopa, trapo, plásticos, cartón, madera, brochas, papel, cepillo, etc., impregnados con pinturas, grasas, aceites, hidrocarburos",0.16
Guerrero,Chilpancingo de los Bravo,2024,Petrolífero,Microgenerador,Aceites gastados,Hidráulicos,0.16
Guerrero,Chilpancingo de los Bravo,2024,Petrolífero,Microgenerador,Aceites gastados,Lubricantes,0.01
Guerrero,Chilpancingo de los Bravo,2024,Petrolífero,Microgenerador,"Baterías, celdas, pilas, balastras","Baterias, pilas, acumuladores, balastras",0.01
Guerrero,Chilpancingo de los Bravo,2024,Petrolífero,Microgenerador,Gasolina y otros combustibles,"Gasolina, diesel y naftas gastados o sucios",0.06
Guerrero,Chilpancingo de los Bravo,2024,Petrolífero,Microgenerador,Lodos,Lodos aceitosos,0.22
Guerrero,Chilpancingo de los Bravo,2024,Petrolífero,Microgenerador,Residuos sólidos,"Estopa, trapo, plásticos, cartón, madera, brochas, papel, cepillo, etc., impregnados con pinturas, grasas, aceites, hidrocarburos",0.06
Guerrero,Florencio Villarreal,2024,Petrolífero,Microgenerador,Aceites gastados,Lubricantes,0.1
Guerrero,Florencio Villarreal,2024,Petrolífero,Microgenerador,Residuos sólidos,"Estopa, trapo, plásticos, cartón, madera, brochas, papel, cepillo, etc., impregnados con pinturas, grasas, aceites, hidrocarburos",0.03
Guerrero,Iguala de la Independencia,2024,Petrolífero,Pequeño Generador,Aceites gastados,Lubricantes,2.16
Guerrero,Iguala de la Independencia,2024,Petrolífero,Pequeño Generador,Residuos sólidos,"Estopa, trapo, plásticos, cartón, madera, brochas, papel, cepillo, etc., impregnados con pinturas, grasas, aceites, hidrocarburos",0.43
Guerrero,Zihuatanejo de Azueta,2024,Petrolífero,Microgenerador,Aceites gastados,Hidráulicos,0.09
Guerrero,Zihuatanejo de Azueta,2024,Petrolífero,Microgenerador,Lodos,Lodos aceitosos,0.09
Guerrero,Zihuatanejo de Azueta,2024,Petrolífero,Microgenerador,Residuos sólidos,"Estopa, trapo, plásticos, cartón, madera, brochas, papel, cepillo, etc., impregnados con pinturas, grasas, aceites, hidrocarburos",0.11
Guerrero,Taxco de Alarcón,2024,Petrolífero,Microgenerador,Aceites gastados,Lubricantes,0.09
Guerrero,Taxco de Alarcón,2024,Petrolífero,Microgenerador,Lodos,Lodos aceitosos,0.09
Guerrero,Taxco de Alarcón,2024,Petrolífero,Microgenerador,Residuos sólidos,"Estopa, trapo, plásticos, cartón, madera, brochas, papel, cepillo, etc., impregnados con pinturas, grasas, aceites, hidrocarburos",0.11
Hidalgo,Sin Dato,2017,Petrolero,Microgenerador,Aceites gastados,Lubricantes,0.09
Hidalgo,Sin Dato,2017,Petrolero,Microgenerador,Liquidos de proceso,"Agua contaminada con hidrocarburos, combustibles, aceite o grasa",0.42
Hidalgo,Sin Dato,2017,Petrolero,Microgenerador,Lodos,Lodos provenientes de tanques de almacenaniento,0.04
Hidalgo,Sin Dato,2017,Petrolero,Microgenerador,Lodos aceitosos,"Con contaminacion de hidrocarburos, combustibles, aceite",0.14
Hidalgo,Sin Dato,2017,Petrolero,Microgenerador,Lodos aceitosos,Lodos procedentes de trampas de grasas e hidrocarburos,0.94
Hidalgo,Sin Dato,2017,Petrolero,Microgenerador,Lodos aceitosos,Otros lodos,0.44
Hidalgo,Sin Dato,2017,Petrolero,Microgenerador,Material textil,"Telas, felpas, estopas",0.12
Hidalgo,Sin Dato,2017,Petrolero,Microgenerador,Residuos solidos,"Botes o recipientes que contuvieron contaminantes diversos, latas de pintura, aerosoles",0.36
Hidalgo,Sin Dato,2017,Petrolero,Microgenerador,Residuos solidos,De mantenimiento automotríz,0.01
Hidalgo,Sin Dato,2017,Petrolero,Microgenerador,Residuos solidos,"Estopa, trapo, plasticos, carton, madera, brochas, papel, cepillo, etc., impregnados con pinturas, grasas, aceites, hidrocarburos",0.39
Hidalgo,Sin Dato,2017,Petrolero,Microgenerador,Residuos solidos,Lampara fluorescentes,0.04
Hidalgo,Sin Dato,2017,Petrolero,Microgenerador,Residuos solidos,"Mangueras, pistolas o filtros para despacho de combustibles, descarga de contaminantes",0.03
Hidalgo,Sin Dato,2017,Petrolero,Microgenerador,Residuos solidos,No especificado,0.11
Hidalgo,Sin Dato,2017,Petrolero,Microgenerador,Residuos solidos,Otros solidos,0
Hidalgo,Sin Dato,2017,Petrolero,Pequeno Generador,Aceites gastados,Lubricantes,1.14
Hidalgo,Sin Dato,2017,Petrolero,Pequeno Generador,"Gasolina, diesel y naftas gastados o sucios provenientes de estaciónes de servicio y talleres automotrices","Mezclas de combustibles sucios, mezclas de hidrocarburos, naftas",0.07
Hidalgo,Sin Dato,2017,Petrolero,Pequeno Generador,Lodos,Lodos procedentes de trampas de grasas e hidrocarburos,2.25
Hidalgo,Sin Dato,2017,Petrolero,Pequeno Generador,Lodos aceitosos,"Con contaminacion de hidrocarburos, combustibles, aceite",0.8
Hidalgo,Sin Dato,2017,Petrolero,Pequeno Generador,Lodos aceitosos,Lodos procedentes de trampas de grasas e hidrocarburos,1.47
Hidalgo,Sin Dato,2017,Petrolero,Pequeno Generador,Lodos aceitosos,"Lodos residuales de proceso, de tratamiento de aguas residuales",0.43
Hidalgo,Sin Dato,2017,Petrolero,Pequeno Generador,Lodos aceitosos,Otros lodos,4.65
Hidalgo,Sin Dato,2017,Petrolero,Pequeno Generador,Material textil,"Telas, felpas, estopas",0.51
Hidalgo,Sin Dato,2017,Petrolero,Pequeno Generador,Residuos solidos,Balastras,0
Hidalgo,Sin Dato,2017,Petrolero,Pequeno Generador,Residuos solidos,"Botes o recipientes que contuvieron contaminantes diversos, latas de pintura, aerosoles",2.45
Hidalgo,Sin Dato,2017,Petrolero,Pequeno Generador,Residuos solidos,De mantenimiento automotríz,0.05
Hidalgo,Sin Dato,2017,Petrolero,Pequeno Generador,Residuos solidos,"Estopa, trapo, plasticos, carton, madera, brochas, papel, cepillo, etc., impregnados con pinturas, grasas, aceites, hidrocarburos",2.51
Hidalgo,Sin Dato,2017,Petrolero,Pequeno Generador,Residuos solidos,Lampara fluorescentes,0.01
Hidalgo,Sin Dato,2017,Petrolero,Pequeno Generador,Residuos solidos,"Mangueras, pistolas o filtros para despacho de combustibles, descarga de contaminantes",0.09
Hidalgo,Sin Dato,2017,Petrolero,Pequeno Generador,Residuos solidos,Otros solidos,0
Hidalgo,Sin Dato,2017,Petrolero,Pequeno Generador,Otros,Otros: Varios,0
Hidalgo,Sin Dato,2017,Petroleo y petroquimica,Microgenerador,Aceites gastados,Lubricantes,0.08
Hidalgo,Sin Dato,2017,Petroleo y petroquimica,Microgenerador,"Baterias, celdas y pilas","Pilas, baterias, acumuladores, celdas de desecho: niquel-cadmio, plomo, mercurio",0.01
Hidalgo,Sin Dato,2017,Petroleo y petroquimica,Microgenerador,Lodos,Lodos provenientes de tanques de almacenaniento,0.06
Hidalgo,Sin Dato,2017,Petroleo y petroquimica,Microgenerador,Pinturas y productos relacionados,"Residuos de pinturas, pinturas caducadas",0.1
Hidalgo,Sin Dato,2017,Petroleo y petroquimica,Microgenerador,Residuos solidos,Balastras,0.01
Hidalgo,Sin Dato,2017,Petroleo y petroquimica,Microgenerador,Residuos solidos,"Botes o recipientes que contuvieron contaminantes diversos, latas de pintura, aerosoles",0.02
Hidalgo,Sin Dato,2017,Petroleo y petroquimica,Microgenerador,Residuos solidos,"Estopa, trapo, plasticos, carton, madera, brochas, papel, cepillo, etc., impregnados con pinturas, grasas, aceites, hidrocarburos",0.1
Hidalgo,Sin Dato,2017,Petroleo y petroquimica,Microgenerador,Residuos solidos,Partes electrónicas y consumibles de impresoras,0.01
Hidalgo,Sin Dato,2017,Petroleo y petroquimica,Pequeno Generador,Aceites gastados,Hidraulicos,0.09
Hidalgo,Sin Dato,2017,Petroleo y petroquimica,Pequeno Generador,Aceites gastados,Lubricantes,0.59
Hidalgo,Sin Dato,2017,Petroleo y petroquimica,Pequeno Generador,"Baterias, celdas y pilas",Pilas alcalinas,0.06
Hidalgo,Sin Dato,2017,Petroleo y petroquimica,Pequeno Generador,Biologico-infecciosos,Objetos punzocortantes,0.01
Hidalgo,Sin Dato,2017,Petroleo y petroquimica,Pequeno Generador,Biologico-infecciosos,Residuos no anatomicos,0.01
Hidalgo,Sin Dato,2017,Petroleo y petroquimica,Pequeno Generador,Lodos,Lodos provenientes de tanques de almacenaniento,1.21
Hidalgo,Sin Dato,2017,Petroleo y petroquimica,Pequeno Generador,Material textil,"Telas, felpas, estopas",2
Hidalgo,Sin Dato,2017,Petroleo y petroquimica,Pequeno Generador,Pinturas y productos relacionados,"Residuos de pinturas, pinturas caducadas",0.14
Hidalgo,Sin Dato,2017,Petroleo y petroquimica,Pequeno Generador,Residuos solidos,"Botes o recipientes que contuvieron contaminantes diversos, latas de pintura, aerosoles",1
Hidalgo,Sin Dato,2017,Petroleo y petroquimica,Pequeno Generador,Residuos solidos,"Estopa, trapo, plasticos, carton, madera, brochas, papel, cepillo, etc., impregnados con pinturas, grasas, aceites, hidrocarburos",4.17
Hidalgo,Sin Dato,2017,Petroleo y petroquimica,Pequeno Generador,Residuos solidos,Lampara fluorescentes,0.01
Hidalgo,Sin Dato,2017,Petroleo y petroquimica,Pequeno Generador,Residuos solidos,"Residuos de sustancias contaminantes (hidrocarburos, combustibles, aceites, grasas, pinturas)",0.5
Hidalgo,Sin Dato,2018,Petrolifero,Microgenerador,Aceites gastados (Lubricantes),Aceites gastados lubricantes,0.1
Hidalgo,Sin Dato,2018,Petrolifero,Microgenerador,Botes de Presurizados,Envases de aerosol,0.06
Hidalgo,Sin Dato,2018,Petrolifero,Microgenerador,Filtro de aire o aceite contaminados,Filtros de aire usados,0.01
Hidalgo,Sin Dato,2018,Petrolifero,Microgenerador,Lamparas fluorescentes y de vapor de mercurio,Lamparas fluorescentes y de vapor de mercurio,0.25
Hidalgo,Sin Dato,2018,Petrolifero,Microgenerador,Liquidos residuales de proceso no corrosivos,Agua con hidrocaruros,0.07
Hidalgo,Sin Dato,2018,Petrolifero,Microgenerador,Lodos Contaminados con Hidrocarburos,Lodos con aceite y restos de hidrocarburos,7.46
Hidalgo,Sin Dato,2018,Petrolifero,Microgenerador,Solidos contaminados con hidrocarburos diversos,"Filtros, mangueras, envases, botes, cubetas, contenedores, trapos, guantes, carton, aserrin, material absorbente,Estopas y trapos impregnados con combustible, Envases vacios impregnados de aceite",2.93
Hidalgo,Sin Dato,2018,Petrolifero,Pequeno generador,Aceites gastados (Hidraulicos),Aceite gastado hidraulico,8.13
Hidalgo,Sin Dato,2018,Petrolifero,Pequeno generador,Aceites gastados (Lubricantes),Aceites gastados lubricantes,6.97
Hidalgo,Sin Dato,2018,Petrolifero,Pequeno generador,Botes de Presurizados,Envases de aerosol,0.02
Hidalgo,Sin Dato,2018,Petrolifero,Pequeno generador,Filtro de aire o aceite contaminados,Filtros de aire usados,0.03
Hidalgo,Sin Dato,2018,Petrolifero,Pequeno generador,"Gasolina, Diesel y Naftas gastados o sucios","Gasolina, Diesel y Naftas gastados o sucios provenientes de Estaciones de Servicio y Talleres Automotrices",1.04
Hidalgo,Sin Dato,2018,Petrolifero,Pequeno generador,Lamparas fluorescentes y de vapor de mercurio,Lamparas fluorescentes y de vapor de mercurio,0.06
Hidalgo,Sin Dato,2018,Petrolifero,Pequeno generador,Lodos Contaminados con Hidrocarburos,Lodos con aceite y restos de hidrocarburos,10.06
Hidalgo,Sin Dato,2018,Petrolifero,Pequeno generador,Solidos contaminados con hidrocarburos diversos,"Filtros, mangueras, envases, botes, cubetas, contenedores, trapos, guantes, carton, aserrin, material absorbente,Estopas y trapos impregnados con combustible, Envases vacios impregnados de aceite",3.93
Hidalgo,Sin Dato,2018,Petrolifero,Pequeno generador,Solventes Gastados,Residuos de solventes,0.08
Hidalgo,Sin Dato,2018,Petrolero,Microgenerador,Aceites gastados,Aceites gastados lubricantes,0.12
Hidalgo,Sin Dato,2018,Petrolero,Microgenerador,Solidos,Solidos otros,0.21
Hidalgo,Sin Dato,2018,Petrolero,Microgenerador,Solidos,Solidos tortas de filtrado,0.01
Hidalgo,Sin Dato,2018,Petrolero,Pequeno generador,Aceites gastados,Aceites gastados lubricantes,0.26
Hidalgo,Sin Dato,2018,Petrolero,Pequeno generador,Solidos,Solidos otros,0.24
Hidalgo,Sin Dato,2018,Petrolero,Pequeno generador,Solidos,Solidos tortas de filtrado,0.01
Hidalgo,Sin Dato,2019,Petrolero,Microgenerador,Aceites gastados,Lubricantes,0
Hidalgo,Sin Dato,2019,Petrolero,Microgenerador,ACEITES GASTADOS,ACEITES GASTADOS LUBRICANTES,0.007
Hidalgo,Sin Dato,2019,Petrolero,Microgenerador,Otros,OTROS (RESIDUOS DE PIGMENTOS BASE CROMO Y BASE PLOMO),0.006
Hidalgo,Sin Dato,2019,Petrolero,Microgenerador,PINTURAS Y PRODUCTOS RELACIONADOS,RESIDUOS DE PIGMENTOS BASE CROMO Y BASE PLOMO,0.001
Hidalgo,Sin Dato,2019,Petrolero,Microgenerador,PINTURAS Y PRODUCTOS RELACIONADOS,FELPAS IMPREGNADAS DE PIGMENTOS DE CROMO Y PLOMO,0.002
Hidalgo,Sin Dato,2019,Petrolero,Microgenerador,Lodos Contaminados con Hidrocarburos (combustible y aceites),Lodos aceitosos,0
Hidalgo,Sin Dato,2019,Petrolero,Microgenerador,Residuos solidos,solidos OTROS (FELPAS IMPREGNADAS DE PIGMENTOS DE CROMO Y PLOMO),0.009
Hidalgo,Sin Dato,2019,Petrolero,Microgenerador,Residuos solidos,solidos DE MANTENIMIENTO AUTOMOTRIZ,0.0203
Hidalgo,Sin Dato,2019,Petrolero,Microgenerador,Residuos solidos,solidos CON METALES PESADOS,0.055
Hidalgo,Sin Dato,2019,Petrolero,Microgenerador,Residuos solidos,solidos OTROS (baterias ALCALINAS USADAS),0.005
Hidalgo,Sin Dato,2019,Petrolero,Microgenerador,Residuos solidos,"solidos OTROS (SUELO CONTAMINADO CON ACEITE LUBRICANTE GASTADO, DIÉSEL, GASOLINA)",0.007
Hidalgo,Sin Dato,2019,Petrolero,Microgenerador,Residuos solidos,solidos OTROS (CARTUCHOS INTERNOS DE FILTROS IMPREGNADOS CON HOLLÍN Y ACEITE GASTADO.),0.001
Hidalgo,Sin Dato,2019,Petrolero,Microgenerador,Residuos solidos,solidos OTROS (SUELO CONTAMINADO CON ACEITE LUBRICANTE GASTADO.),0.0005
Hidalgo,Sin Dato,2019,Petrolero,Microgenerador,Residuos solidos,Tortas de filtrado,0
Hidalgo,Sin Dato,2019,Petrolero,Microgenerador,Residuos solidos,"filtros, mangueras, envases, botes, cubetas, contenedores, trapos, guantes, cartón, aserrín, material absorbente",0
Hidalgo,Sin Dato,2019,Petrolero,Pequeno Generador,Aceites gastados,Lubricantes,0
Hidalgo,Sin Dato,2019,Petrolero,Pequeno Generador,Residuos solidos,Tortas de filtrado,0
Hidalgo,Sin Dato,2019,Petrolero,Pequeno Generador,Residuos solidos,Otros solidos,0
Hidalgo,Sin Dato,2019,Petrolifero,Microgenerador,Aceites gastados,Lubricantes,0
Hidalgo,Sin Dato,2019,Petrolifero,Microgenerador,Liquidos de proceso,Liquidos con residuos de hidrocarburos,0
Hidalgo,Sin Dato,2019,Petrolifero,Microgenerador,Lodos,Lodos aceitosos,0.15
Hidalgo,Sin Dato,2019,Petrolifero,Microgenerador,Residuos solidos,"Botes o recipientes que contuvieron contaminantes diversos, latas de pintura, aerosoles",0
Hidalgo,Sin Dato,2019,Petrolifero,Microgenerador,Residuos solidos,"Estopa, trapo, plásticos, cartón, madera, brochas, papel, cepillo, etc., impregnados con pinturas, grasas, aceites, hidrocarburos",0.12
Hidalgo,Sin Dato,2019,Petrolifero,Microgenerador,Residuos solidos,Filtro de aire o de aceite contaminados,0
Hidalgo,Sin Dato,2019,Petrolifero,Microgenerador,Residuos solidos,Lámpara fluorescentes,0
Hidalgo,Sin Dato,2019,Petrolifero,Pequeno Generador,Aceites gastados,hidraulicos,0
Hidalgo,Sin Dato,2019,Petrolifero,Pequeno Generador,Aceites gastados,Lubricantes,0
Hidalgo,Sin Dato,2019,Petrolifero,Pequeno Generador,"Gasolina, diesel y naftas gastados o sucios provenientes de estaciónes de servicio y talleres automotrices","Gasolina, diesel y naftas gastados o sucios provenientes de estaciones de servicio y talleres automotrices",0
Hidalgo,Sin Dato,2019,Petrolifero,Pequeno Generador,Lodos,Lodos aceitosos,0
Hidalgo,Sin Dato,2019,Petrolifero,Pequeno Generador,Residuos solidos,"Botes o recipientes que contuvieron contaminantes diversos, latas de pintura, aerosoles",0
Hidalgo,Sin Dato,2019,Petrolifero,Pequeno Generador,Residuos solidos,"Estopa, trapo, plásticos, cartón, madera, brochas, papel, cepillo, etc., impregnados con pinturas, grasas, aceites, hidrocarburos",0
Hidalgo,Sin Dato,2019,Petrolifero,Pequeno Generador,Residuos solidos,Filtro de aire o de aceite contaminados,0
Hidalgo,Sin Dato,2019,Petrolifero,Pequeno Generador,Residuos solidos,Lámpara fluorescentes,0
Hidalgo,Sin Dato,2019,Petrolifero,Pequeno Generador,Solventes,Residuos de solventes,0
Hidalgo,Sin Dato,2020,Petrolero,Pequeno Generador,Aceites gastados,Aceites gastados lubricantes,1
Hidalgo,Sin Dato,2020,Petrolero,Pequeno Generador,Aceites gastados,ACEITES GASTADOS OTROS,0.25
Hidalgo,Sin Dato,2020,Petrolero,Pequeno Generador,OTROS,ARENA IMPREGNADA DE ACEITE,0.25
Hidalgo,Sin Dato,2020,Petrolero,Pequeno Generador,OTROS,ENVASES CONTAMINADOS,0.75
Hidalgo,Sin Dato,2020,Petrolero,Pequeno Generador,OTROS,ESCORIAS DE METALES PESADOS GRANULARES,0.125
Hidalgo,Sin Dato,2020,Petrolero,Pequeno Generador,OTROS,PILAS ALCALINAS,0.125
Hidalgo,Sin Dato,2020,Petrolero,Pequeno Generador,OTROS,TRAPOS IMPREGNADOS DE ACEITE Y PINTURA,0.25
Hidalgo,Sin Dato,2020,Petrolero,Pequeno Generador,OTROS,ANTICONGELANTE USADO PROVENIENTE DE MANTENIMIENTO A MAQUINARIA Y EQUIPOS,0.5
Hidalgo,Sin Dato,2020,Petrolero,Pequeno Generador,SÓLIDOS,SÓLIDOS CON METALES PESADOS,0.25
Hidalgo,Sin Dato,2020,Petrolero,Pequeno Generador,SÓLIDOS,SÓLIDOS OTROS,0.25
Hidalgo,Sin Dato,2020,Petrolero,Pequeno Generador,SOLVENTES,SOLVENTES ORGÁNICOS,0.125
Hidalgo,Sin Dato,2020,Petrolero,Gran Generador,Aceites gastados,Aceites gastados lubricantes,0.01
Hidalgo,Sin Dato,2020,Petrolero,Gran Generador,OTROS,AGUA CONTAMINADA POR HIDROCARBUROS PRODUCTO DE LA LIMPIEZA DEL DUCTO UTILIZADO DE MANERA ILEGAL POR HUACHICOLEROS,60
Hidalgo,Sin Dato,2020,Petrolero,Gran Generador,OTROS,TIERRA CONTAMINADA CON HIDROCARBUROS,0.84
Hidalgo,Sin Dato,2020,Petrolero,Gran Generador,SÓLIDOS,SÓLIDOS OTROS,0.15
Hidalgo,Sin Dato,2020,Petrolero,Gran Generador,SOLVENTES,SOLVENTES ORGÁNICOS,0.01
Hidalgo,Sin Dato,2020,Petrolifero,Microgenerador,Aceites lubricantes,Aceites gastados lubricantes,0.00735
Hidalgo,Sin Dato,2020,Petrolifero,Microgenerador,Líquidos de proceso,Aguas aceitosas,0.04
Hidalgo,Sin Dato,2020,Petrolifero,Microgenerador,"Baterias, pilas y balastras","Baterias, pilas y balastras",0.03
Hidalgo,Sin Dato,2020,Petrolifero,Microgenerador,"Gasollina, diésel y naftas gastados","Gasollina, diésel y naftas gastados",0.2
Hidalgo,Sin Dato,2020,Petrolifero,Microgenerador,Lámparas fluorescentes y de vapor de mercurio,Lámparas fluorescentes y de vapor de mercurio,0.0016
Hidalgo,Sin Dato,2020,Petrolifero,Microgenerador,Lodos,Lodos aceitosos,2.9757
Hidalgo,Sin Dato,2020,Petrolifero,Microgenerador,Residuos sólidos,"Estopa, trapo, plásticos, cartón, madera, brochas, papel, cepillo, etc., impregnados con pinturas, grasas, aceites, hidrocarburos",3.20143
Hidalgo,Sin Dato,2020,Petrolifero,Pequeno Generador,Aceites lubricantes,Aceites gastados lubricantes,1.15722
Hidalgo,Sin Dato,2020,Petrolifero,Pequeno Generador,Líquidos de proceso,Aguas aceitosas,12.51
Hidalgo,Sin Dato,2020,Petrolifero,Pequeno Generador,"Baterias, pilas y balastras","Baterias, pilas y balastras",0.02
Hidalgo,Sin Dato,2020,Petrolifero,Pequeno Generador,"Gasollina, diésel y naftas gastados","Gasollina, diésel y naftas gastados",0.228
Hidalgo,Sin Dato,2020,Petrolifero,Pequeno Generador,Lámparas fluorescentes y de vapor de mercurio,Lámparas fluorescentes y de vapor de mercurio,0.0678
Hidalgo,Sin Dato,2020,Petrolifero,Pequeno Generador,Lodos,Lodos aceitosos,3.48301
Hidalgo,Sin Dato,2020,Petrolifero,Pequeno Generador,Residuos sólidos,"Estopa, trapo, plásticos, cartón, madera, brochas, papel, cepillo, etc., impregnados con pinturas, grasas, aceites, hidrocarburos",6.64707
Hidalgo,Sin Dato,2021,Petrolero,Pequeno Generador,Aceites gastados,Lubricantes,1
Hidalgo,Sin Dato,2021,Petrolero,Pequeno Generador,Aceites gastados,Otros aceites,0.25
Hidalgo,Sin Dato,2021,Petrolero,Pequeno Generador,Anticongelante,"De mantenimiento automotríz, mantenimiento a maquinaria o equipos",0.5
Hidalgo,Sin Dato,2021,Petrolero,Pequeno Generador,"baterias, celdas y pilas",Pilas alcalinas,0.13
Hidalgo,Sin Dato,2021,Petrolero,Pequeno Generador,Escorias,Con metales pesados,0.13
Hidalgo,Sin Dato,2021,Petrolero,Pequeno Generador,Residuos solidos,"Botes o recipientes que contuvieron contaminantes diversos, latas de pintura, aerosoles",0.75
Hidalgo,Sin Dato,2021,Petrolero,Pequeno Generador,Residuos solidos,Con metales pesados,0.25
Hidalgo,Sin Dato,2021,Petrolero,Pequeno Generador,Residuos solidos,"Estopa, trapo, plásticos, cartón, madera, brochas, papel, cepillo, etc., impregnados con pinturas, grasas, aceites, hidrocarburos",0.25
Hidalgo,Sin Dato,2021,Petrolero,Pequeno Generador,Residuos solidos,Otros solidos,0.25
Hidalgo,Sin Dato,2021,Petrolero,Pequeno Generador,Residuos solidos,"Tierra, arena, grava, acerrín impregnados con aceites, grasas o hidrocarburos",0.25
Hidalgo,Sin Dato,2021,Petrolero,Pequeno Generador,Solventes,Solventes orgánicos usados,0.13
Hidalgo,Sin Dato,2021,Petrolero,Gran Generador,Aceites gastados,Lubricantes,0.01
Hidalgo,Sin Dato,2021,Petrolero,Gran Generador,Otros,"Agua contaminada con hidrocarburos, combustibles, aceite o grasa",60
Hidalgo,Sin Dato,2021,Petrolero,Gran Generador,Residuos solidos,Otros solidos,0.15
Hidalgo,Sin Dato,2021,Petrolero,Gran Generador,Residuos solidos,"Tierra, arena, grava, acerrín impregnados con aceites, grasas o hidrocarburos",0.84
Hidalgo,Sin Dato,2021,Petrolero,Gran Generador,Solventes,Solventes orgánicos usados,0.01
Hidalgo,Sin Dato,2021,Petrolifero,Microgenerador,Aceites gastados,Lubricantes,0.01
Hidalgo,Sin Dato,2021,Petrolifero,Microgenerador,"baterias, celdas y pilas","Baterias, pilas y balastras",0.03
Hidalgo,Sin Dato,2021,Petrolifero,Microgenerador,"Gasolina, diésel y naftas gastados o sucios provenientes de estaciones de servicio y talleres automotrices","Gasolina, diesel y naftas gastados o sucios",0.2
Hidalgo,Sin Dato,2021,Petrolifero,Microgenerador,Otros,"Agua oleosa, agua contaminada",0.04
Hidalgo,Sin Dato,2021,Petrolifero,Microgenerador,Residuos solidos,"Estopa, trapo, plásticos, cartón, madera, brochas, papel, cepillo, etc., impregnados con pinturas, grasas, aceites, hidrocarburos",3.2
Hidalgo,Sin Dato,2021,Petrolifero,Microgenerador,Residuos solidos,"Lámparas fluorescentes, lámparas de vapor de mercurio",0
Hidalgo,Sin Dato,2021,Petrolifero,Microgenerador,Lodos,Lodos aceitosos,2.98
Hidalgo,Sin Dato,2021,Petrolifero,Pequeno Generador,Aceites gastados,Lubricantes,1.16
Hidalgo,Sin Dato,2021,Petrolifero,Pequeno Generador,"baterias, celdas y pilas","Baterias, pilas y balastras",0.02
Hidalgo,Sin Dato,2021,Petrolifero,Pequeno Generador,"Gasolina, diésel y naftas gastados o sucios provenientes de estaciones de servicio y talleres automotrices","Gasolina, diesel y naftas gastados o sucios",0.23
Hidalgo,Sin Dato,2021,Petrolifero,Pequeno Generador,Otros,"Agua oleosa, agua contaminada",12.51
Hidalgo,Sin Dato,2021,Petrolifero,Pequeno Generador,Residuos solidos,"Estopa, trapo, plásticos, cartón, madera, brochas, papel, cepillo, etc., impregnados con pinturas, grasas, aceites, hidrocarburos",6.65
Hidalgo,Sin Dato,2021,Petrolifero,Pequeno Generador,Residuos solidos,"Lámparas fluorescentes, lámparas de vapor de mercurio",0.07
Hidalgo,Sin Dato,2021,Petrolifero,Pequeno Generador,Lodos,Lodos aceitosos,3.48
Hidalgo,Atitalaquia,2022,Petrolífero,Microgenerador,Lodos,Lodos aceitosos,0.2
Hidalgo,Atitalaquia,2022,Petrolífero,Microgenerador,Residuos sólidos,"Estopa, trapo, plásticos, cartón, madera, brochas, papel, cepillo, etc., impregnados con pinturas, grasas, aceites, hidrocarburos",0.19
Hidalgo,Pachuca de Soto,2022,Petrolífero,Microgenerador,Lodos,Lodos aceitosos,0.54
Hidalgo,Pachuca de Soto,2022,Petrolífero,Microgenerador,Residuos sólidos,"Estopa, trapo, plásticos, cartón, madera, brochas, papel, cepillo, etc., impregnados con pinturas, grasas, aceites, hidrocarburos",0.24
Hidalgo,Tenango de Doria,2022,Petrolero,Microgenerador,Lodos,Lodos aceitosos,0.25
Hidalgo,Tenango de Doria,2022,Petrolero,Microgenerador,Residuos sólidos,"Estopa, trapo, plásticos, cartón, madera, brochas, papel, cepillo, etc., impregnados con pinturas, grasas, aceites, hidrocarburos",0.1
Hidalgo,Tepeapulco,2022,Petrolero,Microgenerador,Aceites gastados,Lubricantes,0.01
Hidalgo,Tepeapulco,2022,Petrolero,Microgenerador,Otros,Otros residuos,0
Hidalgo,Tepeapulco,2022,Petrolero,Microgenerador,Residuos sólidos,Otros sólidos,0
Hidalgo,Tepeapulco,2022,Petrolero,Microgenerador,Residuos sólidos,Otros sólidos,0.01
Hidalgo,Tepeapulco,2022,Petrolero,Microgenerador,Residuos sólidos,Otros sólidos,0.01
Hidalgo,Tizayuca,2022,Petrolero,Microgenerador,Lodos,Lodos aceitosos,0.21
Hidalgo,Tizayuca,2022,Petrolero,Microgenerador,Residuos sólidos,"Estopa, trapo, plásticos, cartón, madera, brochas, papel, cepillo, etc., impregnados con pinturas, grasas, aceites, hidrocarburos",0.03
Hidalgo,Tulancingo de Bravo,2022,Petrolero,Microgenerador,Lodos,Lodos aceitosos,0.21
Hidalgo,Tulancingo de Bravo,2022,Petrolero,Microgenerador,Residuos sólidos,"Estopa, trapo, plásticos, cartón, madera, brochas, papel, cepillo, etc., impregnados con pinturas, grasas, aceites, hidrocarburos",0.12
Hidalgo,Zacualtipán de Ángeles,2022,Petrolero,Pequeño Generador,Aceites gastados,Lubricantes,0.32
Hidalgo,Zacualtipán de Ángeles,2022,Petrolero,Pequeño Generador,Lodos,Lodos aceitosos,0.28
Hidalgo,Actopan,2023,Petrolífero,Pequeño Generador,Aceites gastados,Lubricantes,2.4
Hidalgo,Actopan,2023,Petrolífero,Pequeño Generador,"Baterías, celdas y pilas","Baterias, pilas y balastras",0.01
Hidalgo,Actopan,2023,Petrolífero,Pequeño Generador,Residuos sólidos,"Estopa, trapo, plásticos, cartón, madera, brochas, papel, cepillo, etc., impregnados con pinturas, grasas, aceites, hidrocarburos",1.2
Hidalgo,El Arenal,2023,Petrolífero,Microgenerador,Residuos sólidos,"Estopa, trapo, plásticos, cartón, madera, brochas, papel, cepillo, etc., impregnados con pinturas, grasas, aceites, hidrocarburos",0.02
Hidalgo,Atlapexco,2023,Petrolífero,Microgenerador,Lodos,Lodos aceitosos,0.38
Hidalgo,Atotonilco de Tula,2023,Petrolífero,Microgenerador,Residuos sólidos,"Estopa, trapo, plásticos, cartón, madera, brochas, papel, cepillo, etc., impregnados con pinturas, grasas, aceites, hidrocarburos",0.01
Hidalgo,Atotonilco de Tula,2023,Petrolífero,Microgenerador,Residuos sólidos,"Estopa, trapo, plásticos, cartón, madera, brochas, papel, cepillo, etc., impregnados con pinturas, grasas, aceites, hidrocarburos",0.02
Hidalgo,Atotonilco de Tula,2023,Petrolífero,Microgenerador,Residuos sólidos,"Estopa, trapo, plásticos, cartón, madera, brochas, papel, cepillo, etc., impregnados con pinturas, grasas, aceites, hidrocarburos",0.14
Hidalgo,Atotonilco de Tula,2023,Petrolífero,Pequeño Generador,Aceites gastados,Lubricantes,0.01
Hidalgo,Atotonilco de Tula,2023,Petrolífero,Pequeño Generador,Agua contaminada,"Agua contaminada con hidrocarburos, combustibles, aceite o grasa",2
Hidalgo,Atotonilco de Tula,2023,Petrolífero,Pequeño Generador,"Baterías, celdas y pilas","Baterias, pilas y balastras",0.01
Hidalgo,Atotonilco de Tula,2023,Petrolífero,Pequeño Generador,Residuos sólidos,"Estopa, trapo, plásticos, cartón, madera, brochas, papel, cepillo, etc., impregnados con pinturas, grasas, aceites, hidrocarburos",0.66
Hidalgo,Atotonilco de Tula,2023,Petrolífero,Pequeño Generador,Residuos sólidos,"Lámparas fluorescentes, lámparas de vapor de mercurio",0.05
Hidalgo,Cardonal,2023,Petrolífero,Microgenerador,Lodos,Lodos aceitosos,0.3
Hidalgo,Cardonal,2023,Petrolífero,Microgenerador,Residuos sólidos,"Estopa, trapo, plásticos, cartón, madera, brochas, papel, cepillo, etc., impregnados con pinturas, grasas, aceites, hidrocarburos",0.1
Hidalgo,Mineral de La Reforma,2023,Petrolífero,Microgenerador,Residuos sólidos,"Estopa, trapo, plásticos, cartón, madera, brochas, papel, cepillo, etc., impregnados con pinturas, grasas, aceites, hidrocarburos",0.02
Hidalgo,Mineral de La Reforma,2023,Petrolífero,Pequeño Generador,Aceites gastados,Lubricantes,2.4
Hidalgo,Mineral de La Reforma,2023,Petrolífero,Pequeño Generador,"Baterías, celdas y pilas","Baterias, pilas y balastras",0.01
Hidalgo,Mineral de La Reforma,2023,Petrolífero,Pequeño Generador,Residuos sólidos,"Estopa, trapo, plásticos, cartón, madera, brochas, papel, cepillo, etc., impregnados con pinturas, grasas, aceites, hidrocarburos",1.3
Hidalgo,Mineral de La Reforma,2023,Petrolífero,Pequeño Generador,Residuos sólidos,"Lámparas fluorescentes, lámparas de vapor de mercurio",0.03
Hidalgo,Santiago Tulantepec de Lugo Guerrero,2023,Petrolífero,Pequeño Generador,Aceites gastados,Lubricantes,2.4
Hidalgo,Santiago Tulantepec de Lugo Guerrero,2023,Petrolífero,Pequeño Generador,"Baterías, celdas y pilas","Baterias, pilas y balastras",0.01
Hidalgo,Santiago Tulantepec de Lugo Guerrero,2023,Petrolífero,Pequeño Generador,Residuos sólidos,"Estopa, trapo, plásticos, cartón, madera, brochas, papel, cepillo, etc., impregnados con pinturas, grasas, aceites, hidrocarburos",1.3
Hidalgo,Santiago Tulantepec de Lugo Guerrero,2023,Petrolífero,Pequeño Generador,Residuos sólidos,"Lámparas fluorescentes, lámparas de vapor de mercurio",0.03
Hidalgo,Villa de Tezontepec,2023,Petrolífero,Microgenerador,Lodos,Lodos aceitosos,0.45
Hidalgo,Villa de Tezontepec,2023,Petrolífero,Microgenerador,Residuos sólidos,"Estopa, trapo, plásticos, cartón, madera, brochas, papel, cepillo, etc., impregnados con pinturas, grasas, aceites, hidrocarburos",0.3
Hidalgo,Tizayuca,2023,Petrolífero,Microgenerador,Lodos,Lodos aceitosos,0.18
Hidalgo,Tizayuca,2023,Petrolífero,Microgenerador,Residuos sólidos,"Estopa, trapo, plásticos, cartón, madera, brochas, papel, cepillo, etc., impregnados con pinturas, grasas, aceites, hidrocarburos",1.2
Hidalgo,Tula de Allende,2023,Petrolífero,Microgenerador,Lodos,Lodos aceitosos,0.12
Hidalgo,Tula de Allende,2023,Petrolífero,Microgenerador,Residuos sólidos,"Estopa, trapo, plásticos, cartón, madera, brochas, papel, cepillo, etc., impregnados con pinturas, grasas, aceites, hidrocarburos",0.27
Hidalgo,Tulancingo de Bravo,2023,Petrolífero,Microgenerador,Residuos sólidos,"Estopa, trapo, plásticos, cartón, madera, brochas, papel, cepillo, etc., impregnados con pinturas, grasas, aceites, hidrocarburos",0.02
Hidalgo,Agua Blanca de Iturbide,2024,Petrolífero,Pequeño Generador,Aceites gastados,Lubricantes,0.15
Hidalgo,Agua Blanca de Iturbide,2024,Petrolífero,Pequeño Generador,Gasolina y otros combustibles,"Gasolina, diesel y naftas gastados o sucios",2.5
Hidalgo,Agua Blanca de Iturbide,2024,Petrolífero,Pequeño Generador,Lodos,Lodos aceitosos,0.6
Hidalgo,Agua Blanca de Iturbide,2024,Petrolífero,Pequeño Generador,Residuos sólidos,"Estopa, trapo, plásticos, cartón, madera, brochas, papel, cepillo, etc., impregnados con pinturas, grasas, aceites, hidrocarburos",5.6
Hidalgo,Agua Blanca de Iturbide,2024,Petrolífero,Pequeño Generador,Residuos sólidos,"Lámparas fluorescentes, lámparas de vapor de mercurio",0.1
Hidalgo,Apan,2024,Petrolífero,Microgenerador,Residuos sólidos,"Estopa, trapo, plásticos, cartón, madera, brochas, papel, cepillo, etc., impregnados con pinturas, grasas, aceites, hidrocarburos",0.02
Hidalgo,Atitalaquia,2024,Petrolífero,Microgenerador,Residuos sólidos,"Estopa, trapo, plásticos, cartón, madera, brochas, papel, cepillo, etc., impregnados con pinturas, grasas, aceites, hidrocarburos",0.05
Hidalgo,Atitalaquia,2024,Petrolífero,Pequeño Generador,Lodos,Lodos aceitosos,0.85
Hidalgo,Cuautepec de Hinojosa,2024,Petrolífero,Microgenerador,Residuos sólidos,"Estopa, trapo, plásticos, cartón, madera, brochas, papel, cepillo, etc., impregnados con pinturas, grasas, aceites, hidrocarburos",0.02
Hidalgo,Huejutla de Reyes,2024,Petrolífero,Microgenerador,Lodos,Lodos aceitosos,0.12
Hidalgo,Huejutla de Reyes,2024,Petrolífero,Microgenerador,Residuos sólidos,"Estopa, trapo, plásticos, cartón, madera, brochas, papel, cepillo, etc., impregnados con pinturas, grasas, aceites, hidrocarburos",0.24
Hidalgo,San Agustín Metzquititlán,2024,Petrolífero,Pequeño Generador,Lodos,Lodos aceitosos,3.9
Hidalgo,San Agustín Metzquititlán,2024,Petrolífero,Pequeño Generador,Residuos sólidos,"Estopa, trapo, plásticos, cartón, madera, brochas, papel, cepillo, etc., impregnados con pinturas, grasas, aceites, hidrocarburos",1.2
Hidalgo,Pachuca de Soto,2024,Petrolífero,Microgenerador,Aceites gastados,Lubricantes,0.06
Hidalgo,Pachuca de Soto,2024,Petrolífero,Microgenerador,Lodos,Lodos aceitosos,0.39
Hidalgo,Pachuca de Soto,2024,Petrolífero,Microgenerador,Residuos sólidos,"Estopa, trapo, plásticos, cartón, madera, brochas, papel, cepillo, etc., impregnados con pinturas, grasas, aceites, hidrocarburos",0.04
Hidalgo,Mineral de La Reforma,2024,Petrolífero,Pequeño Generador,Aceites gastados,Lubricantes,0.3
Hidalgo,Mineral de La Reforma,2024,Petrolífero,Pequeño Generador,Gasolina y otros combustibles,"Gasolina, diesel y naftas gastados o sucios",5
Hidalgo,Mineral de La Reforma,2024,Petrolífero,Pequeño Generador,Lodos,Lodos aceitosos,1.2
Hidalgo,Mineral de La Reforma,2024,Petrolífero,Pequeño Generador,Residuos sólidos,"Estopa, trapo, plásticos, cartón, madera, brochas, papel, cepillo, etc., impregnados con pinturas, grasas, aceites, hidrocarburos",10.8
Hidalgo,Mineral de La Reforma,2024,Petrolífero,Pequeño Generador,Residuos sólidos,"Lámparas fluorescentes, lámparas de vapor de mercurio",0.1
Hidalgo,Tulancingo de Bravo,2024,Petrolífero,Microgenerador,Residuos sólidos,"Estopa, trapo, plásticos, cartón, madera, brochas, papel, cepillo, etc., impregnados con pinturas, grasas, aceites, hidrocarburos",0.02
Jalisco,Sin Dato,2017,Petrolero,Microgenerador,Aceites gastados,Lubricantes,0.32
Jalisco,Sin Dato,2017,Petrolero,Microgenerador,"Gasolina, diesel y naftas gastados o sucios provenientes de estaciónes de servicio y talleres automotrices","Gasolina, diesel y naftas gastados o sucios provenientes de estaciones de servicio y talleres automotrices",0.39
Jalisco,Sin Dato,2017,Petrolero,Microgenerador,"Gasolina, diesel y naftas gastados o sucios provenientes de estaciónes de servicio y talleres automotrices",Gasolinas sucias,0.26
Jalisco,Sin Dato,2017,Petrolero,Microgenerador,"Gasolina, diesel y naftas gastados o sucios provenientes de estaciónes de servicio y talleres automotrices","Mezclas de combustibles sucios, mezclas de hidrocarburos, naftas",0.03
Jalisco,Sin Dato,2017,Petrolero,Microgenerador,Liquidos de proceso,"Agua contaminada con hidrocarburos, combustibles, aceite o grasa",1.06
Jalisco,Sin Dato,2017,Petrolero,Microgenerador,Liquidos de proceso,No corrosivos,0.18
Jalisco,Sin Dato,2017,Petrolero,Microgenerador,Lodos,Lodos procedentes de trampas de grasas e hidrocarburos,0.02
Jalisco,Sin Dato,2017,Petrolero,Microgenerador,Lodos aceitosos,"Con contaminacion de hidrocarburos, combustibles, aceite",4.73
Jalisco,Sin Dato,2017,Petrolero,Microgenerador,Lodos aceitosos,Lodos procedentes de trampas de grasas e hidrocarburos,0.24
Jalisco,Sin Dato,2017,Petrolero,Microgenerador,Lodos aceitosos,"Lodos residuales de proceso, de tratamiento de aguas residuales",0.9
Jalisco,Sin Dato,2017,Petrolero,Microgenerador,Lodos aceitosos,Otros lodos,2.95
Jalisco,Sin Dato,2017,Petrolero,Microgenerador,Material textil,"Telas, felpas, estopas",0.38
Jalisco,Sin Dato,2017,Petrolero,Microgenerador,Residuos Liquidos,"Residuos de sustancias contaminantes (hidrocarburos, combustibles, aceites, grasas, pinturas)",0.06
Jalisco,Sin Dato,2017,Petrolero,Microgenerador,Residuos solidos,"Botes o recipientes que contuvieron contaminantes diversos, latas de pintura, aerosoles",3.41
Jalisco,Sin Dato,2017,Petrolero,Microgenerador,Residuos solidos,Con metales pesados,0.06
Jalisco,Sin Dato,2017,Petrolero,Microgenerador,Residuos solidos,"Estopa, trapo, plasticos, carton, madera, brochas, papel, cepillo, etc., impregnados con pinturas, grasas, aceites, hidrocarburos",0.52
Jalisco,Sin Dato,2017,Petrolero,Microgenerador,Residuos solidos,Lampara fluorescentes,0.19
Jalisco,Sin Dato,2017,Petrolero,Microgenerador,Residuos solidos,No especificado,0.18
Jalisco,Sin Dato,2017,Petrolero,Microgenerador,Otros,"Pilas, baterias, focos",0.06
Jalisco,Sin Dato,2017,Petrolero,Pequeno Generador,Aceites gastados,Lubricantes,2.84
Jalisco,Sin Dato,2017,Petrolero,Pequeno Generador,"Baterias, celdas y pilas",Pilas alcalinas,0
Jalisco,Sin Dato,2017,Petrolero,Pequeno Generador,"Baterias, celdas y pilas","Pilas, baterias, acumuladores, celdas de desecho: niquel-cadmio, plomo, mercurio",0
Jalisco,Sin Dato,2017,Petrolero,Pequeno Generador,"Gasolina, diesel y naftas gastados o sucios provenientes de estaciónes de servicio y talleres automotrices",Diesel sucio,0.79
Jalisco,Sin Dato,2017,Petrolero,Pequeno Generador,"Gasolina, diesel y naftas gastados o sucios provenientes de estaciónes de servicio y talleres automotrices",Gasolinas sucias,1.71
Jalisco,Sin Dato,2017,Petrolero,Pequeno Generador,"Gasolina, diesel y naftas gastados o sucios provenientes de estaciónes de servicio y talleres automotrices","Mezclas de combustibles sucios, mezclas de hidrocarburos, naftas",0.41
Jalisco,Sin Dato,2017,Petrolero,Pequeno Generador,Liquidos de proceso,"Agua contaminada con hidrocarburos, combustibles, aceite o grasa",11.57
Jalisco,Sin Dato,2017,Petrolero,Pequeno Generador,Liquidos de proceso,No corrosivos,7.4
Jalisco,Sin Dato,2017,Petrolero,Pequeno Generador,Lodos,Lodos provenientes de tanques de almacenaniento,5.25
Jalisco,Sin Dato,2017,Petrolero,Pequeno Generador,Lodos,Otros lodos,0.58
Jalisco,Sin Dato,2017,Petrolero,Pequeno Generador,Lodos aceitosos,"Con contaminacion de hidrocarburos, combustibles, aceite",14.02
Jalisco,Sin Dato,2017,Petrolero,Pequeno Generador,Lodos aceitosos,Lodos procedentes de trampas de grasas e hidrocarburos,5.39
Jalisco,Sin Dato,2017,Petrolero,Pequeno Generador,Lodos aceitosos,Otros lodos,51.46
Jalisco,Sin Dato,2017,Petrolero,Pequeno Generador,Material textil,"Telas, felpas, estopas",3.61
Jalisco,Sin Dato,2017,Petrolero,Pequeno Generador,Residuos Liquidos,"Agua contaminada con hidrocarburos, combustibles, aceite o grasa",1.64
Jalisco,Sin Dato,2017,Petrolero,Pequeno Generador,Residuos Liquidos,"Residuos de sustancias contaminantes (hidrocarburos, combustibles, aceites, grasas, pinturas)",0.2
Jalisco,Sin Dato,2017,Petrolero,Pequeno Generador,Residuos solidos,Balastras,0
Jalisco,Sin Dato,2017,Petrolero,Pequeno Generador,Residuos solidos,"Botes o recipientes que contuvieron contaminantes diversos, latas de pintura, aerosoles",33.03
Jalisco,Sin Dato,2017,Petrolero,Pequeno Generador,Residuos solidos,De mantenimiento automotríz,0.02
Jalisco,Sin Dato,2017,Petrolero,Pequeno Generador,Residuos solidos,"Estopa, trapo, plasticos, carton, madera, brochas, papel, cepillo, etc., impregnados con pinturas, grasas, aceites, hidrocarburos",11.77
Jalisco,Sin Dato,2017,Petrolero,Pequeno Generador,Residuos solidos,Lampara fluorescentes,0.43
Jalisco,Sin Dato,2017,Petrolero,Pequeno Generador,Residuos solidos,"Mangueras, pistolas o filtros para despacho de combustibles, descarga de contaminantes",0.21
Jalisco,Sin Dato,2017,Petrolero,Pequeno Generador,Residuos solidos,"Tierra, grava, acerrín impregnados con aceites, grasas e hidrocarburos",0.2
Jalisco,Sin Dato,2017,Petroleo y petroquimica,Pequeno Generador,Aceites gastados,Lubricantes,1.02
Jalisco,Sin Dato,2017,Petroleo y petroquimica,Pequeno Generador,"Baterias, celdas y pilas","Pilas, baterias, acumuladores, celdas de desecho: niquel-cadmio, plomo, mercurio",0.45
Jalisco,Sin Dato,2017,Petroleo y petroquimica,Pequeno Generador,Material textil,"Telas, felpas, estopas",1.46
Jalisco,Sin Dato,2017,Petroleo y petroquimica,Pequeno Generador,Residuos solidos,De mantenimiento automotríz,0.6
Jalisco,Sin Dato,2017,Petroleo y petroquimica,Pequeno Generador,Residuos solidos,"Estopa, trapo, plasticos, carton, madera, brochas, papel, cepillo, etc., impregnados con pinturas, grasas, aceites, hidrocarburos",0.6
Jalisco,Sin Dato,2017,Petrolero,Pequeno Generador,Solventes,Solventes organicos usados,0.12
Jalisco,Sin Dato,2018,Petrolifero,Microgenerador,Aceites gastados (Hidraulicos),Aceite gastado hidraulico,0.09
Jalisco,Sin Dato,2018,Petrolifero,Microgenerador,Aceites gastados (Lubricantes),Aceites gastados lubricantes,0.76
Jalisco,Sin Dato,2018,Petrolifero,Microgenerador,"Gasolina, Diesel y Naftas gastados o sucios","Gasolina, Diesel y Naftas gastados o sucios provenientes de Estaciones de Servicio y Talleres Automotrices",0.5
Jalisco,Sin Dato,2018,Petrolifero,Microgenerador,Lamparas fluorescentes y de vapor de mercurio,Lamparas fluorescentes y de vapor de mercurio,0.14
Jalisco,Sin Dato,2018,Petrolifero,Microgenerador,Liquidos residuales de proceso corrosivos,Agua con hidrocaruros,0.96
Jalisco,Sin Dato,2018,Petrolifero,Microgenerador,Lodos Contaminados con Hidrocarburos,Lodos con aceite y restos de hidrocarburos,21.47
Jalisco,Sin Dato,2018,Petrolifero,Microgenerador,Pilas o Baterias con Litio o Cadmio,Pilas Niquel-Cadmio,0.02
Jalisco,Sin Dato,2018,Petrolifero,Microgenerador,Residuos punzocortantes,Residuos punzocortantes,0.08
Jalisco,Sin Dato,2018,Petrolifero,Microgenerador,Solidos contaminados con hidrocarburos diversos,"Filtros, mangueras, envases, botes, cubetas, contenedores, trapos, guantes, carton, aserrin, material absorbente,Estopas y trapos impregnados con combustible, Envases vacios impregnados de aceite",9.96
Jalisco,Sin Dato,2018,Petrolifero,Pequeno generador,Aceites gastados (Hidraulicos),Aceite gastado hidraulico,0.22
Jalisco,Sin Dato,2018,Petrolifero,Pequeno generador,Aceites gastados (Lubricantes),Aceites gastados lubricantes,12.55
Jalisco,Sin Dato,2018,Petrolifero,Pequeno generador,Baterias alcalinas,Pilas alcalinas,0.04
Jalisco,Sin Dato,2018,Petrolifero,Pequeno generador,Filtro de aire o aceite contaminados,Filtros de aire usados,2.43
Jalisco,Sin Dato,2018,Petrolifero,Pequeno generador,"Gasolina, Diesel y Naftas gastados o sucios","Gasolina, Diesel y Naftas gastados o sucios provenientes de Estaciones de Servicio y Talleres Automotrices",16.87
Jalisco,Sin Dato,2018,Petrolifero,Pequeno generador,Lamparas fluorescentes y de vapor de mercurio,Lamparas fluorescentes y de vapor de mercurio,0.47
Jalisco,Sin Dato,2018,Petrolifero,Pequeno generador,Liquidos residual es de proceso no corrosivos,Agua con hidrocaruros,99.78
Jalisco,Sin Dato,2018,Petrolifero,Pequeno generador,Lodos Contaminados con Hidrocarburos,Lodos con aceite y restos de hidrocarburos,230.62
Jalisco,Sin Dato,2018,Petrolifero,Pequeno generador,Pilas o Baterias con Litio o Cadmio,Pilas Niquel-Cadmio,0.37
Jalisco,Sin Dato,2018,Petrolifero,Pequeno generador,Residuos punzocortantes,Residuos punzocortantes,0.13
Jalisco,Sin Dato,2018,Petrolifero,Pequeno generador,Solidos contaminados con hidrocarburos diversos,"Filtros, mangueras, envases, botes, cubetas, contenedores, trapos, guantes, carton, aserrin, material absorbente,Estopas y trapos impregnados con combustible, Envases vacios impregnados de aceite",64.21
Jalisco,Sin Dato,2019,Petrolero,Pequeno Generador,ACEITES GASTADOS,ACEITES GASTADOS LUBRICANTES,0.6
Jalisco,Sin Dato,2019,Petrolero,Pequeno Generador,Liquidos RESIDUALES DE PROCESO,Liquidos RESIDUALES DE PROCESO CORROSIVOS,0.001
Jalisco,Sin Dato,2019,Petrolero,Pequeno Generador,LODOS ACEITOSOS,Lodos aceitosos,0.028
Jalisco,Sin Dato,2019,Petrolero,Pequeno Generador,OTROS,OTROS (ANTICONGELANTE),0.12
Jalisco,Sin Dato,2019,Petrolero,Pequeno Generador,solidos,solidos CON METALES PESADOS,0.065
Jalisco,Sin Dato,2019,Petrolero,Pequeno Generador,solidos,"solidos TELAS, PIELES O ASBESTO ENCAPSULADO",0.06
Jalisco,Sin Dato,2019,Petrolero,Pequeno Generador,solidos,solidos DE MANTENIMIENTO AUTOMOTRIZ,0.012
Jalisco,Sin Dato,2019,Petrolero,Pequeno Generador,solidos,solidos OTROS (SUELO CONTAMINADO POR DERRAME ACCIDENTAL DE HIDROCARBURO),0.001
Jalisco,Sin Dato,2019,Petrolifero,Microgenerador,Aceites gastados,hidraulicos,0
Jalisco,Sin Dato,2019,Petrolifero,Microgenerador,Aceites gastados,Lubricantes,0.1
Jalisco,Sin Dato,2019,Petrolifero,Microgenerador,"Baterias, celdas y pilas",Pilas o baterias de Niquel - Cadmio,0
Jalisco,Sin Dato,2019,Petrolifero,Microgenerador,"Gasolina, diesel y naftas gastados o sucios provenientes de estaciónes de servicio y talleres automotrices","Gasolina, diesel y naftas gastados o sucios provenientes de estaciones de servicio y talleres automotrices",0
Jalisco,Sin Dato,2019,Petrolifero,Microgenerador,Liquidos de proceso,Corrosivos,0
Jalisco,Sin Dato,2019,Petrolifero,Microgenerador,Lodos,Lodos aceitosos,0
Jalisco,Sin Dato,2019,Petrolifero,Microgenerador,Residuos solidos,"Estopa, trapo, plásticos, cartón, madera, brochas, papel, cepillo, etc., impregnados con pinturas, grasas, aceites, hidrocarburos",0.24
Jalisco,Sin Dato,2019,Petrolifero,Microgenerador,Residuos solidos,Lámpara fluorescentes,0.005
Jalisco,Sin Dato,2019,Petrolifero,Microgenerador,Residuos solidos,Objetos punzocortantes,0
Jalisco,Sin Dato,2019,Petrolifero,Pequeno Generador,Aceites gastados,hidraulicos,0
Jalisco,Sin Dato,2019,Petrolifero,Pequeno Generador,Aceites gastados,Lubricantes,0
Jalisco,Sin Dato,2019,Petrolifero,Pequeno Generador,"Baterias, celdas y pilas",Pilas alcalinas,0
Jalisco,Sin Dato,2019,Petrolifero,Pequeno Generador,"Baterias, celdas y pilas",Pilas o baterias de Niquel - Cadmio,0
Jalisco,Sin Dato,2019,Petrolifero,Pequeno Generador,"Gasolina, diesel y naftas gastados o sucios provenientes de estaciónes de servicio y talleres automotrices","Gasolina, diesel y naftas gastados o sucios provenientes de estaciones de servicio y talleres automotrices",0
Jalisco,Sin Dato,2019,Petrolifero,Pequeno Generador,Liquidos de proceso,Liquidos con residuos de hidrocarburos,0
Jalisco,Sin Dato,2019,Petrolifero,Pequeno Generador,Lodos,Lodos aceitosos,0
Jalisco,Sin Dato,2019,Petrolifero,Pequeno Generador,Residuos solidos,"Estopa, trapo, plásticos, cartón, madera, brochas, papel, cepillo, etc., impregnados con pinturas, grasas, aceites, hidrocarburos",0
Jalisco,Sin Dato,2019,Petrolifero,Pequeno Generador,Residuos solidos,Filtro de aire o de aceite contaminados,0
Jalisco,Sin Dato,2019,Petrolifero,Pequeno Generador,Residuos solidos,Lámpara fluorescentes,0
Jalisco,Sin Dato,2019,Petrolifero,Pequeno Generador,Residuos solidos,Objetos punzocortantes,0
Jalisco,Sin Dato,2020,Petrolero,Pequeno Generador,Aceites gastados,Aceites gastados lubricantes,4.1
Jalisco,Sin Dato,2020,Petrolero,Pequeno Generador,OTROS,ANTICONGELANTE USADO,0.112
Jalisco,Sin Dato,2020,Petrolero,Pequeno Generador,SÓLIDOS,SÓLIDOS OTROS,0.5
Jalisco,Sin Dato,2020,Petrolero,Pequeno Generador,SÓLIDOS,SÓLIDOS OTROS,0.5
Jalisco,Sin Dato,2020,Petrolifero,Microgenerador,Aceites hidraúlicos,Aceites hidraúlicos,0.0307
Jalisco,Sin Dato,2020,Petrolifero,Microgenerador,Aceites lubricantes,Aceites lubricantes,0.2421
Jalisco,Sin Dato,2020,Petrolifero,Microgenerador,Líquidos de proceso,Líquidos de proceso,0.0735
Jalisco,Sin Dato,2020,Petrolifero,Microgenerador,"Baterias, pilas y balastras","Baterias, pilas y balastras",0.0073
Jalisco,Sin Dato,2020,Petrolifero,Microgenerador,"Gasollina, diésel y naftas gastados","Gasollina, diésel y naftas gastados",0.48085
Jalisco,Sin Dato,2020,Petrolifero,Microgenerador,Lámparas fluorescentes y de vapor de mercurio,Lámparas fluorescentes y de vapor de mercurio,0.1346
Jalisco,Sin Dato,2020,Petrolifero,Microgenerador,Lodos,Lodos,1.68733
Jalisco,Sin Dato,2020,Petrolifero,Microgenerador,SOLVENTES,Solventes,0.03605
Jalisco,Sin Dato,2020,Petrolifero,Microgenerador,Residuos sólidos,Residuos sólidos,2.22953
Jalisco,Sin Dato,2020,Petrolifero,Pequeno Generador,Aceites hidraúlicos,Aceites gastados hidráulicos,0.663
Jalisco,Sin Dato,2020,Petrolifero,Pequeno Generador,Aceites lubricantes,Aceites gastados lubricantes,14.8297
Jalisco,Sin Dato,2020,Petrolifero,Pequeno Generador,Líquidos de proceso,Aguas aceitosas,121.644
Jalisco,Sin Dato,2020,Petrolifero,Pequeno Generador,"Baterias, pilas y balastras","Baterias, pilas y balastras",0.4
Jalisco,Sin Dato,2020,Petrolifero,Pequeno Generador,"Gasollina, diésel y naftas gastados","Gasollina, diésel y naftas gastados",4.12
Jalisco,Sin Dato,2020,Petrolifero,Pequeno Generador,Lámparas fluorescentes y de vapor de mercurio,Lámparas fluorescentes y de vapor de mercurio,0.4084
Jalisco,Sin Dato,2020,Petrolifero,Pequeno Generador,Lodos,Lodos aceitosos,20.146
Jalisco,Sin Dato,2020,Petrolifero,Pequeno Generador,Natas de pintura,Natas de pintura,0.1
Jalisco,Sin Dato,2020,Petrolifero,Pequeno Generador,Residuos sólidos,"Estopa, trapo, plásticos, cartón, madera, brochas, papel, cepillo, etc., impregnados con pinturas, grasas, aceites, hidrocarburos",23.57579
Jalisco,Sin Dato,2021,Petrolero,Pequeno Generador,Aceites gastados,Lubricantes,4.1
Jalisco,Sin Dato,2021,Petrolero,Pequeno Generador,Anticongelante,"De mantenimiento automotríz, mantenimiento a maquinaria o equipos",0.11
Jalisco,Sin Dato,2021,Petrolero,Pequeno Generador,Residuos solidos,Otros solidos,0.5
Jalisco,Sin Dato,2021,Petrolero,Pequeno Generador,Residuos solidos,Otros solidos,0.5
Jalisco,Sin Dato,2021,Petrolifero,Microgenerador,Aceites gastados,hidraulicos,0.03
Jalisco,Sin Dato,2021,Petrolifero,Microgenerador,Aceites gastados,Lubricantes,0.24
Jalisco,Sin Dato,2021,Petrolifero,Microgenerador,"baterias, celdas y pilas","Baterias, pilas y balastras",0.01
Jalisco,Sin Dato,2021,Petrolifero,Microgenerador,"Gasolina, diésel y naftas gastados o sucios provenientes de estaciones de servicio y talleres automotrices","Gasolina, diesel y naftas gastados o sucios",0.48
Jalisco,Sin Dato,2021,Petrolifero,Microgenerador,Liquidos de proceso,Liquidos residuales de proceso,0.07
Jalisco,Sin Dato,2021,Petrolifero,Microgenerador,Residuos solidos,"Lámparas fluorescentes, lámparas de vapor de mercurio",0.13
Jalisco,Sin Dato,2021,Petrolifero,Microgenerador,Residuos solidos,No especificado,2.23
Jalisco,Sin Dato,2021,Petrolifero,Microgenerador,Solventes,Solventes orgánicos usados,0.04
Jalisco,Sin Dato,2021,Petrolifero,Microgenerador,Lodos,Otros lodos,1.69
Jalisco,Sin Dato,2021,Petrolifero,Pequeno Generador,Aceites gastados,hidraulicos,0.66
Jalisco,Sin Dato,2021,Petrolifero,Pequeno Generador,Aceites gastados,Lubricantes,14.83
Jalisco,Sin Dato,2021,Petrolifero,Pequeno Generador,"baterias, celdas y pilas","Baterias, pilas y balastras",0.4
Jalisco,Sin Dato,2021,Petrolifero,Pequeno Generador,"Gasolina, diésel y naftas gastados o sucios provenientes de estaciones de servicio y talleres automotrices","Gasolina, diesel y naftas gastados o sucios",4.12
Jalisco,Sin Dato,2021,Petrolifero,Pequeno Generador,Otros,"Agua oleosa, agua contaminada",121.64
Jalisco,Sin Dato,2021,Petrolifero,Pequeno Generador,Pinturas y productos relacionados,"Residuos de pinturas, pinturas caducadas",0.1
Jalisco,Sin Dato,2021,Petrolifero,Pequeno Generador,Residuos solidos,"Estopa, trapo, plásticos, cartón, madera, brochas, papel, cepillo, etc., impregnados con pinturas, grasas, aceites, hidrocarburos",23.58
Jalisco,Sin Dato,2021,Petrolifero,Pequeno Generador,Residuos solidos,"Lámparas fluorescentes, lámparas de vapor de mercurio",0.41
Jalisco,Sin Dato,2021,Petrolifero,Pequeno Generador,Lodos,Lodos aceitosos,20.15
Jalisco,Atotonilco el Alto,2022,Petrolífero,Microgenerador,Aceites gastados,Lubricantes,0.01
Jalisco,Atotonilco el Alto,2022,Petrolífero,Microgenerador,Otros,Otros residuos,0
Jalisco,Atotonilco el Alto,2022,Petrolífero,Microgenerador,Residuos sólidos,Otros sólidos,0
Jalisco,Atotonilco el Alto,2022,Petrolífero,Microgenerador,Residuos sólidos,Otros sólidos,0.01
Jalisco,Atotonilco el Alto,2022,Petrolífero,Microgenerador,Residuos sólidos,Otros sólidos,0.01
Jalisco,Guadalajara,2022,Petrolífero,Pequeño Generador,Aceites gastados,Lubricantes,0.15
Jalisco,Guadalajara,2022,Petrolífero,Pequeño Generador,"Gasolina, diésel y naftas gastados o sucios provenientes de estaciones de servicio y talleres automotrices","Gasolina, diesel y naftas gastados o sucios",0.1
Jalisco,Guadalajara,2022,Petrolífero,Pequeño Generador,Lodos,Lodos aceitosos,0.8
Jalisco,Guadalajara,2022,Petrolífero,Pequeño Generador,Residuos sólidos,"Estopa, trapo, plásticos, cartón, madera, brochas, papel, cepillo, etc., impregnados con pinturas, grasas, aceites, hidrocarburos",0.4
Jalisco,Ixtlahuacán de los Membrillos,2022,Petrolero,Pequeño Generador,Aceites gastados,Lubricantes,0.5
Jalisco,Ixtlahuacán de los Membrillos,2022,Petrolero,Pequeño Generador,Otros,Otros residuos,1
Jalisco,Ixtlahuacán de los Membrillos,2022,Petrolero,Pequeño Generador,Residuos sólidos,Otros sólidos,3
Jalisco,Ixtlahuacán de los Membrillos,2022,Petrolero,Pequeño Generador,Residuos sólidos,Otros sólidos,1.5
Jalisco,Ixtlahuacán de los Membrillos,2022,Petrolero,Pequeño Generador,Residuos sólidos,Otros sólidos,2
Jalisco,Jocotepec,2022,Petrolero,Microgenerador,Aceites gastados,Lubricantes,0.01
Jalisco,Jocotepec,2022,Petrolero,Microgenerador,Otros,Otros residuos,0
Jalisco,Jocotepec,2022,Petrolero,Microgenerador,Residuos sólidos,Otros sólidos,0
Jalisco,Jocotepec,2022,Petrolero,Microgenerador,Residuos sólidos,Otros sólidos,0.01
Jalisco,Jocotepec,2022,Petrolero,Microgenerador,Residuos sólidos,Otros sólidos,0.01
Jalisco,Lagos de Moreno,2022,Petrolero,Microgenerador,Aceites gastados,Lubricantes,0.01
Jalisco,Lagos de Moreno,2022,Petrolero,Microgenerador,Lodos,Lodos aceitosos,0.1
Jalisco,Lagos de Moreno,2022,Petrolero,Microgenerador,Otros,Otros residuos,0
Jalisco,Lagos de Moreno,2022,Petrolero,Microgenerador,Residuos sólidos,"Estopa, trapo, plásticos, cartón, madera, brochas, papel, cepillo, etc., impregnados con pinturas, grasas, aceites, hidrocarburos",0.28
Jalisco,Lagos de Moreno,2022,Petrolero,Microgenerador,Residuos sólidos,Otros sólidos,0
Jalisco,Lagos de Moreno,2022,Petrolero,Microgenerador,Residuos sólidos,Otros sólidos,0.01
Jalisco,Lagos de Moreno,2022,Petrolero,Microgenerador,Residuos sólidos,Otros sólidos,0.01
Jalisco,Ocotlán,2022,Petrolero,Microgenerador,Aceites gastados,Lubricantes,0.01
Jalisco,Ocotlán,2022,Petrolero,Microgenerador,Otros,Otros residuos,0
Jalisco,Ocotlán,2022,Petrolero,Microgenerador,Residuos sólidos,Otros sólidos,0
Jalisco,Ocotlán,2022,Petrolero,Microgenerador,Residuos sólidos,Otros sólidos,0.01
Jalisco,Ocotlán,2022,Petrolero,Microgenerador,Residuos sólidos,Otros sólidos,0.01
Jalisco,El Salto,2022,Petrolero,Pequeño Generador,Aceites gastados,Lubricantes,5
Jalisco,El Salto,2022,Petrolero,Pequeño Generador,Otros,Otros residuos,0.05
Jalisco,El Salto,2022,Petrolero,Pequeño Generador,Otros,Otros residuos,4.13
Jalisco,El Salto,2022,Petrolero,Pequeño Generador,Residuos sólidos,Otros sólidos,0.1
Jalisco,San Miguel El Alto,2022,Petrolero,Microgenerador,Aceites gastados,Lubricantes,0.02
Jalisco,San Miguel El Alto,2022,Petrolero,Microgenerador,Agua contaminada,"Agua contaminada con hidrocarburos, combustibles, aceite o grasa",0.02
Jalisco,San Miguel El Alto,2022,Petrolero,Microgenerador,"Baterías, celdas y pilas","Baterias, pilas y balastras",0.08
Jalisco,San Miguel El Alto,2022,Petrolero,Microgenerador,Lodos,Lodos aceitosos,0.01
Jalisco,San Miguel El Alto,2022,Petrolero,Microgenerador,Residuos sólidos,"Estopa, trapo, plásticos, cartón, madera, brochas, papel, cepillo, etc., impregnados con pinturas, grasas, aceites, hidrocarburos",0.24
Jalisco,San Miguel El Alto,2022,Petrolero,Microgenerador,Residuos sólidos,"Lámparas fluorescentes, lámparas de vapor de mercurio",0
Jalisco,Tecolotlán,2022,Petrolero,Microgenerador,Lodos,Lodos aceitosos,0.24
Jalisco,Tecolotlán,2022,Petrolero,Microgenerador,Residuos sólidos,"Estopa, trapo, plásticos, cartón, madera, brochas, papel, cepillo, etc., impregnados con pinturas, grasas, aceites, hidrocarburos",0.1
Jalisco,Teocaltiche,2022,Petrolero,Microgenerador,Aceites gastados,Lubricantes,0.06
Jalisco,Teocaltiche,2022,Petrolero,Microgenerador,"Gasolina, diésel y naftas gastados o sucios provenientes de estaciones de servicio y talleres automotrices","Gasolina, diesel y naftas gastados o sucios",0.08
Jalisco,Teocaltiche,2022,Petrolero,Microgenerador,Lodos,Lodos aceitosos,0.08
Jalisco,Teocaltiche,2022,Petrolero,Microgenerador,Residuos sólidos,"Estopa, trapo, plásticos, cartón, madera, brochas, papel, cepillo, etc., impregnados con pinturas, grasas, aceites, hidrocarburos",0.08
Jalisco,Tepatitlán de Morelos,2022,Petrolero,Pequeño Generador,Aceites gastados,Lubricantes,0.01
Jalisco,Tepatitlán de Morelos,2022,Petrolero,Pequeño Generador,Lodos,Lodos aceitosos,2.05
Jalisco,Tepatitlán de Morelos,2022,Petrolero,Pequeño Generador,Residuos sólidos,"Estopa, trapo, plásticos, cartón, madera, brochas, papel, cepillo, etc., impregnados con pinturas, grasas, aceites, hidrocarburos",0.8
Jalisco,Tonalá,2022,Petrolero,Microgenerador,Lodos,Lodos aceitosos,0.13
Jalisco,Tonalá,2022,Petrolero,Microgenerador,Residuos sólidos,"Estopa, trapo, plásticos, cartón, madera, brochas, papel, cepillo, etc., impregnados con pinturas, grasas, aceites, hidrocarburos",0.17
Jalisco,Tonalá,2022,Petrolero,Pequeño Generador,"Baterías, celdas y pilas","Baterias, pilas y balastras",0
Jalisco,Tonalá,2022,Petrolero,Pequeño Generador,"Gasolina, diésel y naftas gastados o sucios provenientes de estaciones de servicio y talleres automotrices","Gasolina, diesel y naftas gastados o sucios",0.01
Jalisco,Tonalá,2022,Petrolero,Pequeño Generador,Lodos,Lodos aceitosos,0.8
Jalisco,Tonalá,2022,Petrolero,Pequeño Generador,Residuos sólidos,"Estopa, trapo, plásticos, cartón, madera, brochas, papel, cepillo, etc., impregnados con pinturas, grasas, aceites, hidrocarburos",0.05
Jalisco,Tonalá,2022,Petrolero,Pequeño Generador,Residuos sólidos,"Lámparas fluorescentes, lámparas de vapor de mercurio",0
Jalisco,Zapopan,2022,Petrolero,Pequeño Generador,Residuos sólidos,"Estopa, trapo, plásticos, cartón, madera, brochas, papel, cepillo, etc., impregnados con pinturas, grasas, aceites, hidrocarburos",0.8
Jalisco,Zapotlanejo,2022,Petrolero,Microgenerador,Aceites gastados,Lubricantes,0.01
Jalisco,Zapotlanejo,2022,Petrolero,Microgenerador,Aceites gastados,Lubricantes,0.13
Jalisco,Zapotlanejo,2022,Petrolero,Microgenerador,Lodos,Lodos aceitosos,0.36
Jalisco,Zapotlanejo,2022,Petrolero,Microgenerador,Otros,Otros residuos,0
Jalisco,Zapotlanejo,2022,Petrolero,Microgenerador,Residuos sólidos,"Estopa, trapo, plásticos, cartón, madera, brochas, papel, cepillo, etc., impregnados con pinturas, grasas, aceites, hidrocarburos",0.25
Jalisco,Zapotlanejo,2022,Petrolero,Microgenerador,Residuos sólidos,"Lámparas fluorescentes, lámparas de vapor de mercurio",0.03
Jalisco,Zapotlanejo,2022,Petrolero,Microgenerador,Residuos sólidos,Otros sólidos,0
Jalisco,Zapotlanejo,2022,Petrolero,Microgenerador,Residuos sólidos,Otros sólidos,0.01
Jalisco,Zapotlanejo,2022,Petrolero,Microgenerador,Residuos sólidos,Otros sólidos,0.01
Jalisco,Acatlán de Juárez,2023,Petrolífero,Microgenerador,Aceites gastados,Lubricantes,0.04
Jalisco,Acatlán de Juárez,2023,Petrolífero,Microgenerador,Lodos,Lodos aceitosos,0.19
Jalisco,Acatlán de Juárez,2023,Petrolífero,Microgenerador,Residuos sólidos,"Estopa, trapo, plásticos, cartón, madera, brochas, papel, cepillo, etc., impregnados con pinturas, grasas, aceites, hidrocarburos",0.05
Jalisco,Acatlán de Juárez,2023,Petrolífero,Microgenerador,Residuos sólidos,"Lámparas fluorescentes, lámparas de vapor de mercurio",0.03
Jalisco,Atotonilco el Alto,2023,Petrolífero,Microgenerador,Lodos,Lodos aceitosos,0.18
Jalisco,Atotonilco el Alto,2023,Petrolífero,Microgenerador,Residuos sólidos,"Estopa, trapo, plásticos, cartón, madera, brochas, papel, cepillo, etc., impregnados con pinturas, grasas, aceites, hidrocarburos",0.1
Jalisco,Cabo Corrientes,2023,Petrolífero,Microgenerador,Aceites gastados,Lubricantes,0.05
Jalisco,Cabo Corrientes,2023,Petrolífero,Microgenerador,Lodos,Lodos aceitosos,0.14
Jalisco,Cabo Corrientes,2023,Petrolífero,Microgenerador,Residuos sólidos,"Estopa, trapo, plásticos, cartón, madera, brochas, papel, cepillo, etc., impregnados con pinturas, grasas, aceites, hidrocarburos",0.06
Jalisco,Cabo Corrientes,2023,Petrolífero,Microgenerador,Residuos sólidos,"Lámparas fluorescentes, lámparas de vapor de mercurio",0.03
Jalisco,Zapotlán el Grande,2023,Petrolífero,Microgenerador,Aceites gastados,Lubricantes,0.01
Jalisco,Zapotlán el Grande,2023,Petrolífero,Microgenerador,"Baterías, celdas y pilas","Baterias, pilas y balastras",0
Jalisco,Zapotlán el Grande,2023,Petrolífero,Microgenerador,Lodos,Lodos aceitosos,0.07
Jalisco,Zapotlán el Grande,2023,Petrolífero,Microgenerador,Residuos sólidos,"Estopa, trapo, plásticos, cartón, madera, brochas, papel, cepillo, etc., impregnados con pinturas, grasas, aceites, hidrocarburos",0.05
Jalisco,Zapotlán el Grande,2023,Petrolífero,Pequeño Generador,Agua contaminada,"Agua contaminada con hidrocarburos, combustibles, aceite o grasa",0.4
Jalisco,Zapotlán el Grande,2023,Petrolífero,Pequeño Generador,Lodos,Lodos aceitosos,1.4
Jalisco,Zapotlán el Grande,2023,Petrolífero,Pequeño Generador,Residuos sólidos,"Estopa, trapo, plásticos, cartón, madera, brochas, papel, cepillo, etc., impregnados con pinturas, grasas, aceites, hidrocarburos",0.4
Jalisco,Chapala,2023,Petrolífero,Pequeño Generador,Aceites gastados,Lubricantes,0.01
Jalisco,Chapala,2023,Petrolífero,Pequeño Generador,"Baterías, celdas y pilas","Baterias, pilas y balastras",0
Jalisco,Chapala,2023,Petrolífero,Pequeño Generador,Lodos,Lodos aceitosos,0.18
Jalisco,Chapala,2023,Petrolífero,Pequeño Generador,Residuos sólidos,"Estopa, trapo, plásticos, cartón, madera, brochas, papel, cepillo, etc., impregnados con pinturas, grasas, aceites, hidrocarburos",0.43
Jalisco,Chapala,2023,Petrolífero,Pequeño Generador,Residuos sólidos,"Lámparas fluorescentes, lámparas de vapor de mercurio",0.01
Jalisco,Encarnación de Díaz,2023,Petrolífero,Microgenerador,Aceites gastados,Lubricantes,0.29
Jalisco,Encarnación de Díaz,2023,Petrolífero,Microgenerador,Residuos sólidos,"Estopa, trapo, plásticos, cartón, madera, brochas, papel, cepillo, etc., impregnados con pinturas, grasas, aceites, hidrocarburos",0.03
Jalisco,Guadalajara,2023,Petrolífero,Microgenerador,Aceites gastados,Lubricantes,0.32
Jalisco,Guadalajara,2023,Petrolífero,Microgenerador,Lodos,Lodos aceitosos,0.39
Jalisco,Guadalajara,2023,Petrolífero,Microgenerador,Residuos sólidos,"Estopa, trapo, plásticos, cartón, madera, brochas, papel, cepillo, etc., impregnados con pinturas, grasas, aceites, hidrocarburos",0.36
Jalisco,Guadalajara,2023,Petrolífero,Microgenerador,Residuos sólidos,"Lámparas fluorescentes, lámparas de vapor de mercurio",0.02
Jalisco,Guadalajara,2023,Petrolífero,Pequeño Generador,Aceites gastados,Lubricantes,0.01
Jalisco,Guadalajara,2023,Petrolífero,Pequeño Generador,Lodos,Lodos aceitosos,1.1
Jalisco,Guadalajara,2023,Petrolífero,Pequeño Generador,Residuos sólidos,"Estopa, trapo, plásticos, cartón, madera, brochas, papel, cepillo, etc., impregnados con pinturas, grasas, aceites, hidrocarburos",1.38
Jalisco,Guadalajara,2023,Petrolífero,Pequeño Generador,Residuos sólidos,"Lámparas fluorescentes, lámparas de vapor de mercurio",0
Jalisco,Ixtlahuacán del Río,2023,Petrolífero,Pequeño Generador,Aceites gastados,Lubricantes,0.01
Jalisco,Ixtlahuacán del Río,2023,Petrolífero,Pequeño Generador,Lodos,Lodos aceitosos,0.55
Jalisco,Ixtlahuacán del Río,2023,Petrolífero,Pequeño Generador,Residuos sólidos,"Estopa, trapo, plásticos, cartón, madera, brochas, papel, cepillo, etc., impregnados con pinturas, grasas, aceites, hidrocarburos",0.25
Jalisco,Ocotlán,2023,Petrolífero,Pequeño Generador,Lodos,Lodos aceitosos,1.96
Jalisco,Ocotlán,2023,Petrolífero,Pequeño Generador,Residuos sólidos,"Estopa, trapo, plásticos, cartón, madera, brochas, papel, cepillo, etc., impregnados con pinturas, grasas, aceites, hidrocarburos",0.8
Jalisco,Puerto Vallarta,2023,Petrolífero,Microgenerador,Aceites gastados,Lubricantes,0
Jalisco,Puerto Vallarta,2023,Petrolífero,Microgenerador,"Gasolina, diésel y naftas gastados o sucios provenientes de estaciones de servicio y talleres automotrices","Gasolina, diesel y naftas gastados o sucios",0.1
Jalisco,Puerto Vallarta,2023,Petrolífero,Microgenerador,Lodos,Lodos aceitosos,0.2
Jalisco,Puerto Vallarta,2023,Petrolífero,Microgenerador,Residuos sólidos,"Estopa, trapo, plásticos, cartón, madera, brochas, papel, cepillo, etc., impregnados con pinturas, grasas, aceites, hidrocarburos",0
Jalisco,El Salto,2023,Petrolífero,Pequeño Generador,Residuos sólidos,"Estopa, trapo, plásticos, cartón, madera, brochas, papel, cepillo, etc., impregnados con pinturas, grasas, aceites, hidrocarburos",1.03
Jalisco,El Salto,2023,Petrolífero,Pequeño Generador,Residuos sólidos,"Estopa, trapo, plásticos, cartón, madera, brochas, papel, cepillo, etc., impregnados con pinturas, grasas, aceites, hidrocarburos",0.81
Jalisco,El Salto,2023,Petrolífero,Pequeño Generador,Residuos sólidos,"Estopa, trapo, plásticos, cartón, madera, brochas, papel, cepillo, etc., impregnados con pinturas, grasas, aceites, hidrocarburos",0.38
Jalisco,Sayula,2023,Petrolífero,Pequeño Generador,Lodos,Lodos aceitosos,1.98
Jalisco,Sayula,2023,Petrolífero,Pequeño Generador,Residuos sólidos,"Estopa, trapo, plásticos, cartón, madera, brochas, papel, cepillo, etc., impregnados con pinturas, grasas, aceites, hidrocarburos",0.8
Jalisco,Tlajomulco de Zúñiga,2023,Petrolífero,Microgenerador,Aceites gastados,Lubricantes,0.27
Jalisco,Tlajomulco de Zúñiga,2023,Petrolífero,Microgenerador,Lodos,Lodos aceitosos,1
Jalisco,Tlajomulco de Zúñiga,2023,Petrolífero,Microgenerador,Residuos sólidos,"Estopa, trapo, plásticos, cartón, madera, brochas, papel, cepillo, etc., impregnados con pinturas, grasas, aceites, hidrocarburos",0.41
Jalisco,Tlajomulco de Zúñiga,2023,Petrolífero,Microgenerador,Residuos sólidos,"Lámparas fluorescentes, lámparas de vapor de mercurio",0.24
Jalisco,Tlajomulco de Zúñiga,2023,Petrolífero,Pequeño Generador,Aceites gastados,Hidráulicos,0.03
Jalisco,Tlajomulco de Zúñiga,2023,Petrolífero,Pequeño Generador,Aceites gastados,Lubricantes,0.6
Jalisco,Tlajomulco de Zúñiga,2023,Petrolífero,Pequeño Generador,Agua contaminada,"Agua contaminada con hidrocarburos, combustibles, aceite o grasa",2.6
Jalisco,Tlajomulco de Zúñiga,2023,Petrolífero,Pequeño Generador,"Gasolina, diésel y naftas gastados o sucios provenientes de estaciones de servicio y talleres automotrices","Gasolina, diesel y naftas gastados o sucios",0.08
Jalisco,Tlajomulco de Zúñiga,2023,Petrolífero,Pequeño Generador,Lodos,Lodos aceitosos,1.02
Jalisco,Tlajomulco de Zúñiga,2023,Petrolífero,Pequeño Generador,Residuos sólidos,"Estopa, trapo, plásticos, cartón, madera, brochas, papel, cepillo, etc., impregnados con pinturas, grasas, aceites, hidrocarburos",0.96
Jalisco,San Pedro Tlaquepaque,2023,Petrolífero,Microgenerador,Aceites gastados,Lubricantes,0.29
Jalisco,San Pedro Tlaquepaque,2023,Petrolífero,Microgenerador,Agua contaminada,"Agua contaminada con hidrocarburos, combustibles, aceite o grasa",0.05
Jalisco,San Pedro Tlaquepaque,2023,Petrolífero,Microgenerador,Lodos,Lodos aceitosos,0.91
Jalisco,San Pedro Tlaquepaque,2023,Petrolífero,Microgenerador,Residuos sólidos,"Estopa, trapo, plásticos, cartón, madera, brochas, papel, cepillo, etc., impregnados con pinturas, grasas, aceites, hidrocarburos",0.55
Jalisco,San Pedro Tlaquepaque,2023,Petrolífero,Microgenerador,Residuos sólidos,"Lámparas fluorescentes, lámparas de vapor de mercurio",0.15
Jalisco,San Pedro Tlaquepaque,2023,Petrolífero,Pequeño Generador,Aceites gastados,Lubricantes,0.76
Jalisco,San Pedro Tlaquepaque,2023,Petrolífero,Pequeño Generador,"Gasolina, diésel y naftas gastados o sucios provenientes de estaciones de servicio y talleres automotrices","Gasolina, diesel y naftas gastados o sucios",0.67
Jalisco,San Pedro Tlaquepaque,2023,Petrolífero,Pequeño Generador,Residuos sólidos,"Estopa, trapo, plásticos, cartón, madera, brochas, papel, cepillo, etc., impregnados con pinturas, grasas, aceites, hidrocarburos",0.67
Jalisco,Zapopan,2023,Petrolífero,Microgenerador,Aceites gastados,Lubricantes,0.12
Jalisco,Zapopan,2023,Petrolífero,Microgenerador,Lodos,Lodos aceitosos,0.18
Jalisco,Zapopan,2023,Petrolífero,Microgenerador,Residuos sólidos,"Estopa, trapo, plásticos, cartón, madera, brochas, papel, cepillo, etc., impregnados con pinturas, grasas, aceites, hidrocarburos",0.16
Jalisco,Zapopan,2023,Petrolífero,Microgenerador,Residuos sólidos,"Lámparas fluorescentes, lámparas de vapor de mercurio",0.03
Jalisco,Zapopan,2023,Petrolífero,Pequeño Generador,Lodos,Lodos aceitosos,0.4
Jalisco,Zapopan,2023,Petrolífero,Pequeño Generador,Residuos sólidos,"Estopa, trapo, plásticos, cartón, madera, brochas, papel, cepillo, etc., impregnados con pinturas, grasas, aceites, hidrocarburos",0.35
Jalisco,Zapotlanejo,2023,Petrolífero,Pequeño Generador,Lodos,Lodos aceitosos,0.7
Jalisco,Zapotlanejo,2023,Petrolífero,Pequeño Generador,Residuos sólidos,"Estopa, trapo, plásticos, cartón, madera, brochas, papel, cepillo, etc., impregnados con pinturas, grasas, aceites, hidrocarburos",0.3
Jalisco,Ahualulco de Mercado,2024,Petrolífero,Microgenerador,Aceites gastados,Lubricantes,0.08
Jalisco,Ahualulco de Mercado,2024,Petrolífero,Microgenerador,Lodos,Lodos aceitosos,0.18
Jalisco,Ahualulco de Mercado,2024,Petrolífero,Microgenerador,Residuos sólidos,"Estopa, trapo, plásticos, cartón, madera, brochas, papel, cepillo, etc., impregnados con pinturas, grasas, aceites, hidrocarburos",0.1
Jalisco,Ahualulco de Mercado,2024,Petrolífero,Microgenerador,Residuos sólidos,"Lámparas fluorescentes, lámparas de vapor de mercurio",0.02
Jalisco,Autlán de Navarro,2024,Petrolífero,Microgenerador,Aceites gastados,Lubricantes,0.09
Jalisco,Autlán de Navarro,2024,Petrolífero,Microgenerador,Lodos,Lodos aceitosos,0.09
Jalisco,Autlán de Navarro,2024,Petrolífero,Microgenerador,Residuos sólidos,"Estopa, trapo, plásticos, cartón, madera, brochas, papel, cepillo, etc., impregnados con pinturas, grasas, aceites, hidrocarburos",0.11
Jalisco,Ayotlán,2024,Petrolífero,Pequeño Generador,Lodos,Lodos aceitosos,0.8
Jalisco,Ayotlán,2024,Petrolífero,Pequeño Generador,Residuos sólidos,"Estopa, trapo, plásticos, cartón, madera, brochas, papel, cepillo, etc., impregnados con pinturas, grasas, aceites, hidrocarburos",0.5
Jalisco,Etzatlán,2024,Petrolífero,Microgenerador,Aceites gastados,Lubricantes,0.07
Jalisco,Etzatlán,2024,Petrolífero,Microgenerador,Lodos,Lodos aceitosos,0.14
Jalisco,Etzatlán,2024,Petrolífero,Microgenerador,Residuos sólidos,"Estopa, trapo, plásticos, cartón, madera, brochas, papel, cepillo, etc., impregnados con pinturas, grasas, aceites, hidrocarburos",0.11
Jalisco,Etzatlán,2024,Petrolífero,Microgenerador,Residuos sólidos,"Lámparas fluorescentes, lámparas de vapor de mercurio",0.02
Jalisco,Guadalajara,2024,Petrolífero,Pequeño Generador,Lodos,Lodos aceitosos,0.6
Jalisco,Guadalajara,2024,Petrolífero,Pequeño Generador,Residuos sólidos,"Estopa, trapo, plásticos, cartón, madera, brochas, papel, cepillo, etc., impregnados con pinturas, grasas, aceites, hidrocarburos",0.24
Jalisco,Hostotipaquillo,2024,Petrolífero,Pequeño Generador,Lodos,Lodos aceitosos,0.48
Jalisco,Hostotipaquillo,2024,Petrolífero,Pequeño Generador,Residuos sólidos,"Estopa, trapo, plásticos, cartón, madera, brochas, papel, cepillo, etc., impregnados con pinturas, grasas, aceites, hidrocarburos",0
Jalisco,Jalostotitlán,2024,Petrolífero,Microgenerador,Aceites gastados,Hidráulicos,0.03
Jalisco,Jalostotitlán,2024,Petrolífero,Microgenerador,Lodos,Lodos aceitosos,0.11
Jalisco,Jalostotitlán,2024,Petrolífero,Microgenerador,Residuos sólidos,"Estopa, trapo, plásticos, cartón, madera, brochas, papel, cepillo, etc., impregnados con pinturas, grasas, aceites, hidrocarburos",0.1
Jalisco,Lagos de Moreno,2024,Petrolífero,Microgenerador,Aceites gastados,Lubricantes,0
Jalisco,Lagos de Moreno,2024,Petrolífero,Microgenerador,Residuos sólidos,"Estopa, trapo, plásticos, cartón, madera, brochas, papel, cepillo, etc., impregnados con pinturas, grasas, aceites, hidrocarburos",0.01
Jalisco,Lagos de Moreno,2024,Petrolífero,Pequeño Generador,Aceites gastados,Lubricantes,1.22
Jalisco,Lagos de Moreno,2024,Petrolífero,Pequeño Generador,Residuos sólidos,"Estopa, trapo, plásticos, cartón, madera, brochas, papel, cepillo, etc., impregnados con pinturas, grasas, aceites, hidrocarburos",1.65
Jalisco,El Salto,2024,Petrolífero,Pequeño Generador,Aceites gastados,Hidráulicos,1
Jalisco,El Salto,2024,Petrolífero,Pequeño Generador,Residuos sólidos,"Estopa, trapo, plásticos, cartón, madera, brochas, papel, cepillo, etc., impregnados con pinturas, grasas, aceites, hidrocarburos",1
Jalisco,San Cristóbal de La Barranca,2024,Petrolífero,Microgenerador,Lodos,Lodos aceitosos,0.08
Jalisco,San Cristóbal de La Barranca,2024,Petrolífero,Microgenerador,Residuos sólidos,"Estopa, trapo, plásticos, cartón, madera, brochas, papel, cepillo, etc., impregnados con pinturas, grasas, aceites, hidrocarburos",0.15
Jalisco,Talpa de Allende,2024,Petrolífero,Microgenerador,Lodos,Lodos aceitosos,0.18
Jalisco,Talpa de Allende,2024,Petrolífero,Microgenerador,Residuos sólidos,"Estopa, trapo, plásticos, cartón, madera, brochas, papel, cepillo, etc., impregnados con pinturas, grasas, aceites, hidrocarburos",0.09
Jalisco,Tlajomulco de Zúñiga,2024,Petrolífero,Microgenerador,Aceites gastados,Lubricantes,0.22
Jalisco,Tlajomulco de Zúñiga,2024,Petrolífero,Microgenerador,Lodos,Lodos aceitosos,0.5
Jalisco,Tlajomulco de Zúñiga,2024,Petrolífero,Microgenerador,Residuos sólidos,"Estopa, trapo, plásticos, cartón, madera, brochas, papel, cepillo, etc., impregnados con pinturas, grasas, aceites, hidrocarburos",0.31
Jalisco,Tlajomulco de Zúñiga,2024,Petrolífero,Microgenerador,Residuos sólidos,"Lámparas fluorescentes, lámparas de vapor de mercurio",0.05
Jalisco,San Pedro Tlaquepaque,2024,Petrolífero,Microgenerador,Aceites gastados,Lubricantes,0.05
Jalisco,San Pedro Tlaquepaque,2024,Petrolífero,Microgenerador,Residuos sólidos,"Estopa, trapo, plásticos, cartón, madera, brochas, papel, cepillo, etc., impregnados con pinturas, grasas, aceites, hidrocarburos",0.08
Jalisco,San Pedro Tlaquepaque,2024,Petrolífero,Pequeño Generador,Aceites gastados,Lubricantes,0.05
Jalisco,San Pedro Tlaquepaque,2024,Petrolífero,Pequeño Generador,Agua contaminada,"Agua contaminada con hidrocarburos, combustibles, aceite o grasa",6
Jalisco,San Pedro Tlaquepaque,2024,Petrolífero,Pequeño Generador,"Baterías, celdas, pilas, balastras","Baterias, pilas, acumuladores, balastras",0
Jalisco,San Pedro Tlaquepaque,2024,Petrolífero,Pequeño Generador,Gasolina y otros combustibles,"Gasolina, diesel y naftas gastados o sucios",0.17
Jalisco,San Pedro Tlaquepaque,2024,Petrolífero,Pequeño Generador,Lodos,Lodos aceitosos,1
Jalisco,San Pedro Tlaquepaque,2024,Petrolífero,Pequeño Generador,Residuos sólidos,"Estopa, trapo, plásticos, cartón, madera, brochas, papel, cepillo, etc., impregnados con pinturas, grasas, aceites, hidrocarburos",0.77
Jalisco,San Pedro Tlaquepaque,2024,Petrolífero,Pequeño Generador,Residuos sólidos,"Lámparas fluorescentes, lámparas de vapor de mercurio",0.01
Jalisco,Tonalá,2024,Petrolífero,Microgenerador,Lodos,Lodos aceitosos,0.15
Jalisco,Tonalá,2024,Petrolífero,Microgenerador,Residuos sólidos,"Estopa, trapo, plásticos, cartón, madera, brochas, papel, cepillo, etc., impregnados con pinturas, grasas, aceites, hidrocarburos",0.08
Jalisco,Zapopan,2024,Petrolífero,Microgenerador,Aceites gastados,Lubricantes,0.5
Jalisco,Zapopan,2024,Petrolífero,Microgenerador,Agua contaminada,"Agua contaminada con hidrocarburos, combustibles, aceite o grasa",0.17
Jalisco,Zapopan,2024,Petrolífero,Microgenerador,Lodos,Lodos aceitosos,1.31
Jalisco,Zapopan,2024,Petrolífero,Microgenerador,Residuos sólidos,"Estopa, trapo, plásticos, cartón, madera, brochas, papel, cepillo, etc., impregnados con pinturas, grasas, aceites, hidrocarburos",0.87
Jalisco,Zapopan,2024,Petrolífero,Microgenerador,Residuos sólidos,"Lámparas fluorescentes, lámparas de vapor de mercurio",0.23
Jalisco,Zapopan,2024,Petrolífero,Pequeño Generador,Lodos,Lodos aceitosos,0.5
Jalisco,Zapopan,2024,Petrolífero,Pequeño Generador,Residuos sólidos,"Estopa, trapo, plásticos, cartón, madera, brochas, papel, cepillo, etc., impregnados con pinturas, grasas, aceites, hidrocarburos",0.5
Jalisco,Zapotiltic,2024,Petrolífero,Microgenerador,Residuos sólidos,"Estopa, trapo, plásticos, cartón, madera, brochas, papel, cepillo, etc., impregnados con pinturas, grasas, aceites, hidrocarburos",0.02
Jalisco,Zapotlanejo,2024,Petrolífero,Microgenerador,Aceites gastados,Lubricantes,0.12
Jalisco,Zapotlanejo,2024,Petrolífero,Microgenerador,Lodos,Lodos aceitosos,0.26
Jalisco,Zapotlanejo,2024,Petrolífero,Microgenerador,Residuos sólidos,"Estopa, trapo, plásticos, cartón, madera, brochas, papel, cepillo, etc., impregnados con pinturas, grasas, aceites, hidrocarburos",0.16
Jalisco,Zapotlanejo,2024,Petrolífero,Microgenerador,Residuos sólidos,"Lámparas fluorescentes, lámparas de vapor de mercurio",0.02
México,Sin Dato,2017,Petrolero,Microgenerador,Aceites gastados,Lubricantes,0.43
México,Sin Dato,2017,Petrolero,Microgenerador,"Baterias, celdas y pilas","Pilas, baterias, acumuladores, celdas de desecho: niquel-cadmio, plomo, mercurio",0
México,Sin Dato,2017,Petrolero,Microgenerador,"Gasolina, diesel y naftas gastados o sucios provenientes de estaciónes de servicio y talleres automotrices","Mezclas de combustibles sucios, mezclas de hidrocarburos, naftas",0.3
México,Sin Dato,2017,Petrolero,Microgenerador,Liquidos de proceso,"Agua contaminada con hidrocarburos, combustibles, aceite o grasa",0.12
México,Sin Dato,2017,Petrolero,Microgenerador,Lodos,Lodos procedentes de trampas de grasas e hidrocarburos,0.08
México,Sin Dato,2017,Petrolero,Microgenerador,Lodos,Lodos provenientes de tanques de almacenaniento,1.4
México,Sin Dato,2017,Petrolero,Microgenerador,Lodos aceitosos,"Con contaminacion de hidrocarburos, combustibles, aceite",0.59
México,Sin Dato,2017,Petrolero,Microgenerador,Lodos aceitosos,Lodos procedentes de trampas de grasas e hidrocarburos,5.24
México,Sin Dato,2017,Petrolero,Microgenerador,Lodos aceitosos,Otros lodos,5.78
México,Sin Dato,2017,Petrolero,Microgenerador,Material textil,"Telas, felpas, estopas",0.32
México,Sin Dato,2017,Petrolero,Microgenerador,Residuos solidos,Balastras,0
México,Sin Dato,2017,Petrolero,Microgenerador,Residuos solidos,"Botes o recipientes que contuvieron contaminantes diversos, latas de pintura, aerosoles",3.34
México,Sin Dato,2017,Petrolero,Microgenerador,Residuos solidos,Con metales pesados,0.03
México,Sin Dato,2017,Petrolero,Microgenerador,Residuos solidos,De mantenimiento automotríz,0.1
México,Sin Dato,2017,Petrolero,Microgenerador,Residuos solidos,"Estopa, trapo, plasticos, carton, madera, brochas, papel, cepillo, etc., impregnados con pinturas, grasas, aceites, hidrocarburos",2.41
México,Sin Dato,2017,Petrolero,Microgenerador,Residuos solidos,Lampara fluorescentes,0.1
México,Sin Dato,2017,Petrolero,Microgenerador,Residuos solidos,"Mangueras, pistolas o filtros para despacho de combustibles, descarga de contaminantes",0.02
México,Sin Dato,2017,Petrolero,Microgenerador,Residuos solidos,Otros solidos,0.35
México,Sin Dato,2017,Petrolero,Pequeno Generador,Aceites gastados,Hidraulicos,0.05
México,Sin Dato,2017,Petrolero,Pequeno Generador,Aceites gastados,Lubricantes,17.37
México,Sin Dato,2017,Petrolero,Pequeno Generador,"Baterias, celdas y pilas",No especificado,0.12
México,Sin Dato,2017,Petrolero,Pequeno Generador,"Baterias, celdas y pilas","Pilas, baterias, acumuladores, celdas de desecho: niquel-cadmio, plomo, mercurio",0.3
México,Sin Dato,2017,Petrolero,Pequeno Generador,"Gasolina, diesel y naftas gastados o sucios provenientes de estaciónes de servicio y talleres automotrices","Gasolina, diesel y naftas gastados o sucios provenientes de estaciones de servicio y talleres automotrices",0.35
México,Sin Dato,2017,Petrolero,Pequeno Generador,"Gasolina, diesel y naftas gastados o sucios provenientes de estaciónes de servicio y talleres automotrices","Mezclas de combustibles sucios, mezclas de hidrocarburos, naftas",1.09
México,Sin Dato,2017,Petrolero,Pequeno Generador,Liquidos de proceso,"Agua contaminada con hidrocarburos, combustibles, aceite o grasa",1.03
México,Sin Dato,2017,Petrolero,Pequeno Generador,Liquidos de proceso,No corrosivos,0.05
México,Sin Dato,2017,Petrolero,Pequeno Generador,Lodos,Lodos provenientes de tanques de almacenaniento,5.39
México,Sin Dato,2017,Petrolero,Pequeno Generador,Lodos,"Lodos residuales de proceso, de tratamiento de aguas residuales",0.05
México,Sin Dato,2017,Petrolero,Pequeno Generador,Lodos aceitosos,"Con contaminacion de hidrocarburos, combustibles, aceite",2.46
México,Sin Dato,2017,Petrolero,Pequeno Generador,Lodos aceitosos,Lodos procedentes de trampas de grasas e hidrocarburos,9.38
México,Sin Dato,2017,Petrolero,Pequeno Generador,Lodos aceitosos,Otros lodos,16.79
México,Sin Dato,2017,Petrolero,Pequeno Generador,Material textil,"Telas, felpas, estopas",2.1
México,Sin Dato,2017,Petrolero,Pequeno Generador,Residuos solidos,Balastras,0.01
México,Sin Dato,2017,Petrolero,Pequeno Generador,Residuos solidos,"Botes o recipientes que contuvieron contaminantes diversos, latas de pintura, aerosoles",8.92
México,Sin Dato,2017,Petrolero,Pequeno Generador,Residuos solidos,Con metales pesados,0.03
México,Sin Dato,2017,Petrolero,Pequeno Generador,Residuos solidos,De mantenimiento automotríz,1.12
México,Sin Dato,2017,Petrolero,Pequeno Generador,Residuos solidos,"Estopa, trapo, plasticos, carton, madera, brochas, papel, cepillo, etc., impregnados con pinturas, grasas, aceites, hidrocarburos",8.67
México,Sin Dato,2017,Petrolero,Pequeno Generador,Residuos solidos,Lampara fluorescentes,0.16
México,Sin Dato,2017,Petrolero,Pequeno Generador,Residuos solidos,"Mangueras, pistolas o filtros para despacho de combustibles, descarga de contaminantes",0.05
México,Sin Dato,2017,Petrolero,Pequeno Generador,Residuos solidos,No especificado,0.21
México,Sin Dato,2017,Petrolero,Pequeno Generador,Residuos solidos,"Tierra, grava, acerrín impregnados con aceites, grasas e hidrocarburos",0.45
México,Sin Dato,2017,Petrolero,Pequeno Generador,Otros,"Pilas, baterias, focos",0.02
México,Sin Dato,2018,Petrolifero,Microgenerador,Aceites gastados (Hidraulicos),Aceite gastado hidraulico,0.65
México,Sin Dato,2018,Petrolifero,Microgenerador,Aceites gastados (Lubricantes),Aceites gastados lubricantes,0.62
México,Sin Dato,2018,Petrolifero,Microgenerador,Botes de Presurizados,Envases de aerosol,0.17
México,Sin Dato,2018,Petrolifero,Microgenerador,Filtro de aire o aceite contaminados,Filtros de aire usados,0.29
México,Sin Dato,2018,Petrolifero,Microgenerador,"Gasolina, Diesel y Naftas gastados o sucios","Gasolina, Diesel y Naftas gastados o sucios provenientes de Estaciones de Servicio y Talleres Automotrices",0.59
México,Sin Dato,2018,Petrolifero,Microgenerador,Lamparas fluorescentes y de vapor de mercurio,Lamparas fluorescentes y de vapor de mercurio,0.5
México,Sin Dato,2018,Petrolifero,Microgenerador,Liquidos residuales de proceso no corrosivos,Agua con hidrocaruros,0.41
México,Sin Dato,2018,Petrolifero,Microgenerador,Lodos Contaminados con Hidrocarburos,Lodos aceitosos,17.29
México,Sin Dato,2018,Petrolifero,Microgenerador,Pilas o Baterias con Litio o Cadmio,Pilas Niquel-Cadmio,0.04
México,Sin Dato,2018,Petrolifero,Microgenerador,Solidos contaminados con hidrocarburos diversos,"Filtros, mangueras, envases, botes, cubetas, contenedores, trapos, guantes, carton, aserrin, material absorbente,Estopas y trapos impregnados con combustible, Envases vacios impregnados de aceite",9.29
México,Sin Dato,2018,Petrolifero,Microgenerador,Solventes Gastados,Residuos de solventes,0.01
México,Sin Dato,2018,Petrolifero,Pequeno generador,Aceites gastados (Hidraulicos),Aceite gastado hidraulico,7.4
México,Sin Dato,2018,Petrolifero,Pequeno generador,Aceites gastados (Lubricantes),Aceites gastados lubricantes,9.69
México,Sin Dato,2018,Petrolifero,Pequeno generador,Baterias alcalinas,Pilas alcalinas,0.11
México,Sin Dato,2018,Petrolifero,Pequeno generador,Botes de Presurizados,Envases de aerosol,2.1
México,Sin Dato,2018,Petrolifero,Pequeno generador,Residuos de pinturas y esmaltes,Nata de Pintura,1.5
México,Sin Dato,2018,Petrolifero,Pequeno generador,Filtro de aire o aceite contaminados,Filtros de aire usados,0.44
México,Sin Dato,2018,Petrolifero,Pequeno generador,"Gasolina, Diesel y Naftas gastados o sucios","Gasolina, Diesel y Naftas gastados o sucios provenientes de Estaciones de Servicio y Talleres Automotrices",12.92
México,Sin Dato,2018,Petrolifero,Pequeno generador,Lamparas fluorescentes y de vapor de mercurio,Lamparas fluorescentes y de vapor de mercurio,2.46
México,Sin Dato,2018,Petrolifero,Pequeno generador,Liquidos residuales de proceso no corrosivos,Agua con hidrocaruros,54.86
México,Sin Dato,2018,Petrolifero,Pequeno generador,Lodos Contaminados con Hidrocarburos,Lodos aceitosos,109.46
México,Sin Dato,2018,Petrolifero,Pequeno generador,Pilas o Baterias con Litio o Cadmio,Pilas Niquel-Cadmio,0.26
México,Sin Dato,2018,Petrolifero,Pequeno generador,Residuos No Anatomicos,Residuos No Anatomicos,0.1
México,Sin Dato,2018,Petrolifero,Pequeno generador,Residuos punzocortantes,Residuos punzocortantes,0.1
México,Sin Dato,2018,Petrolifero,Pequeno generador,Solidos contaminados con hidrocarburos diversos,"Filtros, mangueras, envases, botes, cubetas, contenedores, trapos, guantes, carton, aserrin, material absorbente,Estopas y trapos impregnados con combustible, Envases vacios impregnados de aceite",104.52
México,Sin Dato,2018,Petrolifero,Pequeno generador,Solventes Gastados,Residuos de solventes,1.92
México,Sin Dato,2018,Petrolero,Microgenerador,Aceites gastados,Aceites gastados lubricantes,0
México,Sin Dato,2018,Petrolero,Microgenerador,Pinturas y productos relacionados,Felpas impregnadas de pigmentos de cromo y plomo,0
México,Sin Dato,2018,Petrolero,Microgenerador,Pinturas y productos relacionados,Residuos de pigmentos base cromo y base plomo,0
México,Sin Dato,2018,Petrolero,Microgenerador,Solidos,Solidos con metales pesados,0
México,Sin Dato,2018,Petrolero,Microgenerador,Solidos,Solidos de mantenimiento automotriz,0.01
México,Sin Dato,2018,Petrolero,Microgenerador,Solidos,Solidos otros,0.01
México,Sin Dato,2018,Petrolero,Gran generador,Aceites gastados,Aceites gastados lubricantes,3
México,Sin Dato,2018,Petrolero,Gran generador,Biologico- Infecciosos,Biologico- infecciosos objetos punzocortantes / biologico- infecciosos residuos no anatomicos,0.03
México,Sin Dato,2018,Petrolero,Gran generador,Solidos,Solidos de mantenimiento automotriz,0.5
México,Sin Dato,2018,Petrolero,Gran generador,Solidos,Solidos otros,23.5
México,Sin Dato,2018,Petrolero,Gran generador,Solventes,Solventes organicos,0.2
México,Sin Dato,2018,Petrolero,Gran generador,Sustancias corrosivas,Sustancias corrosivas acidos,0.4
México,Sin Dato,2021,Petrolifero,Microgenerador,Aceites gastados,hidraulicos,0.38
México,Sin Dato,2021,Petrolifero,Microgenerador,Aceites gastados,Lubricantes,0.18
México,Sin Dato,2021,Petrolifero,Microgenerador,"baterias, celdas y pilas","Baterias, pilas y balastras",0.14
México,Sin Dato,2021,Petrolifero,Microgenerador,"Gasolina, diésel y naftas gastados o sucios provenientes de estaciones de servicio y talleres automotrices","Gasolina, diesel y naftas gastados o sucios",0.48
México,Sin Dato,2021,Petrolifero,Microgenerador,Otros,"Agua oleosa, agua contaminada",0.16
México,Sin Dato,2021,Petrolifero,Microgenerador,Residuos solidos,"Estopa, trapo, plásticos, cartón, madera, brochas, papel, cepillo, etc., impregnados con pinturas, grasas, aceites, hidrocarburos",11.91
México,Sin Dato,2021,Petrolifero,Microgenerador,Solventes,Solventes orgánicos usados,0.01
México,Sin Dato,2021,Petrolifero,Microgenerador,Lodos,Lodos aceitosos,8.18
México,Sin Dato,2021,Petrolifero,Pequeno Generador,Aceites gastados,Lubricantes,1.73
México,Sin Dato,2021,Petrolifero,Pequeno Generador,"Gasolina, diésel y naftas gastados o sucios provenientes de estaciones de servicio y talleres automotrices","Gasolina, diesel y naftas gastados o sucios",0.98
México,Sin Dato,2021,Petrolifero,Pequeno Generador,Otros,"Agua oleosa, agua contaminada",0.7
México,Sin Dato,2021,Petrolifero,Pequeno Generador,Residuos solidos,"Estopa, trapo, plásticos, cartón, madera, brochas, papel, cepillo, etc., impregnados con pinturas, grasas, aceites, hidrocarburos",35.08
México,Sin Dato,2021,Petrolifero,Pequeno Generador,Residuos solidos,"Lámparas fluorescentes, lámparas de vapor de mercurio",0.04
México,Sin Dato,2021,Petrolifero,Pequeno Generador,Lodos,Lodos aceitosos,74.32
México,Sin Dato,2019,Petrolero,Microgenerador,Aceites gastados,Lubricantes,0
México,Sin Dato,2019,Petrolero,Microgenerador,Pinturas y productos relacionados,"Estopa, trapo, plásticos, cartón, madera, brochas, papel, cepillo, etc., impregnados con pinturas, grasas, aceites, hidrocarburos",0
México,Sin Dato,2019,Petrolero,Microgenerador,Pinturas y productos relacionados,Residuos de pigmentos base cromo y base plomo,0
México,Sin Dato,2019,Petrolero,Microgenerador,Residuos solidos,Con metales pesados,0
México,Sin Dato,2019,Petrolero,Microgenerador,Residuos solidos,De mantenimiento automotríz,0
México,Sin Dato,2019,Petrolero,Microgenerador,Residuos solidos,Filtro de aire o de aceite contaminados,0
México,Sin Dato,2019,Petrolero,Gran Generador,Aceites gastados,Lubricantes,0
México,Sin Dato,2019,Petrolero,Gran Generador,Biológico-infecciosos,Residuos no anatómicos,0
México,Sin Dato,2019,Petrolero,Gran Generador,Residuos solidos,De mantenimiento automotríz,0
México,Sin Dato,2019,Petrolero,Gran Generador,Residuos solidos,Otros solidos,0
México,Sin Dato,2019,Petrolero,Gran Generador,Solventes,Residuos de solventes,0
México,Sin Dato,2019,Petrolero,Gran Generador,Sustancias corrosivas,Ácidos,0
México,Sin Dato,2019,Petrolifero,Microgenerador,Aceites gastados,hidraulicos,0
México,Sin Dato,2019,Petrolifero,Microgenerador,Aceites gastados,Lubricantes,0.1671
México,Sin Dato,2019,Petrolifero,Microgenerador,"Baterias, celdas y pilas",Pilas o baterias de Niquel - Cadmio,0
México,Sin Dato,2019,Petrolifero,Microgenerador,"Gasolina, diesel y naftas gastados o sucios provenientes de estaciónes de servicio y talleres automotrices","Gasolina, diesel y naftas gastados o sucios provenientes de estaciones de servicio y talleres automotrices",0
México,Sin Dato,2019,Petrolifero,Microgenerador,Liquidos de proceso,Liquidos con residuos de hidrocarburos,0
México,Sin Dato,2019,Petrolifero,Microgenerador,Lodos,Lodos aceitosos,2.277374
México,Sin Dato,2019,Petrolifero,Microgenerador,Residuos solidos,"Botes o recipientes que contuvieron contaminantes diversos, latas de pintura, aerosoles",0
México,Sin Dato,2019,Petrolifero,Microgenerador,Residuos solidos,"Estopa, trapo, plásticos, cartón, madera, brochas, papel, cepillo, etc., impregnados con pinturas, grasas, aceites, hidrocarburos",1.526484
México,Sin Dato,2019,Petrolifero,Microgenerador,Residuos solidos,Filtro de aire o de aceite contaminados,0.0144
México,Sin Dato,2019,Petrolifero,Microgenerador,Residuos solidos,Lámpara fluorescentes,0.012
México,Sin Dato,2019,Petrolifero,Microgenerador,Solventes,Residuos de solventes,0.005
México,Sin Dato,2019,Petrolifero,Pequeno Generador,Aceites gastados,hidraulicos,0
México,Sin Dato,2019,Petrolifero,Pequeno Generador,Aceites gastados,Lubricantes,0.3
México,Sin Dato,2019,Petrolifero,Pequeno Generador,"Baterias, celdas y pilas",Pilas alcalinas,0
México,Sin Dato,2019,Petrolifero,Pequeno Generador,"Baterias, celdas y pilas",Pilas o baterias de Niquel - Cadmio,0
México,Sin Dato,2019,Petrolifero,Pequeno Generador,Biologico-infecciosos,Residuos no anatómicos,0
México,Sin Dato,2019,Petrolifero,Pequeno Generador,"Gasolina, diesel y naftas gastados o sucios provenientes de estaciónes de servicio y talleres automotrices","Gasolina, diesel y naftas gastados o sucios provenientes de estaciones de servicio y talleres automotrices",0.282
México,Sin Dato,2019,Petrolifero,Pequeno Generador,Liquidos de proceso,Liquidos con residuos de hidrocarburos,0
México,Sin Dato,2019,Petrolifero,Pequeno Generador,Lodos,Lodos aceitosos,1.484
México,Sin Dato,2019,Petrolifero,Pequeno Generador,Pinturas y productos relacionados,"Residuos de pinturas, pinturas caducadas",0
México,Sin Dato,2019,Petrolifero,Pequeno Generador,Residuos solidos,"Botes o recipientes que contuvieron contaminantes diversos, latas de pintura, aerosoles",0
México,Sin Dato,2019,Petrolifero,Pequeno Generador,Residuos solidos,"Estopa, trapo, plásticos, cartón, madera, brochas, papel, cepillo, etc., impregnados con pinturas, grasas, aceites, hidrocarburos",9.914
México,Sin Dato,2019,Petrolifero,Pequeno Generador,Residuos solidos,Filtro de aire o de aceite contaminados,0.0004
México,Sin Dato,2019,Petrolifero,Pequeno Generador,Residuos solidos,Lámpara fluorescentes,0.01
México,Sin Dato,2019,Petrolifero,Pequeno Generador,Residuos solidos,Objetos punzocortantes,0
México,Sin Dato,2019,Petrolifero,Pequeno Generador,Solventes,Residuos de solventes,0
México,Sin Dato,2020,Petrolifero,Microgenerador,Aceites hidraúlicos,Aceites hidraúlicos,0.3815
México,Sin Dato,2020,Petrolifero,Microgenerador,Aceites lubricantes,Aceites lubricantes,0.18
México,Sin Dato,2020,Petrolifero,Microgenerador,Líquidos de proceso,Aguas aceitosas,0.16
México,Sin Dato,2020,Petrolifero,Microgenerador,"Baterias, pilas y balastras","Baterias, pilas y balastras",0.14
México,Sin Dato,2020,Petrolifero,Microgenerador,"Gasollina, diésel y naftas gastados","Gasollina, diésel y naftas gastados",0.48066
México,Sin Dato,2020,Petrolifero,Microgenerador,Lodos,Lodos aceitosos,8.18198
México,Sin Dato,2020,Petrolifero,Microgenerador,Residuos sólidos,"Estopa, trapo, plásticos, cartón, madera, brochas, papel, cepillo, etc., impregnados con pinturas, grasas, aceites, hidrocarburos",11.90528
México,Sin Dato,2020,Petrolifero,Microgenerador,Solventes,Solventes,0.01
México,Sin Dato,2020,Petrolifero,Pequeno Generador,Aceites lubricantes,Aceites gastados lubricantes,1.73
México,Sin Dato,2020,Petrolifero,Pequeno Generador,Líquidos de proceso,Aguas aceitosas,0.7
México,Sin Dato,2020,Petrolifero,Pequeno Generador,"Gasollina, diésel y naftas gastados","Gasollina, diésel y naftas gastados",0.978
México,Sin Dato,2020,Petrolifero,Pequeno Generador,Lámparas fluorescentes y de vapor de mercurio,Lámparas fluorescentes y de vapor de mercurio,0.04
México,Sin Dato,2020,Petrolifero,Pequeno Generador,Lodos,Lodos aceitosos,74.322
México,Sin Dato,2020,Petrolifero,Pequeno Generador,Residuos sólidos,"Estopa, trapo, plásticos, cartón, madera, brochas, papel, cepillo, etc., impregnados con pinturas, grasas, aceites, hidrocarburos",35.07614
México,Acolman,2022,Petrolífero,Pequeño Generador,Lodos,Lodos aceitosos,0.71
México,Acolman,2022,Petrolífero,Pequeño Generador,Otros,Otros residuos,0.2
México,Acolman,2022,Petrolífero,Pequeño Generador,Otros,Otros residuos,0.2
México,Acolman,2022,Petrolífero,Pequeño Generador,Otros,Otros residuos,4.5
México,Acolman,2022,Petrolífero,Pequeño Generador,Residuos sólidos,"De mantenimiento automotríz, mantenimiento a maquinaria o equipos",0.3
México,Acolman,2022,Petrolífero,Pequeño Generador,Residuos sólidos,"Estopa, trapo, plásticos, cartón, madera, brochas, papel, cepillo, etc., impregnados con pinturas, grasas, aceites, hidrocarburos",0.57
México,Acolman,2022,Petrolífero,Pequeño Generador,Residuos sólidos,Otros sólidos,3.5
México,Acolman,2022,Petrolífero,Pequeño Generador,Residuos sólidos,Otros sólidos,0.6
México,Apaxco,2022,Petrolífero,Microgenerador,Aceites gastados,Lubricantes,0.01
México,Apaxco,2022,Petrolífero,Microgenerador,Otros,Otros residuos,0
México,Apaxco,2022,Petrolífero,Microgenerador,Residuos sólidos,Otros sólidos,0
México,Apaxco,2022,Petrolífero,Microgenerador,Residuos sólidos,Otros sólidos,0.01
México,Apaxco,2022,Petrolífero,Microgenerador,Residuos sólidos,Otros sólidos,0.01
México,Apaxco,2022,Petrolífero,Pequeño Generador,"Gasolina, diésel y naftas gastados o sucios provenientes de estaciones de servicio y talleres automotrices","Gasolina, diesel y naftas gastados o sucios",0.2
México,Apaxco,2022,Petrolífero,Pequeño Generador,Lodos,Lodos aceitosos,0.6
México,Apaxco,2022,Petrolífero,Pequeño Generador,Residuos sólidos,"Estopa, trapo, plásticos, cartón, madera, brochas, papel, cepillo, etc., impregnados con pinturas, grasas, aceites, hidrocarburos",0.27
México,Atizapán de Zaragoza,2022,Petrolífero,Microgenerador,Lodos,Lodos aceitosos,0.18
México,Atizapán de Zaragoza,2022,Petrolífero,Microgenerador,Residuos sólidos,"Estopa, trapo, plásticos, cartón, madera, brochas, papel, cepillo, etc., impregnados con pinturas, grasas, aceites, hidrocarburos",0.19
México,Calimaya,2022,Petrolífero,Microgenerador,Lodos,Lodos aceitosos,0.03
México,Calimaya,2022,Petrolífero,Microgenerador,Residuos sólidos,"Estopa, trapo, plásticos, cartón, madera, brochas, papel, cepillo, etc., impregnados con pinturas, grasas, aceites, hidrocarburos",0.05
México,Coacalco de Berriozábal,2022,Petrolífero,Microgenerador,Lodos,Lodos aceitosos,0.21
México,Coacalco de Berriozábal,2022,Petrolífero,Microgenerador,Residuos sólidos,"Estopa, trapo, plásticos, cartón, madera, brochas, papel, cepillo, etc., impregnados con pinturas, grasas, aceites, hidrocarburos",0.17
México,Cuautitlán,2022,Petrolífero,Microgenerador,Lodos,Lodos aceitosos,0.38
México,Cuautitlán,2022,Petrolífero,Microgenerador,Residuos sólidos,"Estopa, trapo, plásticos, cartón, madera, brochas, papel, cepillo, etc., impregnados con pinturas, grasas, aceites, hidrocarburos",0.39
México,Chalco,2022,Petrolífero,Microgenerador,Lodos,Lodos aceitosos,0.15
México,Chalco,2022,Petrolífero,Microgenerador,Residuos sólidos,"Estopa, trapo, plásticos, cartón, madera, brochas, papel, cepillo, etc., impregnados con pinturas, grasas, aceites, hidrocarburos",0.12
México,Chalco,2022,Petrolífero,Pequeño Generador,Lodos,Lodos aceitosos,0.3
México,Chalco,2022,Petrolífero,Pequeño Generador,Residuos sólidos,"Estopa, trapo, plásticos, cartón, madera, brochas, papel, cepillo, etc., impregnados con pinturas, grasas, aceites, hidrocarburos",0.15
México,Chicoloapan,2022,Petrolífero,Microgenerador,Lodos,Lodos aceitosos,0.22
México,Chicoloapan,2022,Petrolífero,Microgenerador,Residuos sólidos,"Estopa, trapo, plásticos, cartón, madera, brochas, papel, cepillo, etc., impregnados con pinturas, grasas, aceites, hidrocarburos",0.07
México,Chimalhuacán,2022,Petrolífero,Microgenerador,Lodos,Lodos aceitosos,0.38
México,Chimalhuacán,2022,Petrolífero,Microgenerador,Residuos sólidos,"Estopa, trapo, plásticos, cartón, madera, brochas, papel, cepillo, etc., impregnados con pinturas, grasas, aceites, hidrocarburos",0.37
México,Chimalhuacán,2022,Petrolífero,Microgenerador,Residuos sólidos,"Lámparas fluorescentes, lámparas de vapor de mercurio",0.02
México,Chimalhuacán,2022,Petrolífero,Pequeño Generador,Lodos,Lodos aceitosos,0.65
México,Chimalhuacán,2022,Petrolífero,Pequeño Generador,Residuos sólidos,"Estopa, trapo, plásticos, cartón, madera, brochas, papel, cepillo, etc., impregnados con pinturas, grasas, aceites, hidrocarburos",0.5
México,Ecatepec de Morelos,2022,Petrolífero,Microgenerador,Lodos,Lodos aceitosos,0.63
México,Ecatepec de Morelos,2022,Petrolífero,Microgenerador,Residuos sólidos,"Estopa, trapo, plásticos, cartón, madera, brochas, papel, cepillo, etc., impregnados con pinturas, grasas, aceites, hidrocarburos",0.81
México,Ecatepec de Morelos,2022,Petrolífero,Pequeño Generador,Lodos,Lodos aceitosos,1.27
México,Ecatepec de Morelos,2022,Petrolífero,Pequeño Generador,Residuos sólidos,"Estopa, trapo, plásticos, cartón, madera, brochas, papel, cepillo, etc., impregnados con pinturas, grasas, aceites, hidrocarburos",0.7
México,Huehuetoca,2022,Petrolífero,Microgenerador,Lodos,Lodos aceitosos,0.08
México,Huehuetoca,2022,Petrolífero,Microgenerador,Residuos sólidos,"Estopa, trapo, plásticos, cartón, madera, brochas, papel, cepillo, etc., impregnados con pinturas, grasas, aceites, hidrocarburos",0.22
México,Huixquilucan,2022,Petrolífero,Microgenerador,Residuos sólidos,"Estopa, trapo, plásticos, cartón, madera, brochas, papel, cepillo, etc., impregnados con pinturas, grasas, aceites, hidrocarburos",0.2
México,Jilotepec,2022,Petrolífero,Pequeño Generador,Lodos,Lodos aceitosos,0.25
México,Jilotepec,2022,Petrolífero,Pequeño Generador,Residuos sólidos,"Estopa, trapo, plásticos, cartón, madera, brochas, papel, cepillo, etc., impregnados con pinturas, grasas, aceites, hidrocarburos",0.5
México,Melchor Ocampo,2022,Petrolífero,Pequeño Generador,Lodos,Lodos aceitosos,1.96
México,Melchor Ocampo,2022,Petrolífero,Pequeño Generador,Residuos sólidos,"Estopa, trapo, plásticos, cartón, madera, brochas, papel, cepillo, etc., impregnados con pinturas, grasas, aceites, hidrocarburos",0.45
México,Metepec,2022,Petrolífero,Microgenerador,Lodos,Lodos aceitosos,0.33
México,Metepec,2022,Petrolífero,Microgenerador,Residuos sólidos,"Estopa, trapo, plásticos, cartón, madera, brochas, papel, cepillo, etc., impregnados con pinturas, grasas, aceites, hidrocarburos",0.35
México,Metepec,2022,Petrolífero,Pequeño Generador,Lodos,Lodos aceitosos,1.16
México,Metepec,2022,Petrolífero,Pequeño Generador,Residuos sólidos,"Estopa, trapo, plásticos, cartón, madera, brochas, papel, cepillo, etc., impregnados con pinturas, grasas, aceites, hidrocarburos",0.62
México,Mexicaltzingo,2022,Petrolífero,Pequeño Generador,Lodos,Lodos aceitosos,0.6
México,Mexicaltzingo,2022,Petrolífero,Pequeño Generador,Residuos sólidos,"Estopa, trapo, plásticos, cartón, madera, brochas, papel, cepillo, etc., impregnados con pinturas, grasas, aceites, hidrocarburos",0.3
México,Naucalpan de Juárez,2022,Petrolífero,Microgenerador,Lodos,Lodos aceitosos,0.39
México,Naucalpan de Juárez,2022,Petrolífero,Microgenerador,Residuos sólidos,"Estopa, trapo, plásticos, cartón, madera, brochas, papel, cepillo, etc., impregnados con pinturas, grasas, aceites, hidrocarburos",0.36
México,Naucalpan de Juárez,2022,Petrolífero,Pequeño Generador,Lodos,Lodos aceitosos,0.9
México,Naucalpan de Juárez,2022,Petrolífero,Pequeño Generador,Residuos sólidos,"Estopa, trapo, plásticos, cartón, madera, brochas, papel, cepillo, etc., impregnados con pinturas, grasas, aceites, hidrocarburos",0.62
México,Naucalpan de Juárez,2022,Petrolífero,Pequeño Generador,Residuos sólidos,"Lámparas fluorescentes, lámparas de vapor de mercurio",0.1
México,La Paz,2022,Petrolífero,Microgenerador,Residuos sólidos,"Estopa, trapo, plásticos, cartón, madera, brochas, papel, cepillo, etc., impregnados con pinturas, grasas, aceites, hidrocarburos",0.12
México,Rayón,2022,Petrolífero,Microgenerador,Agua contaminada,"Agua contaminada con hidrocarburos, combustibles, aceite o grasa",0.01
México,Rayón,2022,Petrolífero,Microgenerador,"Baterías, celdas y pilas","Baterias, pilas y balastras",0.02
México,Rayón,2022,Petrolífero,Microgenerador,Lodos,Lodos aceitosos,0.08
México,Rayón,2022,Petrolífero,Microgenerador,Residuos sólidos,"Estopa, trapo, plásticos, cartón, madera, brochas, papel, cepillo, etc., impregnados con pinturas, grasas, aceites, hidrocarburos",0.06
México,San Mateo Atenco,2022,Petrolífero,Pequeño Generador,Lodos,Lodos aceitosos,1.5
México,San Mateo Atenco,2022,Petrolífero,Pequeño Generador,Residuos sólidos,"Estopa, trapo, plásticos, cartón, madera, brochas, papel, cepillo, etc., impregnados con pinturas, grasas, aceites, hidrocarburos",0.45
México,Tecámac,2022,Petrolífero,Microgenerador,Lodos,Lodos aceitosos,0.37
México,Tecámac,2022,Petrolífero,Microgenerador,Residuos sólidos,"Estopa, trapo, plásticos, cartón, madera, brochas, papel, cepillo, etc., impregnados con pinturas, grasas, aceites, hidrocarburos",0.39
México,Tenango del Valle,2022,Petrolífero,Pequeño Generador,Aceites gastados,Lubricantes,0.98
México,Tenango del Valle,2022,Petrolífero,Pequeño Generador,Residuos sólidos,"Estopa, trapo, plásticos, cartón, madera, brochas, papel, cepillo, etc., impregnados con pinturas, grasas, aceites, hidrocarburos",1.06
México,Teoloyucan,2022,Petrolífero,Microgenerador,Aceites gastados,Lubricantes,0.05
México,Teoloyucan,2022,Petrolífero,Microgenerador,"Baterías, celdas y pilas","Baterias, pilas y balastras",0.01
México,Teoloyucan,2022,Petrolífero,Microgenerador,Residuos sólidos,"Estopa, trapo, plásticos, cartón, madera, brochas, papel, cepillo, etc., impregnados con pinturas, grasas, aceites, hidrocarburos",0.02
México,Tepetlaoxtoc,2022,Petrolífero,Microgenerador,Lodos,Lodos aceitosos,0.09
México,Tepetlaoxtoc,2022,Petrolífero,Microgenerador,Residuos sólidos,"Estopa, trapo, plásticos, cartón, madera, brochas, papel, cepillo, etc., impregnados con pinturas, grasas, aceites, hidrocarburos",0.03
México,Tequixquiac,2022,Petrolífero,Pequeño Generador,Lodos,Lodos aceitosos,0.8
México,Tequixquiac,2022,Petrolífero,Pequeño Generador,Residuos sólidos,"Estopa, trapo, plásticos, cartón, madera, brochas, papel, cepillo, etc., impregnados con pinturas, grasas, aceites, hidrocarburos",0.2
México,Tequixquiac,2022,Petrolífero,Pequeño Generador,Residuos sólidos,"Lámparas fluorescentes, lámparas de vapor de mercurio",0.01
México,Texcaltitlán,2022,Petrolífero,Microgenerador,Lodos,Lodos aceitosos,0.1
México,Texcaltitlán,2022,Petrolífero,Microgenerador,Residuos sólidos,"Estopa, trapo, plásticos, cartón, madera, brochas, papel, cepillo, etc., impregnados con pinturas, grasas, aceites, hidrocarburos",0.22
México,Texcoco,2022,Petrolero,Microgenerador,Aceites gastados,Lubricantes,0.01
México,Texcoco,2022,Petrolero,Microgenerador,Otros,Otros residuos,0
México,Texcoco,2022,Petrolero,Microgenerador,Otros,Otros residuos,0.01
México,Texcoco,2022,Petrolero,Microgenerador,Otros,Otros residuos,0.01
México,Texcoco,2022,Petrolero,Pequeño Generador,Lodos,Lodos aceitosos,0.5
México,Texcoco,2022,Petrolero,Pequeño Generador,Residuos sólidos,"Estopa, trapo, plásticos, cartón, madera, brochas, papel, cepillo, etc., impregnados con pinturas, grasas, aceites, hidrocarburos",0.5
México,Tlalnepantla de Baz,2022,Petrolero,Microgenerador,Aceites gastados,Lubricantes,0.02
México,Tlalnepantla de Baz,2022,Petrolero,Microgenerador,Lodos,Lodos aceitosos,0.76
México,Tlalnepantla de Baz,2022,Petrolero,Microgenerador,Residuos sólidos,"Estopa, trapo, plásticos, cartón, madera, brochas, papel, cepillo, etc., impregnados con pinturas, grasas, aceites, hidrocarburos",1.02
México,Tlalnepantla de Baz,2022,Petrolero,Pequeño Generador,Lodos,Lodos aceitosos,1
México,Tlalnepantla de Baz,2022,Petrolero,Pequeño Generador,Residuos sólidos,"Estopa, trapo, plásticos, cartón, madera, brochas, papel, cepillo, etc., impregnados con pinturas, grasas, aceites, hidrocarburos",0.33
México,Toluca,2022,Petrolero,Microgenerador,Lodos,Lodos aceitosos,0.96
México,Toluca,2022,Petrolero,Microgenerador,Residuos sólidos,"Estopa, trapo, plásticos, cartón, madera, brochas, papel, cepillo, etc., impregnados con pinturas, grasas, aceites, hidrocarburos",0.81
México,Tultitlán,2022,Petrolero,Pequeño Generador,Lodos,Lodos aceitosos,0.57
México,Tultitlán,2022,Petrolero,Pequeño Generador,Residuos sólidos,"Estopa, trapo, plásticos, cartón, madera, brochas, papel, cepillo, etc., impregnados con pinturas, grasas, aceites, hidrocarburos",0.66
México,Zacualpan,2022,Petrolero,Microgenerador,Lodos,Lodos aceitosos,0.12
México,Zacualpan,2022,Petrolero,Microgenerador,Residuos sólidos,"Estopa, trapo, plásticos, cartón, madera, brochas, papel, cepillo, etc., impregnados con pinturas, grasas, aceites, hidrocarburos",0.15
México,Zumpango,2022,Petrolero,Pequeño Generador,"Gasolina, diésel y naftas gastados o sucios provenientes de estaciones de servicio y talleres automotrices","Gasolina, diesel y naftas gastados o sucios",0.2
México,Zumpango,2022,Petrolero,Pequeño Generador,Lodos,Lodos aceitosos,0.6
México,Zumpango,2022,Petrolero,Pequeño Generador,Residuos sólidos,"Estopa, trapo, plásticos, cartón, madera, brochas, papel, cepillo, etc., impregnados con pinturas, grasas, aceites, hidrocarburos",0.52
México,Cuautitlán Izcalli,2022,Petrolífero,Microgenerador,Lodos,Lodos aceitosos,0.69
México,Cuautitlán Izcalli,2022,Petrolífero,Microgenerador,Residuos sólidos,"Estopa, trapo, plásticos, cartón, madera, brochas, papel, cepillo, etc., impregnados con pinturas, grasas, aceites, hidrocarburos",0.8
México,Cuautitlán Izcalli,2022,Petrolífero,Pequeño Generador,Residuos sólidos,"Estopa, trapo, plásticos, cartón, madera, brochas, papel, cepillo, etc., impregnados con pinturas, grasas, aceites, hidrocarburos",0.57
México,Apaxco,2023,Petrolífero,Microgenerador,Residuos sólidos,"Estopa, trapo, plásticos, cartón, madera, brochas, papel, cepillo, etc., impregnados con pinturas, grasas, aceites, hidrocarburos",0.12
México,Atizapán de Zaragoza,2023,Petrolífero,Microgenerador,Lodos,Lodos aceitosos,0.28
México,Atizapán de Zaragoza,2023,Petrolífero,Microgenerador,Residuos sólidos,"Estopa, trapo, plásticos, cartón, madera, brochas, papel, cepillo, etc., impregnados con pinturas, grasas, aceites, hidrocarburos",0.11
México,Atizapán de Zaragoza,2023,Petrolífero,Pequeño Generador,"Gasolina, diésel y naftas gastados o sucios provenientes de estaciones de servicio y talleres automotrices","Gasolina, diesel y naftas gastados o sucios",0.15
México,Atizapán de Zaragoza,2023,Petrolífero,Pequeño Generador,Lodos,Lodos aceitosos,2.21
México,Atizapán de Zaragoza,2023,Petrolífero,Pequeño Generador,Residuos sólidos,"Estopa, trapo, plásticos, cartón, madera, brochas, papel, cepillo, etc., impregnados con pinturas, grasas, aceites, hidrocarburos",0.25
México,Atlacomulco,2023,Petrolífero,Microgenerador,Lodos,Lodos aceitosos,0.2
México,Atlacomulco,2023,Petrolífero,Microgenerador,Residuos sólidos,"Estopa, trapo, plásticos, cartón, madera, brochas, papel, cepillo, etc., impregnados con pinturas, grasas, aceites, hidrocarburos",0.18
México,Axapusco,2023,Petrolífero,Microgenerador,Agua contaminada,"Agua contaminada con hidrocarburos, combustibles, aceite o grasa",0.06
México,Axapusco,2023,Petrolífero,Microgenerador,"Baterías, celdas y pilas","Baterias, pilas y balastras",0.02
México,Axapusco,2023,Petrolífero,Microgenerador,Lodos,Lodos aceitosos,0.06
México,Axapusco,2023,Petrolífero,Microgenerador,Residuos sólidos,"Estopa, trapo, plásticos, cartón, madera, brochas, papel, cepillo, etc., impregnados con pinturas, grasas, aceites, hidrocarburos",0.24
México,Coacalco de Berriozábal,2023,Petrolífero,Microgenerador,Residuos sólidos,"Estopa, trapo, plásticos, cartón, madera, brochas, papel, cepillo, etc., impregnados con pinturas, grasas, aceites, hidrocarburos",0.18
México,Coyotepec,2023,Petrolífero,Microgenerador,Residuos sólidos,"Estopa, trapo, plásticos, cartón, madera, brochas, papel, cepillo, etc., impregnados con pinturas, grasas, aceites, hidrocarburos",0.01
México,Coyotepec,2023,Petrolífero,Microgenerador,Residuos sólidos,"Estopa, trapo, plásticos, cartón, madera, brochas, papel, cepillo, etc., impregnados con pinturas, grasas, aceites, hidrocarburos",0.02
México,Coyotepec,2023,Petrolífero,Microgenerador,Residuos sólidos,"Estopa, trapo, plásticos, cartón, madera, brochas, papel, cepillo, etc., impregnados con pinturas, grasas, aceites, hidrocarburos",0.14
México,Coyotepec,2023,Petrolífero,Pequeño Generador,Lodos,Lodos aceitosos,0.8
México,Coyotepec,2023,Petrolífero,Pequeño Generador,Residuos sólidos,"Estopa, trapo, plásticos, cartón, madera, brochas, papel, cepillo, etc., impregnados con pinturas, grasas, aceites, hidrocarburos",0.01
México,Cuautitlán,2023,Petrolífero,Microgenerador,Lodos,Lodos aceitosos,0.21
México,Cuautitlán,2023,Petrolífero,Microgenerador,Residuos sólidos,"Estopa, trapo, plásticos, cartón, madera, brochas, papel, cepillo, etc., impregnados con pinturas, grasas, aceites, hidrocarburos",0.17
México,Chalco,2023,Petrolífero,Microgenerador,"Gasolina, diésel y naftas gastados o sucios provenientes de estaciones de servicio y talleres automotrices","Gasolina, diesel y naftas gastados o sucios",0.1
México,Chalco,2023,Petrolífero,Microgenerador,Lodos,Lodos aceitosos,0.48
México,Chalco,2023,Petrolífero,Microgenerador,Residuos sólidos,"Estopa, trapo, plásticos, cartón, madera, brochas, papel, cepillo, etc., impregnados con pinturas, grasas, aceites, hidrocarburos",0.33
México,Chalco,2023,Petrolífero,Pequeño Generador,Lodos,Lodos aceitosos,0.3
México,Chalco,2023,Petrolífero,Pequeño Generador,Residuos sólidos,"Estopa, trapo, plásticos, cartón, madera, brochas, papel, cepillo, etc., impregnados con pinturas, grasas, aceites, hidrocarburos",0.25
México,Chicoloapan,2023,Petrolífero,Microgenerador,Lodos,Lodos aceitosos,0.21
México,Chicoloapan,2023,Petrolífero,Microgenerador,Residuos sólidos,"Estopa, trapo, plásticos, cartón, madera, brochas, papel, cepillo, etc., impregnados con pinturas, grasas, aceites, hidrocarburos",0.18
México,Chiconcuac,2023,Petrolífero,Microgenerador,Residuos sólidos,"Estopa, trapo, plásticos, cartón, madera, brochas, papel, cepillo, etc., impregnados con pinturas, grasas, aceites, hidrocarburos",0.4
México,Chimalhuacán,2023,Petrolífero,Pequeño Generador,Lodos,Lodos aceitosos,0.7
México,Chimalhuacán,2023,Petrolífero,Pequeño Generador,Residuos sólidos,"Estopa, trapo, plásticos, cartón, madera, brochas, papel, cepillo, etc., impregnados con pinturas, grasas, aceites, hidrocarburos",0.31
México,Ecatepec de Morelos,2023,Petrolífero,Microgenerador,Lodos,Lodos aceitosos,0.04
México,Ecatepec de Morelos,2023,Petrolífero,Microgenerador,Residuos sólidos,"Estopa, trapo, plásticos, cartón, madera, brochas, papel, cepillo, etc., impregnados con pinturas, grasas, aceites, hidrocarburos",0.19
México,Ecatepec de Morelos,2023,Petrolífero,Microgenerador,Residuos sólidos,"Lámparas fluorescentes, lámparas de vapor de mercurio",0.11
México,Ecatepec de Morelos,2023,Petrolífero,Pequeño Generador,Aceites gastados,Lubricantes,1
México,Ecatepec de Morelos,2023,Petrolífero,Pequeño Generador,"Baterías, celdas y pilas","Baterias, pilas y balastras",0
México,Ecatepec de Morelos,2023,Petrolífero,Pequeño Generador,Residuos sólidos,"Estopa, trapo, plásticos, cartón, madera, brochas, papel, cepillo, etc., impregnados con pinturas, grasas, aceites, hidrocarburos",0.12
México,Huehuetoca,2023,Petrolífero,Microgenerador,Lodos,Lodos aceitosos,0.34
México,Huehuetoca,2023,Petrolífero,Microgenerador,Residuos sólidos,"Estopa, trapo, plásticos, cartón, madera, brochas, papel, cepillo, etc., impregnados con pinturas, grasas, aceites, hidrocarburos",0.19
México,Huixquilucan,2023,Petrolífero,Microgenerador,Lodos,Lodos aceitosos,0.02
México,Huixquilucan,2023,Petrolífero,Microgenerador,Residuos sólidos,"Estopa, trapo, plásticos, cartón, madera, brochas, papel, cepillo, etc., impregnados con pinturas, grasas, aceites, hidrocarburos",0.16
México,Huixquilucan,2023,Petrolífero,Pequeño Generador,Lodos,Lodos aceitosos,1.5
México,Huixquilucan,2023,Petrolífero,Pequeño Generador,Residuos sólidos,"Estopa, trapo, plásticos, cartón, madera, brochas, papel, cepillo, etc., impregnados con pinturas, grasas, aceites, hidrocarburos",1
México,Ixtapaluca,2023,Petrolífero,Microgenerador,Lodos,Lodos aceitosos,0
México,Ixtapaluca,2023,Petrolífero,Microgenerador,Residuos sólidos,"Estopa, trapo, plásticos, cartón, madera, brochas, papel, cepillo, etc., impregnados con pinturas, grasas, aceites, hidrocarburos",0.02
México,Ixtapaluca,2023,Petrolífero,Microgenerador,Residuos sólidos,"Lámparas fluorescentes, lámparas de vapor de mercurio",0.01
México,Ixtlahuaca,2023,Petrolífero,Pequeño Generador,"Gasolina, diésel y naftas gastados o sucios provenientes de estaciones de servicio y talleres automotrices","Gasolina, diesel y naftas gastados o sucios",1.96
México,Ixtlahuaca,2023,Petrolífero,Pequeño Generador,Residuos sólidos,"Estopa, trapo, plásticos, cartón, madera, brochas, papel, cepillo, etc., impregnados con pinturas, grasas, aceites, hidrocarburos",0.2
México,Jilotepec,2023,Petrolífero,Microgenerador,Aceites gastados,Lubricantes,0.05
México,Jilotepec,2023,Petrolífero,Microgenerador,"Baterías, celdas y pilas","Baterias, pilas y balastras",0.01
México,Jilotepec,2023,Petrolífero,Microgenerador,Residuos sólidos,"Estopa, trapo, plásticos, cartón, madera, brochas, papel, cepillo, etc., impregnados con pinturas, grasas, aceites, hidrocarburos",0.03
México,Jilotepec,2023,Petrolífero,Microgenerador,Residuos sólidos,"Lámparas fluorescentes, lámparas de vapor de mercurio",0.01
México,Juchitepec,2023,Petrolífero,Microgenerador,Residuos sólidos,"Estopa, trapo, plásticos, cartón, madera, brochas, papel, cepillo, etc., impregnados con pinturas, grasas, aceites, hidrocarburos",0.12
México,Metepec,2023,Petrolífero,Pequeño Generador,Lodos,Lodos aceitosos,0.7
México,Metepec,2023,Petrolífero,Pequeño Generador,Residuos sólidos,"Estopa, trapo, plásticos, cartón, madera, brochas, papel, cepillo, etc., impregnados con pinturas, grasas, aceites, hidrocarburos",0.41
México,Naucalpan de Juárez,2023,Petrolífero,Microgenerador,Aceites gastados,Hidráulicos,0.1
México,Naucalpan de Juárez,2023,Petrolífero,Microgenerador,Aceites gastados,Lubricantes,0.3
México,Naucalpan de Juárez,2023,Petrolífero,Microgenerador,Lodos,Lodos aceitosos,0.25
México,Naucalpan de Juárez,2023,Petrolífero,Microgenerador,Residuos sólidos,"Estopa, trapo, plásticos, cartón, madera, brochas, papel, cepillo, etc., impregnados con pinturas, grasas, aceites, hidrocarburos",0.28
México,Naucalpan de Juárez,2023,Petrolífero,Microgenerador,Residuos sólidos,"Lámparas fluorescentes, lámparas de vapor de mercurio",0.01
México,Naucalpan de Juárez,2023,Petrolífero,Pequeño Generador,Aceites gastados,Lubricantes,1.95
México,Naucalpan de Juárez,2023,Petrolífero,Pequeño Generador,Residuos sólidos,"Estopa, trapo, plásticos, cartón, madera, brochas, papel, cepillo, etc., impregnados con pinturas, grasas, aceites, hidrocarburos",4.08
México,Naucalpan de Juárez,2023,Petrolífero,Pequeño Generador,Residuos sólidos,"Lámparas fluorescentes, lámparas de vapor de mercurio",0
México,Nextlalpan,2023,Petrolífero,Pequeño Generador,Residuos sólidos,"Estopa, trapo, plásticos, cartón, madera, brochas, papel, cepillo, etc., impregnados con pinturas, grasas, aceites, hidrocarburos",0.8
México,Ocoyoacac,2023,Petrolífero,Microgenerador,Lodos,Lodos aceitosos,0.2
México,Ocoyoacac,2023,Petrolífero,Microgenerador,Residuos sólidos,"Estopa, trapo, plásticos, cartón, madera, brochas, papel, cepillo, etc., impregnados con pinturas, grasas, aceites, hidrocarburos",0.19
México,Otumba,2023,Petrolífero,Microgenerador,Agua contaminada,"Agua contaminada con hidrocarburos, combustibles, aceite o grasa",0.1
México,Otumba,2023,Petrolífero,Microgenerador,"Baterías, celdas y pilas","Baterias, pilas y balastras",0.1
México,Otumba,2023,Petrolífero,Microgenerador,Lodos,Lodos aceitosos,0.1
México,Otumba,2023,Petrolífero,Microgenerador,Residuos sólidos,"Estopa, trapo, plásticos, cartón, madera, brochas, papel, cepillo, etc., impregnados con pinturas, grasas, aceites, hidrocarburos",0.27
México,La Paz,2023,Petrolífero,Microgenerador,Lodos,Lodos aceitosos,0.32
México,La Paz,2023,Petrolífero,Microgenerador,Residuos sólidos,"Estopa, trapo, plásticos, cartón, madera, brochas, papel, cepillo, etc., impregnados con pinturas, grasas, aceites, hidrocarburos",0.27
México,San Felipe del Progreso,2023,Petrolífero,Microgenerador,Lodos,Lodos aceitosos,0.05
México,San Martín de Las Pirámides,2023,Petrolífero,Microgenerador,Aceites gastados,Hidráulicos,0
México,San Martín de Las Pirámides,2023,Petrolífero,Microgenerador,Residuos sólidos,"Estopa, trapo, plásticos, cartón, madera, brochas, papel, cepillo, etc., impregnados con pinturas, grasas, aceites, hidrocarburos",0.02
México,San Martín de Las Pirámides,2023,Petrolífero,Pequeño Generador,Lodos,Lodos aceitosos,0.75
México,San Martín de Las Pirámides,2023,Petrolífero,Pequeño Generador,Residuos sólidos,"Estopa, trapo, plásticos, cartón, madera, brochas, papel, cepillo, etc., impregnados con pinturas, grasas, aceites, hidrocarburos",0.25
México,San Mateo Atenco,2023,Petrolífero,Microgenerador,Lodos,Lodos aceitosos,0.22
México,San Mateo Atenco,2023,Petrolífero,Microgenerador,Residuos sólidos,"Estopa, trapo, plásticos, cartón, madera, brochas, papel, cepillo, etc., impregnados con pinturas, grasas, aceites, hidrocarburos",0.1
México,Tecámac,2023,Petrolífero,Microgenerador,Residuos sólidos,"Estopa, trapo, plásticos, cartón, madera, brochas, papel, cepillo, etc., impregnados con pinturas, grasas, aceites, hidrocarburos",0.48
México,Temascalapa,2023,Petrolífero,Microgenerador,Residuos sólidos,"Estopa, trapo, plásticos, cartón, madera, brochas, papel, cepillo, etc., impregnados con pinturas, grasas, aceites, hidrocarburos",0.4
México,Temascaltepec,2023,Petrolífero,Pequeño Generador,Lodos,Lodos aceitosos,0.23
México,Temascaltepec,2023,Petrolífero,Pequeño Generador,Residuos sólidos,"Estopa, trapo, plásticos, cartón, madera, brochas, papel, cepillo, etc., impregnados con pinturas, grasas, aceites, hidrocarburos",0.96
México,Teoloyucan,2023,Petrolífero,Microgenerador,Aceites gastados,Lubricantes,0.01
México,Teoloyucan,2023,Petrolífero,Microgenerador,Residuos sólidos,"Estopa, trapo, plásticos, cartón, madera, brochas, papel, cepillo, etc., impregnados con pinturas, grasas, aceites, hidrocarburos",0.13
México,Teoloyucan,2023,Petrolífero,Microgenerador,Residuos sólidos,"Lámparas fluorescentes, lámparas de vapor de mercurio",0.01
México,Tepotzotlán,2023,Petrolífero,Pequeño Generador,Lodos,Lodos aceitosos,0.8
México,Tepotzotlán,2023,Petrolífero,Pequeño Generador,Residuos sólidos,"Estopa, trapo, plásticos, cartón, madera, brochas, papel, cepillo, etc., impregnados con pinturas, grasas, aceites, hidrocarburos",0.01
México,Tlalnepantla de Baz,2023,Petrolífero,Microgenerador,Aceites gastados,Lubricantes,0.55
México,Tlalnepantla de Baz,2023,Petrolífero,Microgenerador,"Gasolina, diésel y naftas gastados o sucios provenientes de estaciones de servicio y talleres automotrices","Gasolina, diesel y naftas gastados o sucios",0.1
México,Tlalnepantla de Baz,2023,Petrolífero,Microgenerador,Lodos,Lodos aceitosos,0.41
México,Tlalnepantla de Baz,2023,Petrolífero,Microgenerador,Residuos sólidos,"Estopa, trapo, plásticos, cartón, madera, brochas, papel, cepillo, etc., impregnados con pinturas, grasas, aceites, hidrocarburos",0.45
México,Tlalnepantla de Baz,2023,Petrolífero,Pequeño Generador,Aceites gastados,Lubricantes,0
México,Tlalnepantla de Baz,2023,Petrolífero,Pequeño Generador,Lodos,Lodos aceitosos,0.46
México,Tlalnepantla de Baz,2023,Petrolífero,Pequeño Generador,Residuos sólidos,"Estopa, trapo, plásticos, cartón, madera, brochas, papel, cepillo, etc., impregnados con pinturas, grasas, aceites, hidrocarburos",0.13
México,Toluca,2023,Petrolífero,Microgenerador,Aceites gastados,Lubricantes,0.01
México,Toluca,2023,Petrolífero,Microgenerador,Residuos sólidos,"Estopa, trapo, plásticos, cartón, madera, brochas, papel, cepillo, etc., impregnados con pinturas, grasas, aceites, hidrocarburos",0.04
México,Toluca,2023,Petrolífero,Microgenerador,Residuos sólidos,"Lámparas fluorescentes, lámparas de vapor de mercurio",0.01
México,Toluca,2023,Petrolífero,Pequeño Generador,"Gasolina, diésel y naftas gastados o sucios provenientes de estaciones de servicio y talleres automotrices","Gasolina, diesel y naftas gastados o sucios",4.21
México,Toluca,2023,Petrolífero,Pequeño Generador,Residuos sólidos,"Estopa, trapo, plásticos, cartón, madera, brochas, papel, cepillo, etc., impregnados con pinturas, grasas, aceites, hidrocarburos",0.43
México,Tultepec,2023,Petrolífero,Microgenerador,Aceites gastados,Hidráulicos,0.1
México,Tultepec,2023,Petrolífero,Microgenerador,Residuos sólidos,"Estopa, trapo, plásticos, cartón, madera, brochas, papel, cepillo, etc., impregnados con pinturas, grasas, aceites, hidrocarburos",0.2
México,Tultepec,2023,Petrolífero,Microgenerador,Residuos sólidos,"Lámparas fluorescentes, lámparas de vapor de mercurio",0.02
México,Tultitlán,2023,Petrolífero,Microgenerador,Aceites gastados,Lubricantes,0.13
México,Tultitlán,2023,Petrolífero,Microgenerador,Lodos,Lodos aceitosos,0.2
México,Tultitlán,2023,Petrolífero,Microgenerador,Residuos sólidos,"Estopa, trapo, plásticos, cartón, madera, brochas, papel, cepillo, etc., impregnados con pinturas, grasas, aceites, hidrocarburos",0.28
México,Xonacatlán,2023,Petrolífero,Pequeño Generador,Lodos,Lodos aceitosos,0.3
México,Xonacatlán,2023,Petrolífero,Pequeño Generador,Residuos sólidos,"Estopa, trapo, plásticos, cartón, madera, brochas, papel, cepillo, etc., impregnados con pinturas, grasas, aceites, hidrocarburos",0.25
México,Cuautitlán Izcalli,2023,Petrolífero,Microgenerador,Agua contaminada,"Agua contaminada con hidrocarburos, combustibles, aceite o grasa",0.02
México,Cuautitlán Izcalli,2023,Petrolífero,Microgenerador,"Baterías, celdas y pilas","Baterias, pilas y balastras",0.02
México,Cuautitlán Izcalli,2023,Petrolífero,Microgenerador,Lodos,Lodos aceitosos,0.15
México,Cuautitlán Izcalli,2023,Petrolífero,Microgenerador,Residuos sólidos,"Estopa, trapo, plásticos, cartón, madera, brochas, papel, cepillo, etc., impregnados con pinturas, grasas, aceites, hidrocarburos",0.1
México,Acolman,2024,Petrolífero,Pequeño Generador,"Baterías, celdas, pilas, balastras","Baterias, pilas, acumuladores, balastras",0.03
México,Acolman,2024,Petrolífero,Pequeño Generador,Lodos,Lodos aceitosos,0.52
México,Acolman,2024,Petrolífero,Pequeño Generador,Residuos sólidos,"Estopa, trapo, plásticos, cartón, madera, brochas, papel, cepillo, etc., impregnados con pinturas, grasas, aceites, hidrocarburos",0.47
México,Amecameca,2024,Petrolífero,Microgenerador,Lodos,Lodos aceitosos,0.01
México,Amecameca,2024,Petrolífero,Microgenerador,Residuos sólidos,"Estopa, trapo, plásticos, cartón, madera, brochas, papel, cepillo, etc., impregnados con pinturas, grasas, aceites, hidrocarburos",0.08
México,Amecameca,2024,Petrolífero,Pequeño Generador,Aceites gastados,Lubricantes,0.49
México,Amecameca,2024,Petrolífero,Pequeño Generador,Residuos sólidos,"Estopa, trapo, plásticos, cartón, madera, brochas, papel, cepillo, etc., impregnados con pinturas, grasas, aceites, hidrocarburos",2.48
México,Coacalco de Berriozábal,2024,Petrolífero,Microgenerador,Lodos,Lodos aceitosos,0.15
México,Coacalco de Berriozábal,2024,Petrolífero,Microgenerador,Residuos sólidos,"Estopa, trapo, plásticos, cartón, madera, brochas, papel, cepillo, etc., impregnados con pinturas, grasas, aceites, hidrocarburos",0.18
México,Coacalco de Berriozábal,2024,Petrolífero,Pequeño Generador,Lodos,Lodos aceitosos,0.48
México,Coacalco de Berriozábal,2024,Petrolífero,Pequeño Generador,Residuos sólidos,"Lámparas fluorescentes, lámparas de vapor de mercurio",0.09
México,Coyotepec,2024,Petrolífero,Pequeño Generador,Lodos,Lodos aceitosos,0.3
México,Coyotepec,2024,Petrolífero,Pequeño Generador,Residuos sólidos,"Estopa, trapo, plásticos, cartón, madera, brochas, papel, cepillo, etc., impregnados con pinturas, grasas, aceites, hidrocarburos",0.25
México,Cuautitlán,2024,Petrolífero,Pequeño Generador,Lodos,Lodos aceitosos,0.58
México,Cuautitlán,2024,Petrolífero,Pequeño Generador,Residuos sólidos,"Lámparas fluorescentes, lámparas de vapor de mercurio",0.08
México,Chalco,2024,Petrolífero,Microgenerador,Lodos,Lodos aceitosos,0.04
México,Chalco,2024,Petrolífero,Microgenerador,Residuos sólidos,"Estopa, trapo, plásticos, cartón, madera, brochas, papel, cepillo, etc., impregnados con pinturas, grasas, aceites, hidrocarburos",0.22
México,Chalco,2024,Petrolífero,Pequeño Generador,Lodos,Lodos aceitosos,2.15
México,Chalco,2024,Petrolífero,Pequeño Generador,Residuos sólidos,"Estopa, trapo, plásticos, cartón, madera, brochas, papel, cepillo, etc., impregnados con pinturas, grasas, aceites, hidrocarburos",1.45
México,Chalco,2024,Petrolífero,Pequeño Generador,Residuos sólidos,"Lámparas fluorescentes, lámparas de vapor de mercurio",0.09
México,Chicoloapan,2024,Petrolífero,Microgenerador,Lodos,Lodos aceitosos,0.2
México,Chicoloapan,2024,Petrolífero,Microgenerador,Residuos sólidos,"Estopa, trapo, plásticos, cartón, madera, brochas, papel, cepillo, etc., impregnados con pinturas, grasas, aceites, hidrocarburos",0.01
México,Ecatepec de Morelos,2024,Petrolífero,Microgenerador,Aceites gastados,Hidráulicos,0.02
México,Ecatepec de Morelos,2024,Petrolífero,Microgenerador,Residuos sólidos,"Estopa, trapo, plásticos, cartón, madera, brochas, papel, cepillo, etc., impregnados con pinturas, grasas, aceites, hidrocarburos",0.34
México,Ecatepec de Morelos,2024,Petrolífero,Microgenerador,Solventes,Residuos de solventes,0.01
México,Ecatepec de Morelos,2024,Petrolífero,Pequeño Generador,Aceites gastados,Lubricantes,0.3
México,Ecatepec de Morelos,2024,Petrolífero,Pequeño Generador,"Baterías, celdas, pilas, balastras","Baterias, pilas, acumuladores, balastras",0.5
México,Ecatepec de Morelos,2024,Petrolífero,Pequeño Generador,Lodos,Lodos aceitosos,1.6
México,Ecatepec de Morelos,2024,Petrolífero,Pequeño Generador,Residuos sólidos,"Estopa, trapo, plásticos, cartón, madera, brochas, papel, cepillo, etc., impregnados con pinturas, grasas, aceites, hidrocarburos",4.07
México,Ecatepec de Morelos,2024,Petrolífero,Pequeño Generador,Residuos sólidos,"Lámparas fluorescentes, lámparas de vapor de mercurio",0.15
México,Huehuetoca,2024,Petrolífero,Microgenerador,Lodos,Lodos aceitosos,0.14
México,Huehuetoca,2024,Petrolífero,Pequeño Generador,Aceites gastados,Lubricantes,0.5
México,Huehuetoca,2024,Petrolífero,Pequeño Generador,Agua contaminada,"Agua contaminada con hidrocarburos, combustibles, aceite o grasa",1
México,Huehuetoca,2024,Petrolífero,Pequeño Generador,Lodos,Lodos aceitosos,0.7
México,Huehuetoca,2024,Petrolífero,Pequeño Generador,Residuos sólidos,"Estopa, trapo, plásticos, cartón, madera, brochas, papel, cepillo, etc., impregnados con pinturas, grasas, aceites, hidrocarburos",4
México,Huehuetoca,2024,Petrolífero,Pequeño Generador,Residuos sólidos,"Lámparas fluorescentes, lámparas de vapor de mercurio",0.2
México,Huehuetoca,2024,Petrolífero,Pequeño Generador,Solventes,Residuos de solventes,0.2
México,Ixtapaluca,2024,Petrolífero,Microgenerador,Lodos,Lodos aceitosos,0.21
México,Ixtapaluca,2024,Petrolífero,Microgenerador,Residuos sólidos,"Estopa, trapo, plásticos, cartón, madera, brochas, papel, cepillo, etc., impregnados con pinturas, grasas, aceites, hidrocarburos",0.27
México,Ixtapaluca,2024,Petrolífero,Pequeño Generador,Lodos,Lodos aceitosos,0.3
México,Ixtapaluca,2024,Petrolífero,Pequeño Generador,Residuos sólidos,"Estopa, trapo, plásticos, cartón, madera, brochas, papel, cepillo, etc., impregnados con pinturas, grasas, aceites, hidrocarburos",0.25
México,Jilotepec,2024,Petrolífero,Pequeño Generador,Lodos,Lodos aceitosos,0.4
México,Jilotepec,2024,Petrolífero,Pequeño Generador,Residuos sólidos,"Estopa, trapo, plásticos, cartón, madera, brochas, papel, cepillo, etc., impregnados con pinturas, grasas, aceites, hidrocarburos",0.3
México,Metepec,2024,Petrolífero,Microgenerador,Lodos,Lodos aceitosos,0.1
México,Metepec,2024,Petrolífero,Microgenerador,Residuos sólidos,"Estopa, trapo, plásticos, cartón, madera, brochas, papel, cepillo, etc., impregnados con pinturas, grasas, aceites, hidrocarburos",0.07
México,Naucalpan de Juárez,2024,Petrolífero,Microgenerador,Aceites gastados,Hidráulicos,0.08
México,Naucalpan de Juárez,2024,Petrolífero,Microgenerador,Aceites gastados,Lubricantes,0.08
México,Naucalpan de Juárez,2024,Petrolífero,Microgenerador,Lodos,Lodos aceitosos,0.23
México,Naucalpan de Juárez,2024,Petrolífero,Microgenerador,Residuos sólidos,"Estopa, trapo, plásticos, cartón, madera, brochas, papel, cepillo, etc., impregnados con pinturas, grasas, aceites, hidrocarburos",0.09
México,Naucalpan de Juárez,2024,Petrolífero,Pequeño Generador,"Baterías, celdas, pilas, balastras","Baterias, pilas, acumuladores, balastras",0.01
México,Naucalpan de Juárez,2024,Petrolífero,Pequeño Generador,Lodos,Lodos aceitosos,2.86
México,Naucalpan de Juárez,2024,Petrolífero,Pequeño Generador,Residuos sólidos,"Estopa, trapo, plásticos, cartón, madera, brochas, papel, cepillo, etc., impregnados con pinturas, grasas, aceites, hidrocarburos",0.28
México,Nezahualcóyotl,2024,Petrolífero,Pequeño Generador,Lodos,Lodos aceitosos,0.3
México,Nezahualcóyotl,2024,Petrolífero,Pequeño Generador,Residuos sólidos,"Estopa, trapo, plásticos, cartón, madera, brochas, papel, cepillo, etc., impregnados con pinturas, grasas, aceites, hidrocarburos",0.15
México,Ocoyoacac,2024,Petrolífero,Microgenerador,Aceites gastados,Lubricantes,0.06
México,Ocoyoacac,2024,Petrolífero,Microgenerador,Lodos,Lodos aceitosos,0.1
México,Ocoyoacac,2024,Petrolífero,Microgenerador,Residuos sólidos,"Estopa, trapo, plásticos, cartón, madera, brochas, papel, cepillo, etc., impregnados con pinturas, grasas, aceites, hidrocarburos",0.09
México,Ozumba,2024,Petrolífero,Microgenerador,Residuos sólidos,"Estopa, trapo, plásticos, cartón, madera, brochas, papel, cepillo, etc., impregnados con pinturas, grasas, aceites, hidrocarburos",0.02
México,La Paz,2024,Petrolífero,Pequeño Generador,Lodos,Lodos aceitosos,0.55
México,La Paz,2024,Petrolífero,Pequeño Generador,Residuos sólidos,"Estopa, trapo, plásticos, cartón, madera, brochas, papel, cepillo, etc., impregnados con pinturas, grasas, aceites, hidrocarburos",1.1
México,San Antonio La Isla,2024,Petrolífero,Microgenerador,Aceites gastados,Lubricantes,0.09
México,San Antonio La Isla,2024,Petrolífero,Microgenerador,Lodos,Lodos aceitosos,0.09
México,San Antonio La Isla,2024,Petrolífero,Microgenerador,Residuos sólidos,"Estopa, trapo, plásticos, cartón, madera, brochas, papel, cepillo, etc., impregnados con pinturas, grasas, aceites, hidrocarburos",0.11
México,San Felipe del Progreso,2024,Petrolífero,Microgenerador,Aceites gastados,Lubricantes,0.08
México,San Felipe del Progreso,2024,Petrolífero,Microgenerador,Lodos,Lodos aceitosos,0.12
México,San Felipe del Progreso,2024,Petrolífero,Microgenerador,Residuos sólidos,"Estopa, trapo, plásticos, cartón, madera, brochas, papel, cepillo, etc., impregnados con pinturas, grasas, aceites, hidrocarburos",0.09
México,San Mateo Atenco,2024,Petrolífero,Microgenerador,Aceites gastados,Lubricantes,0.06
México,San Mateo Atenco,2024,Petrolífero,Microgenerador,Lodos,Lodos aceitosos,0.08
México,San Mateo Atenco,2024,Petrolífero,Microgenerador,Residuos sólidos,"Estopa, trapo, plásticos, cartón, madera, brochas, papel, cepillo, etc., impregnados con pinturas, grasas, aceites, hidrocarburos",0.09
México,San Mateo Atenco,2024,Petrolífero,Pequeño Generador,Lodos,Lodos aceitosos,0.75
México,San Mateo Atenco,2024,Petrolífero,Pequeño Generador,Residuos sólidos,"Estopa, trapo, plásticos, cartón, madera, brochas, papel, cepillo, etc., impregnados con pinturas, grasas, aceites, hidrocarburos",0.8
México,Soyaniquilpan de Juárez,2024,Petrolífero,Pequeño Generador,Lodos,Lodos aceitosos,0.46
México,Soyaniquilpan de Juárez,2024,Petrolífero,Pequeño Generador,Residuos sólidos,"Estopa, trapo, plásticos, cartón, madera, brochas, papel, cepillo, etc., impregnados con pinturas, grasas, aceites, hidrocarburos",0.12
México,Tecámac,2024,Petrolífero,Microgenerador,Residuos sólidos,"Estopa, trapo, plásticos, cartón, madera, brochas, papel, cepillo, etc., impregnados con pinturas, grasas, aceites, hidrocarburos",0.02
México,Tecámac,2024,Petrolífero,Pequeño Generador,Lodos,Lodos aceitosos,0.3
México,Tecámac,2024,Petrolífero,Pequeño Generador,Residuos sólidos,"Estopa, trapo, plásticos, cartón, madera, brochas, papel, cepillo, etc., impregnados con pinturas, grasas, aceites, hidrocarburos",0.25
México,Temamatla,2024,Petrolífero,Pequeño Generador,Aceites gastados,Lubricantes,0.8
México,Temamatla,2024,Petrolífero,Pequeño Generador,Residuos sólidos,"Estopa, trapo, plásticos, cartón, madera, brochas, papel, cepillo, etc., impregnados con pinturas, grasas, aceites, hidrocarburos",0.38
México,Teoloyucan,2024,Petrolífero,Microgenerador,Aceites gastados,Lubricantes,0
México,Teoloyucan,2024,Petrolífero,Pequeño Generador,Aceites gastados,Lubricantes,0.8
México,Teoloyucan,2024,Petrolífero,Pequeño Generador,Residuos sólidos,"Estopa, trapo, plásticos, cartón, madera, brochas, papel, cepillo, etc., impregnados con pinturas, grasas, aceites, hidrocarburos",0.38
México,Teotihuacán,2024,Petrolífero,Pequeño Generador,Lodos,Lodos aceitosos,0.3
México,Teotihuacán,2024,Petrolífero,Pequeño Generador,Residuos sólidos,"Estopa, trapo, plásticos, cartón, madera, brochas, papel, cepillo, etc., impregnados con pinturas, grasas, aceites, hidrocarburos",0.25
México,Tianguistenco,2024,Petrolífero,Microgenerador,Residuos sólidos,"Estopa, trapo, plásticos, cartón, madera, brochas, papel, cepillo, etc., impregnados con pinturas, grasas, aceites, hidrocarburos",0.06
México,Tlalnepantla de Baz,2024,Petrolífero,Pequeño Generador,Aceites gastados,Lubricantes,0.3
México,Tlalnepantla de Baz,2024,Petrolífero,Pequeño Generador,Lodos,Lodos aceitosos,0.65
México,Tlalnepantla de Baz,2024,Petrolífero,Pequeño Generador,Residuos sólidos,"Estopa, trapo, plásticos, cartón, madera, brochas, papel, cepillo, etc., impregnados con pinturas, grasas, aceites, hidrocarburos",3.15
México,Tlalnepantla de Baz,2024,Petrolífero,Pequeño Generador,Residuos sólidos,"Lámparas fluorescentes, lámparas de vapor de mercurio",0.2
México,Toluca,2024,Petrolífero,Microgenerador,Residuos sólidos,"Estopa, trapo, plásticos, cartón, madera, brochas, papel, cepillo, etc., impregnados con pinturas, grasas, aceites, hidrocarburos",0.07
México,Tultitlán,2024,Petrolífero,Pequeño Generador,Lodos,Lodos aceitosos,0.85
México,Tultitlán,2024,Petrolífero,Pequeño Generador,Residuos sólidos,"Estopa, trapo, plásticos, cartón, madera, brochas, papel, cepillo, etc., impregnados con pinturas, grasas, aceites, hidrocarburos",0.2
México,Villa Victoria,2024,Petrolífero,Pequeño Generador,Aceites gastados,Lubricantes,0.09
México,Villa Victoria,2024,Petrolífero,Pequeño Generador,Lodos,Lodos aceitosos,0.92
México,Villa Victoria,2024,Petrolífero,Pequeño Generador,Residuos sólidos,"Estopa, trapo, plásticos, cartón, madera, brochas, papel, cepillo, etc., impregnados con pinturas, grasas, aceites, hidrocarburos",0.11
México,Zacazonapan,2024,Petrolífero,Microgenerador,Lodos,Lodos aceitosos,0.17
México,Zacazonapan,2024,Petrolífero,Microgenerador,Residuos sólidos,"Estopa, trapo, plásticos, cartón, madera, brochas, papel, cepillo, etc., impregnados con pinturas, grasas, aceites, hidrocarburos",0.08
México,Zumpango,2024,Petrolero,Pequeño Generador,Aceites gastados,Lubricantes,1
México,Zumpango,2024,Petrolero,Pequeño Generador,Otros,Otros residuos,2
México,Zumpango,2024,Petrolero,Pequeño Generador,Otros,Otros residuos,2.5
México,Zumpango,2024,Petrolero,Pequeño Generador,Residuos sólidos,Otros sólidos,2.15
México,Zumpango,2024,Petrolero,Pequeño Generador,Residuos sólidos,Otros sólidos,1
México,Zumpango,2024,Petrolero,Pequeño Generador,Solventes,Orgánicos,1
México,Zumpango,2024,Petrolífero,Microgenerador,Lodos,Lodos aceitosos,0.11
México,Zumpango,2024,Petrolífero,Microgenerador,Residuos sólidos,"Estopa, trapo, plásticos, cartón, madera, brochas, papel, cepillo, etc., impregnados con pinturas, grasas, aceites, hidrocarburos",0.03
México,Valle de Chalco Solidaridad,2024,Petrolífero,Microgenerador,Lodos,Lodos aceitosos,0.08
México,Valle de Chalco Solidaridad,2024,Petrolífero,Microgenerador,Residuos sólidos,"Estopa, trapo, plásticos, cartón, madera, brochas, papel, cepillo, etc., impregnados con pinturas, grasas, aceites, hidrocarburos",0.03
México,Luvianos,2024,Petrolífero,Microgenerador,Agua contaminada,"Agua contaminada con hidrocarburos, combustibles, aceite o grasa",0.11
México,Luvianos,2024,Petrolífero,Microgenerador,Lodos,Lodos aceitosos,0.12
México,Luvianos,2024,Petrolífero,Microgenerador,Residuos sólidos,"Estopa, trapo, plásticos, cartón, madera, brochas, papel, cepillo, etc., impregnados con pinturas, grasas, aceites, hidrocarburos",0.1
México,San José del Rincón,2024,Petrolífero,Pequeño Generador,Aceites gastados,Lubricantes,0.08
México,San José del Rincón,2024,Petrolífero,Pequeño Generador,Lodos,Lodos aceitosos,0.95
México,San José del Rincón,2024,Petrolífero,Pequeño Generador,Residuos sólidos,"Estopa, trapo, plásticos, cartón, madera, brochas, papel, cepillo, etc., impregnados con pinturas, grasas, aceites, hidrocarburos",0.11
Michoacán,Los Reyes,2022,Petrolífero,Microgenerador,Lodos,Lodos aceitosos,0.04
Michoacán,Los Reyes,2022,Petrolífero,Microgenerador,Residuos sólidos,"Estopa, trapo, plásticos, cartón, madera, brochas, papel, cepillo, etc., impregnados con pinturas, grasas, aceites, hidrocarburos",0.02
Michoacán,Tarímbaro,2022,Petrolífero,Microgenerador,Lodos,Lodos aceitosos,0.15
Michoacán,Tarímbaro,2022,Petrolífero,Microgenerador,Residuos sólidos,"Estopa, trapo, plásticos, cartón, madera, brochas, papel, cepillo, etc., impregnados con pinturas, grasas, aceites, hidrocarburos",0.23
Michoacán,Tuxpan,2022,Petrolífero,Microgenerador,Lodos,Lodos aceitosos,0.22
Michoacán,Tuxpan,2022,Petrolífero,Microgenerador,Residuos sólidos,"Estopa, trapo, plásticos, cartón, madera, brochas, papel, cepillo, etc., impregnados con pinturas, grasas, aceites, hidrocarburos",0.16
Michoacán,Tuxpan,2022,Petrolífero,Pequeño Generador,Lodos,Lodos aceitosos,0.24
Michoacán,Tuxpan,2022,Petrolífero,Pequeño Generador,Residuos sólidos,"Estopa, trapo, plásticos, cartón, madera, brochas, papel, cepillo, etc., impregnados con pinturas, grasas, aceites, hidrocarburos",0.98
Michoacán,Zamora,2022,Petrolífero,Microgenerador,Lodos,Lodos aceitosos,0.06
Michoacán,Zitácuaro,2022,Petrolífero,Microgenerador,Lodos,Lodos aceitosos,0.19
Michoacán,Zitácuaro,2022,Petrolífero,Microgenerador,Residuos sólidos,"Estopa, trapo, plásticos, cartón, madera, brochas, papel, cepillo, etc., impregnados con pinturas, grasas, aceites, hidrocarburos",0.14
Michoacán,Sin Dato,2017,Petrolero,Microgenerador,Aceites gastados,Hidraulicos,0.22
Michoacán,Sin Dato,2017,Petrolero,Microgenerador,Aceites gastados,Lubricantes,0.37
Michoacán,Sin Dato,2017,Petrolero,Microgenerador,"Gasolina, diesel y naftas gastados o sucios provenientes de estaciónes de servicio y talleres automotrices","Gasolina, diesel y naftas gastados o sucios provenientes de estaciones de servicio y talleres automotrices",0.04
Michoacán,Sin Dato,2017,Petrolero,Microgenerador,Liquidos de proceso,"Agua contaminada con hidrocarburos, combustibles, aceite o grasa",0.12
Michoacán,Sin Dato,2017,Petrolero,Microgenerador,Liquidos de proceso,No corrosivos,0.05
Michoacán,Sin Dato,2017,Petrolero,Microgenerador,Lodos,Lodos provenientes de tanques de almacenaniento,0.18
Michoacán,Sin Dato,2017,Petrolero,Microgenerador,Lodos aceitosos,"Con contaminacion de hidrocarburos, combustibles, aceite",0.56
Michoacán,Sin Dato,2017,Petrolero,Microgenerador,Lodos aceitosos,Lodos procedentes de trampas de grasas e hidrocarburos,0.37
Michoacán,Sin Dato,2017,Petrolero,Microgenerador,Lodos aceitosos,"Lodos residuales de proceso, de tratamiento de aguas residuales",0.2
Michoacán,Sin Dato,2017,Petrolero,Microgenerador,Lodos aceitosos,Otros lodos,1.79
Michoacán,Sin Dato,2017,Petrolero,Microgenerador,Material textil,"Telas, felpas, estopas",0.48
Michoacán,Sin Dato,2017,Petrolero,Microgenerador,Residuos solidos,"Botes o recipientes que contuvieron contaminantes diversos, latas de pintura, aerosoles",1.44
Michoacán,Sin Dato,2017,Petrolero,Microgenerador,Residuos solidos,De mantenimiento automotríz,0.04
Michoacán,Sin Dato,2017,Petrolero,Microgenerador,Residuos solidos,"Estopa, trapo, plasticos, carton, madera, brochas, papel, cepillo, etc., impregnados con pinturas, grasas, aceites, hidrocarburos",0.27
Michoacán,Sin Dato,2017,Petrolero,Microgenerador,Residuos solidos,Lampara fluorescentes,0.09
Michoacán,Sin Dato,2017,Petrolero,Microgenerador,Residuos solidos,"Mangueras, pistolas o filtros para despacho de combustibles, descarga de contaminantes",0.11
Michoacán,Sin Dato,2017,Petrolero,Microgenerador,Residuos solidos,No especificado,0.21
Michoacán,Sin Dato,2017,Petrolero,Microgenerador,Residuos solidos,"Residuos de sustancias contaminantes (hidrocarburos, combustibles, aceites, grasas, pinturas)",0.01
Michoacán,Sin Dato,2017,Petrolero,Microgenerador,Residuos solidos,"Tierra, grava, acerrín impregnados con aceites, grasas e hidrocarburos",0.41
Michoacán,Sin Dato,2017,Petrolero,Microgenerador,Otros,"Pilas, baterias, focos",0.03
Michoacán,Sin Dato,2017,Petrolero,Pequeno Generador,Aceites gastados,Lubricantes,0.1
Michoacán,Sin Dato,2017,Petrolero,Pequeno Generador,"Gasolina, diesel y naftas gastados o sucios provenientes de estaciónes de servicio y talleres automotrices","Gasolina, diesel y naftas gastados o sucios provenientes de estaciones de servicio y talleres automotrices",0.4
Michoacán,Sin Dato,2017,Petrolero,Pequeno Generador,"Gasolina, diesel y naftas gastados o sucios provenientes de estaciónes de servicio y talleres automotrices","Mezclas de combustibles sucios, mezclas de hidrocarburos, naftas",0.14
Michoacán,Sin Dato,2017,Petrolero,Pequeno Generador,Liquidos de proceso,"Agua contaminada con hidrocarburos, combustibles, aceite o grasa",0.02
Michoacán,Sin Dato,2017,Petrolero,Pequeno Generador,Lodos,Lodos provenientes de tanques de almacenaniento,0.68
Michoacán,Sin Dato,2017,Petrolero,Pequeno Generador,Lodos,"Lodos residuales de proceso, de tratamiento de aguas residuales",1.2
Michoacán,Sin Dato,2017,Petrolero,Pequeno Generador,Lodos aceitosos,"Con contaminacion de hidrocarburos, combustibles, aceite",0.45
Michoacán,Sin Dato,2017,Petrolero,Pequeno Generador,Lodos aceitosos,Lodos procedentes de trampas de grasas e hidrocarburos,1.5
Michoacán,Sin Dato,2017,Petrolero,Pequeno Generador,Lodos aceitosos,"Lodos residuales de proceso, de tratamiento de aguas residuales",1.6
Michoacán,Sin Dato,2017,Petrolero,Pequeno Generador,Lodos aceitosos,Otros lodos,2.03
Michoacán,Sin Dato,2017,Petrolero,Pequeno Generador,Material textil,"Telas, felpas, estopas",0.45
Michoacán,Sin Dato,2017,Petrolero,Pequeno Generador,Residuos solidos,"Botes o recipientes que contuvieron contaminantes diversos, latas de pintura, aerosoles",1.29
Michoacán,Sin Dato,2017,Petrolero,Pequeno Generador,Residuos solidos,"Estopa, trapo, plasticos, carton, madera, brochas, papel, cepillo, etc., impregnados con pinturas, grasas, aceites, hidrocarburos",0.78
Michoacán,Sin Dato,2017,Petrolero,Pequeno Generador,Residuos solidos,Lampara fluorescentes,0.13
Michoacán,Sin Dato,2017,Petrolero,Pequeno Generador,Residuos solidos,"Mangueras, pistolas o filtros para despacho de combustibles, descarga de contaminantes",0.2
Michoacán,Sin Dato,2018,Petrolifero,Microgenerador,Aceites gastados (Hidraulicos),Aceite gastado hidraulico,0.28
Michoacán,Sin Dato,2018,Petrolifero,Microgenerador,Aceites gastados (Lubricantes),Aceites gastados lubricantes,2.16
Michoacán,Sin Dato,2018,Petrolifero,Microgenerador,Baterias alcalinas,Pilas alcalinas,0.02
Michoacán,Sin Dato,2018,Petrolifero,Microgenerador,Botes de Presurizados,Envases de aerosol,0.26
Michoacán,Sin Dato,2018,Petrolifero,Microgenerador,Filtro de aire o aceite contaminados,Filtros de aire usados,0.22
Michoacán,Sin Dato,2018,Petrolifero,Microgenerador,"Gasolina, Diesel y Naftas gastados o sucios","Gasolina, Diesel y Naftas gastados o sucios provenientes de Estaciones de Servicio y Talleres Automotrices",0.65
Michoacán,Sin Dato,2018,Petrolifero,Microgenerador,Lamparas fluorescentes y de vapor de mercurio,Lamparas fluorescentes y de vapor de mercurio,0.11
Michoacán,Sin Dato,2018,Petrolifero,Microgenerador,Liquidos residuales de proceso no corrosivos,Agua con hidrocaruros,1.91
Michoacán,Sin Dato,2018,Petrolifero,Microgenerador,Lodos Contaminados con Hidrocarburos,Lodos con aceite y restos de hidrocarburos,8.71
Michoacán,Sin Dato,2018,Petrolifero,Microgenerador,Lodos de tanques de almacenamiento de hidrocarburos,Lodos de tanques de hidrocarburos,1.01
Michoacán,Sin Dato,2018,Petrolifero,Microgenerador,Residuos de pinturas y esmaltes,Nata de Pintura,0.08
Michoacán,Sin Dato,2018,Petrolifero,Microgenerador,Pilas o Baterias con Litio o Cadmio,Pilas Niquel-Cadmio,0.06
Michoacán,Sin Dato,2018,Petrolifero,Microgenerador,Solidos contaminados con hidrocarburos diversos,"Filtros, mangueras, envases, botes, cubetas, contenedores, trapos, guantes, carton, aserrin, material absorbente,Estopas y trapos impregnados con combustible, Envases vacios impregnados de aceite",8.72
Michoacán,Sin Dato,2018,Petrolifero,Microgenerador,Solventes Gastados,Residuos de solventes,0.09
Michoacán,Sin Dato,2018,Petrolifero,Pequeno generador,Aceites gastados (Lubricantes),Aceites gastados lubricantes,6.14
Michoacán,Sin Dato,2018,Petrolifero,Pequeno generador,Baterias alcalinas,Pilas alcalinas,0.05
Michoacán,Sin Dato,2018,Petrolifero,Pequeno generador,Filtro de aire o aceite contaminados,Filtros de aire usados,0.83
Michoacán,Sin Dato,2018,Petrolifero,Pequeno generador,"Gasolina, Diesel y Naftas gastados o sucios","Gasolina, Diesel y Naftas gastados o sucios provenientes de Estaciones de Servicio y Talleres Automotrices",0
Michoacán,Sin Dato,2018,Petrolifero,Pequeno generador,Lamparas fluorescentes y de vapor de mercurio,Lamparas fluorescentes y de vapor de mercurio,0.1
Michoacán,Sin Dato,2018,Petrolifero,Pequeno generador,Liquidos residuales de proceso no corrosivos,Agua con hidrocaruros,0.69
Michoacán,Sin Dato,2018,Petrolifero,Pequeno generador,Lodos Contaminados con Hidrocarburos,Lodos aceitosos,20.86
Michoacán,Sin Dato,2018,Petrolifero,Pequeno generador,Residuos de pinturas y esmaltes,Nata de Pintura,0.65
Michoacán,Sin Dato,2018,Petrolifero,Pequeno generador,Pilas o Baterias con Litio o Cadmio,Pilas Niquel-Cadmio,0.07
Michoacán,Sin Dato,2018,Petrolifero,Pequeno generador,Solidos contaminados con hidrocarburos diversos,"Filtros, mangueras, envases, botes, cubetas, contenedores, trapos, guantes, carton, aserrin, material absorbente,Estopas y trapos impregnados con combustible, Envases vacios impregnados de aceite",4.77
Michoacán,Sin Dato,2019,Petrolero,Microgenerador,ACEITES GASTADOS,ACEITES GASTADOS LUBRICANTES,0.005
Michoacán,Sin Dato,2019,Petrolero,Microgenerador,PINTURAS Y PRODUCTOS RELACIONADOS,RESIDUOS DE PIGMENTOS BASE CROMO Y BASE PLOMO,0.006
Michoacán,Sin Dato,2019,Petrolero,Microgenerador,PINTURAS Y PRODUCTOS RELACIONADOS,FELPAS IMPREGNADAS DE PIGMENTOS DE CROMO Y PLOMO,0.004
Michoacán,Sin Dato,2019,Petrolero,Microgenerador,solidos,solidos OTROS (CARTUCHOS INTERNOS DE FILTROS IMPREGNADOS CON HOLLÍN Y ACEITE LUBRICANTE GASTADO.),0.001
Michoacán,Sin Dato,2019,Petrolero,Microgenerador,solidos,solidos CON METALES PESADOS,0.003
Michoacán,Sin Dato,2019,Petrolero,Microgenerador,solidos,solidos OTROS (baterias ALCALINAS USADAS),0.002
Michoacán,Sin Dato,2019,Petrolero,Microgenerador,solidos,solidos DE MANTENIMIENTO AUTOMOTRIZ,0.0095
Michoacán,Sin Dato,2019,Petrolero,Microgenerador,solidos,"solidos OTROS (SUELO CONTAMINADO CON ACEITE LUBRICANTE GASTADO, DIESEL, GASOLINA.)",0.0005
Michoacán,Sin Dato,2019,Petrolifero,Microgenerador,Aceites gastados,hidraulicos,0
Michoacán,Sin Dato,2019,Petrolifero,Microgenerador,Aceites gastados,Lubricantes,0.1944444
Michoacán,Sin Dato,2019,Petrolifero,Microgenerador,"Baterias, celdas y pilas",Pilas alcalinas,0
Michoacán,Sin Dato,2019,Petrolifero,Microgenerador,"Baterias, celdas y pilas",Pilas o baterias de Niquel - Cadmio,0
Michoacán,Sin Dato,2019,Petrolifero,Microgenerador,"Gasolina, diesel y naftas gastados o sucios provenientes de estaciónes de servicio y talleres automotrices","Gasolina, diesel y naftas gastados o sucios provenientes de estaciones de servicio y talleres automotrices",0
Michoacán,Sin Dato,2019,Petrolifero,Microgenerador,Liquidos de proceso,Liquidos con residuos de hidrocarburos,0
Michoacán,Sin Dato,2019,Petrolifero,Microgenerador,Lodos,Lodos aceitosos,0.1944444
Michoacán,Sin Dato,2019,Petrolifero,Microgenerador,Lodos,Lodos procedentes de trampas de grasas e hidrocarburos,0
Michoacán,Sin Dato,2019,Petrolifero,Microgenerador,Pinturas y productos relacionados,"Residuos de pinturas, pinturas caducadas",0
Michoacán,Sin Dato,2019,Petrolifero,Microgenerador,Residuos solidos,"Botes o recipientes que contuvieron contaminantes diversos, latas de pintura, aerosoles",0
Michoacán,Sin Dato,2019,Petrolifero,Microgenerador,Residuos solidos,"Estopa, trapo, plásticos, cartón, madera, brochas, papel, cepillo, etc., impregnados con pinturas, grasas, aceites, hidrocarburos",0.1944444
Michoacán,Sin Dato,2019,Petrolifero,Microgenerador,Residuos solidos,Filtro de aire o de aceite contaminados,0
Michoacán,Sin Dato,2019,Petrolifero,Microgenerador,Residuos solidos,Lámpara fluorescentes,0
Michoacán,Sin Dato,2019,Petrolifero,Microgenerador,Solventes,Residuos de solventes,0
Michoacán,Sin Dato,2019,Petrolifero,Pequeno Generador,Aceites gastados,Lubricantes,0
Michoacán,Sin Dato,2019,Petrolifero,Pequeno Generador,"Baterias, celdas y pilas",Pilas alcalinas,0
Michoacán,Sin Dato,2019,Petrolifero,Pequeno Generador,"Baterias, celdas y pilas",Pilas o baterias de Niquel - Cadmio,0
Michoacán,Sin Dato,2019,Petrolifero,Pequeno Generador,"Gasolina, diesel y naftas gastados o sucios provenientes de estaciónes de servicio y talleres automotrices","Gasolina, diesel y naftas gastados o sucios provenientes de estaciones de servicio y talleres automotrices",0
Michoacán,Sin Dato,2019,Petrolifero,Pequeno Generador,Liquidos de proceso,Liquidos con residuos de hidrocarburos,0
Michoacán,Sin Dato,2019,Petrolifero,Pequeno Generador,Lodos,Lodos aceitosos,0
Michoacán,Sin Dato,2019,Petrolifero,Pequeno Generador,Pinturas y productos relacionados,"Residuos de pinturas, pinturas caducadas",0
Michoacán,Sin Dato,2019,Petrolifero,Pequeno Generador,Residuos solidos,"Estopa, trapo, plásticos, cartón, madera, brochas, papel, cepillo, etc., impregnados con pinturas, grasas, aceites, hidrocarburos",0
Michoacán,Sin Dato,2019,Petrolifero,Pequeno Generador,Residuos solidos,Filtro de aire o de aceite contaminados,0
Michoacán,Sin Dato,2019,Petrolifero,Pequeno Generador,Residuos solidos,Lámpara fluorescentes,0
Michoacán,Sin Dato,2020,Petrolifero,Microgenerador,Aceites hidraúlicos,Aceites gastados hidráulicos,0.01051
Michoacán,Sin Dato,2020,Petrolifero,Microgenerador,Aceites lubricantes,Aceites gastados lubricantes,1.42401
Michoacán,Sin Dato,2020,Petrolifero,Microgenerador,Líquidos de proceso,Aguas aceitosas,0.099
Michoacán,Sin Dato,2020,Petrolifero,Microgenerador,"Baterias, pilas y balastras","Baterias, pilas y balastras",0.042
Michoacán,Sin Dato,2020,Petrolifero,Microgenerador,"Gasollina, diésel y naftas gastados","Gasollina, diésel y naftas gastados",0.35
Michoacán,Sin Dato,2020,Petrolifero,Microgenerador,Lámparas fluorescentes y de vapor de mercurio,Lámparas fluorescentes y de vapor de mercurio,0.17882
Michoacán,Sin Dato,2020,Petrolifero,Microgenerador,Lodos,Lodos aceitosos,1.983
Michoacán,Sin Dato,2020,Petrolifero,Microgenerador,Residuos sólidos,"Estopa, trapo, plásticos, cartón, madera, brochas, papel, cepillo, etc., impregnados con pinturas, grasas, aceites, hidrocarburos",2.6839
Michoacán,Sin Dato,2020,Petrolifero,Pequeno Generador,Aceites hidraúlicos,Aceites gastados hidráulicos,0.6976
Michoacán,Sin Dato,2020,Petrolifero,Pequeno Generador,Aceites lubricantes,Aceites gastados lubricantes,5.4997
Michoacán,Sin Dato,2020,Petrolifero,Pequeno Generador,Líquidos de proceso,Aguas aceitosas,0.5
Michoacán,Sin Dato,2020,Petrolifero,Pequeno Generador,"Baterias, pilas y balastras","Baterias, pilas y balastras",0.02
Michoacán,Sin Dato,2020,Petrolifero,Pequeno Generador,"Gasollina, diésel y naftas gastados","Gasollina, diésel y naftas gastados",0.5
Michoacán,Sin Dato,2020,Petrolifero,Pequeno Generador,Lámparas fluorescentes y de vapor de mercurio,Lámparas fluorescentes y de vapor de mercurio,0.7042
Michoacán,Sin Dato,2020,Petrolifero,Pequeno Generador,Lodos,Lodos aceitosos,3.964
Michoacán,Sin Dato,2020,Petrolifero,Pequeno Generador,Residuos sólidos,"Estopa, trapo, plásticos, cartón, madera, brochas, papel, cepillo, etc., impregnados con pinturas, grasas, aceites, hidrocarburos",5.8656
Michoacán,Sin Dato,2021,Petrolifero,Microgenerador,Aceites gastados,hidraulicos,0.01
Michoacán,Sin Dato,2021,Petrolifero,Microgenerador,Aceites gastados,Lubricantes,1.42
Michoacán,Sin Dato,2021,Petrolifero,Microgenerador,"baterias, celdas y pilas","Baterias, pilas y balastras",0.04
Michoacán,Sin Dato,2021,Petrolifero,Microgenerador,"Gasolina, diésel y naftas gastados o sucios provenientes de estaciones de servicio y talleres automotrices","Gasolina, diesel y naftas gastados o sucios",0.35
Michoacán,Sin Dato,2021,Petrolifero,Microgenerador,Otros,"Agua oleosa, agua contaminada",0.1
Michoacán,Sin Dato,2021,Petrolifero,Microgenerador,Residuos solidos,"Estopa, trapo, plásticos, cartón, madera, brochas, papel, cepillo, etc., impregnados con pinturas, grasas, aceites, hidrocarburos",2.68
Michoacán,Sin Dato,2021,Petrolifero,Microgenerador,Residuos solidos,"Lámparas fluorescentes, lámparas de vapor de mercurio",0.18
Michoacán,Sin Dato,2021,Petrolifero,Microgenerador,Lodos,Lodos aceitosos,1.98
Michoacán,Sin Dato,2021,Petrolifero,Pequeno Generador,Aceites gastados,hidraulicos,0.7
Michoacán,Sin Dato,2021,Petrolifero,Pequeno Generador,Aceites gastados,Lubricantes,5.5
Michoacán,Sin Dato,2021,Petrolifero,Pequeno Generador,"baterias, celdas y pilas","Baterias, pilas y balastras",0.02
Michoacán,Sin Dato,2021,Petrolifero,Pequeno Generador,"Gasolina, diésel y naftas gastados o sucios provenientes de estaciones de servicio y talleres automotrices","Gasolina, diesel y naftas gastados o sucios",0.5
Michoacán,Sin Dato,2021,Petrolifero,Pequeno Generador,Otros,"Agua oleosa, agua contaminada",0.5
Michoacán,Sin Dato,2021,Petrolifero,Pequeno Generador,Residuos solidos,"Estopa, trapo, plásticos, cartón, madera, brochas, papel, cepillo, etc., impregnados con pinturas, grasas, aceites, hidrocarburos",5.87
Michoacán,Sin Dato,2021,Petrolifero,Pequeno Generador,Residuos solidos,"Lámparas fluorescentes, lámparas de vapor de mercurio",0.7
Michoacán,Sin Dato,2021,Petrolifero,Pequeno Generador,Lodos,Lodos aceitosos,3.96
Michoacán,Álvaro Obregón,2023,Petrolífero,Pequeño Generador,Residuos sólidos,"Estopa, trapo, plásticos, cartón, madera, brochas, papel, cepillo, etc., impregnados con pinturas, grasas, aceites, hidrocarburos",0.93
Michoacán,Álvaro Obregón,2023,Petrolífero,Pequeño Generador,Residuos sólidos,"Estopa, trapo, plásticos, cartón, madera, brochas, papel, cepillo, etc., impregnados con pinturas, grasas, aceites, hidrocarburos",1.1
Michoacán,Apatzingán,2023,Petrolífero,Microgenerador,Lodos,Lodos aceitosos,0.02
Michoacán,Apatzingán,2023,Petrolífero,Microgenerador,Residuos sólidos,"Estopa, trapo, plásticos, cartón, madera, brochas, papel, cepillo, etc., impregnados con pinturas, grasas, aceites, hidrocarburos",0.04
Michoacán,Buenavista,2023,Petrolífero,Microgenerador,Lodos,Lodos aceitosos,0.01
Michoacán,Buenavista,2023,Petrolífero,Microgenerador,Residuos sólidos,"Estopa, trapo, plásticos, cartón, madera, brochas, papel, cepillo, etc., impregnados con pinturas, grasas, aceites, hidrocarburos",0.06
Michoacán,Coeneo,2023,Petrolífero,Pequeño Generador,"Baterías, celdas y pilas","Baterias, pilas y balastras",0
Michoacán,Coeneo,2023,Petrolífero,Pequeño Generador,"Gasolina, diésel y naftas gastados o sucios provenientes de estaciones de servicio y talleres automotrices","Gasolina, diesel y naftas gastados o sucios",0.11
Michoacán,Coeneo,2023,Petrolífero,Pequeño Generador,Lodos,Lodos aceitosos,0.75
Michoacán,Coeneo,2023,Petrolífero,Pequeño Generador,Residuos sólidos,"Estopa, trapo, plásticos, cartón, madera, brochas, papel, cepillo, etc., impregnados con pinturas, grasas, aceites, hidrocarburos",0.37
Michoacán,Coeneo,2023,Petrolífero,Pequeño Generador,Residuos sólidos,"Lámparas fluorescentes, lámparas de vapor de mercurio",0.01
Michoacán,Charo,2023,Petrolífero,Microgenerador,Lodos,Lodos aceitosos,0.27
Michoacán,Charo,2023,Petrolífero,Microgenerador,Residuos sólidos,"Estopa, trapo, plásticos, cartón, madera, brochas, papel, cepillo, etc., impregnados con pinturas, grasas, aceites, hidrocarburos",0.13
Michoacán,Gabriel Zamora,2023,Petrolífero,Microgenerador,"Gasolina, diésel y naftas gastados o sucios provenientes de estaciones de servicio y talleres automotrices","Gasolina, diesel y naftas gastados o sucios",0.29
Michoacán,Gabriel Zamora,2023,Petrolífero,Microgenerador,Lodos,Lodos aceitosos,0.03
Michoacán,Gabriel Zamora,2023,Petrolífero,Microgenerador,Residuos sólidos,"Estopa, trapo, plásticos, cartón, madera, brochas, papel, cepillo, etc., impregnados con pinturas, grasas, aceites, hidrocarburos",0.03
Michoacán,Hidalgo,2023,Petrolífero,Microgenerador,Lodos,Lodos aceitosos,0.02
Michoacán,Hidalgo,2023,Petrolífero,Microgenerador,Residuos sólidos,"Estopa, trapo, plásticos, cartón, madera, brochas, papel, cepillo, etc., impregnados con pinturas, grasas, aceites, hidrocarburos",0.05
Michoacán,Jiquilpan,2023,Petrolífero,Microgenerador,Agua contaminada,"Agua contaminada con hidrocarburos, combustibles, aceite o grasa",0.04
Michoacán,Jiquilpan,2023,Petrolífero,Microgenerador,Lodos,Lodos aceitosos,0.06
Michoacán,Jiquilpan,2023,Petrolífero,Microgenerador,Residuos sólidos,"Estopa, trapo, plásticos, cartón, madera, brochas, papel, cepillo, etc., impregnados con pinturas, grasas, aceites, hidrocarburos",0.1
Michoacán,Morelia,2023,Petrolífero,Microgenerador,Lodos,Lodos aceitosos,0.42
Michoacán,Morelia,2023,Petrolífero,Microgenerador,Residuos sólidos,"Estopa, trapo, plásticos, cartón, madera, brochas, papel, cepillo, etc., impregnados con pinturas, grasas, aceites, hidrocarburos",0.27
Michoacán,Morelia,2023,Petrolífero,Pequeño Generador,"Baterías, celdas y pilas","Baterias, pilas y balastras",0.03
Michoacán,Morelia,2023,Petrolífero,Pequeño Generador,"Gasolina, diésel y naftas gastados o sucios provenientes de estaciones de servicio y talleres automotrices","Gasolina, diesel y naftas gastados o sucios",0.05
Michoacán,Morelia,2023,Petrolífero,Pequeño Generador,Lodos,Lodos aceitosos,0.5
Michoacán,Morelia,2023,Petrolífero,Pequeño Generador,Residuos sólidos,"Estopa, trapo, plásticos, cartón, madera, brochas, papel, cepillo, etc., impregnados con pinturas, grasas, aceites, hidrocarburos",0.1
Michoacán,Morelia,2023,Petrolífero,Pequeño Generador,Residuos sólidos,"Lámparas fluorescentes, lámparas de vapor de mercurio",0.05
Michoacán,Múgica,2023,Petrolífero,Pequeño Generador,"Gasolina, diésel y naftas gastados o sucios provenientes de estaciones de servicio y talleres automotrices","Gasolina, diesel y naftas gastados o sucios",0.12
Michoacán,Múgica,2023,Petrolífero,Pequeño Generador,Lodos,Lodos aceitosos,0.12
Michoacán,Múgica,2023,Petrolífero,Pequeño Generador,Residuos sólidos,"Estopa, trapo, plásticos, cartón, madera, brochas, papel, cepillo, etc., impregnados con pinturas, grasas, aceites, hidrocarburos",0.19
Michoacán,Nocupétaro,2023,Petrolífero,Microgenerador,Lodos,Lodos aceitosos,0.03
Michoacán,Nuevo Parangaricutiro,2023,Petrolífero,Microgenerador,Lodos,Lodos aceitosos,0.04
Michoacán,Nuevo Parangaricutiro,2023,Petrolífero,Microgenerador,Residuos sólidos,"Estopa, trapo, plásticos, cartón, madera, brochas, papel, cepillo, etc., impregnados con pinturas, grasas, aceites, hidrocarburos",0.02
Michoacán,Panindícuaro,2023,Petrolífero,Microgenerador,Aceites gastados,Lubricantes,0.11
Michoacán,Panindícuaro,2023,Petrolífero,Microgenerador,Lodos,Lodos aceitosos,0.19
Michoacán,Panindícuaro,2023,Petrolífero,Microgenerador,Residuos sólidos,"Estopa, trapo, plásticos, cartón, madera, brochas, papel, cepillo, etc., impregnados con pinturas, grasas, aceites, hidrocarburos",0.09
Michoacán,Peribán,2023,Petrolífero,Pequeño Generador,"Gasolina, diésel y naftas gastados o sucios provenientes de estaciones de servicio y talleres automotrices","Gasolina, diesel y naftas gastados o sucios",0.2
Michoacán,Peribán,2023,Petrolífero,Pequeño Generador,Lodos,Lodos aceitosos,0.32
Michoacán,Peribán,2023,Petrolífero,Pequeño Generador,Residuos sólidos,"Estopa, trapo, plásticos, cartón, madera, brochas, papel, cepillo, etc., impregnados con pinturas, grasas, aceites, hidrocarburos",0.25
Michoacán,La Piedad,2023,Petrolífero,Microgenerador,Aceites gastados,Lubricantes,0.08
Michoacán,La Piedad,2023,Petrolífero,Microgenerador,Lodos,Lodos aceitosos,0.18
Michoacán,La Piedad,2023,Petrolífero,Microgenerador,Residuos sólidos,"Estopa, trapo, plásticos, cartón, madera, brochas, papel, cepillo, etc., impregnados con pinturas, grasas, aceites, hidrocarburos",0.11
Michoacán,La Piedad,2023,Petrolífero,Microgenerador,Residuos sólidos,"Lámparas fluorescentes, lámparas de vapor de mercurio",0.02
Michoacán,Los Reyes,2023,Petrolífero,Microgenerador,Lodos,Lodos aceitosos,0
Michoacán,Los Reyes,2023,Petrolífero,Microgenerador,Residuos sólidos,"Estopa, trapo, plásticos, cartón, madera, brochas, papel, cepillo, etc., impregnados con pinturas, grasas, aceites, hidrocarburos",0
Michoacán,Sahuayo,2023,Petrolífero,Pequeño Generador,Lodos,Lodos aceitosos,0.18
Michoacán,Sahuayo,2023,Petrolífero,Pequeño Generador,Residuos sólidos,"Estopa, trapo, plásticos, cartón, madera, brochas, papel, cepillo, etc., impregnados con pinturas, grasas, aceites, hidrocarburos",1
Michoacán,San Lucas,2023,Petrolífero,Pequeño Generador,Lodos,Lodos aceitosos,1.07
Michoacán,San Lucas,2023,Petrolífero,Pequeño Generador,Residuos sólidos,"Estopa, trapo, plásticos, cartón, madera, brochas, papel, cepillo, etc., impregnados con pinturas, grasas, aceites, hidrocarburos",0.1
Michoacán,Senguio,2023,Petrolífero,Microgenerador,"Gasolina, diésel y naftas gastados o sucios provenientes de estaciones de servicio y talleres automotrices","Gasolina, diesel y naftas gastados o sucios",0.03
Michoacán,Senguio,2023,Petrolífero,Microgenerador,Residuos sólidos,"Estopa, trapo, plásticos, cartón, madera, brochas, papel, cepillo, etc., impregnados con pinturas, grasas, aceites, hidrocarburos",0.03
Michoacán,Tangamandapio,2023,Petrolífero,Microgenerador,Aceites gastados,Lubricantes,0.01
Michoacán,Tangamandapio,2023,Petrolífero,Microgenerador,"Baterías, celdas y pilas","Baterias, pilas y balastras",0
Michoacán,Tangamandapio,2023,Petrolífero,Microgenerador,Lodos,Lodos aceitosos,0.24
Michoacán,Tangamandapio,2023,Petrolífero,Microgenerador,Residuos sólidos,"Estopa, trapo, plásticos, cartón, madera, brochas, papel, cepillo, etc., impregnados con pinturas, grasas, aceites, hidrocarburos",0.14
Michoacán,Tangamandapio,2023,Petrolífero,Microgenerador,Residuos sólidos,"Lámparas fluorescentes, lámparas de vapor de mercurio",0.01
Michoacán,Tepalcatepec,2023,Petrolífero,Microgenerador,Lodos,Lodos aceitosos,0.2
Michoacán,Tepalcatepec,2023,Petrolífero,Microgenerador,Residuos sólidos,"Estopa, trapo, plásticos, cartón, madera, brochas, papel, cepillo, etc., impregnados con pinturas, grasas, aceites, hidrocarburos",0.19
Michoacán,Tepalcatepec,2023,Petrolífero,Microgenerador,Residuos sólidos,"Lámparas fluorescentes, lámparas de vapor de mercurio",0.01
Michoacán,Tiquicheo de Nicolás Romero,2023,Petrolífero,Microgenerador,"Gasolina, diésel y naftas gastados o sucios provenientes de estaciones de servicio y talleres automotrices","Gasolina, diesel y naftas gastados o sucios",0.03
Michoacán,Tiquicheo de Nicolás Romero,2023,Petrolífero,Microgenerador,Lodos,Lodos aceitosos,0.01
Michoacán,Tiquicheo de Nicolás Romero,2023,Petrolífero,Microgenerador,Residuos sólidos,"Estopa, trapo, plásticos, cartón, madera, brochas, papel, cepillo, etc., impregnados con pinturas, grasas, aceites, hidrocarburos",0.28
Michoacán,Uruapan,2023,Petrolífero,Microgenerador,Lodos,Lodos aceitosos,0.08
Michoacán,Uruapan,2023,Petrolífero,Microgenerador,Residuos sólidos,"Estopa, trapo, plásticos, cartón, madera, brochas, papel, cepillo, etc., impregnados con pinturas, grasas, aceites, hidrocarburos",0.03
Michoacán,Zamora,2023,Petrolífero,Microgenerador,Lodos,Lodos aceitosos,0.15
Michoacán,Zamora,2023,Petrolífero,Microgenerador,Residuos sólidos,"Estopa, trapo, plásticos, cartón, madera, brochas, papel, cepillo, etc., impregnados con pinturas, grasas, aceites, hidrocarburos",0.09
Michoacán,Zitácuaro,2023,Petrolífero,Microgenerador,Lodos,Lodos aceitosos,0.19
Michoacán,Zitácuaro,2023,Petrolífero,Microgenerador,Residuos sólidos,"Estopa, trapo, plásticos, cartón, madera, brochas, papel, cepillo, etc., impregnados con pinturas, grasas, aceites, hidrocarburos",0.08
Michoacán,Huetamo,2024,Petrolífero,Microgenerador,Lodos,Lodos aceitosos,0.05
Michoacán,Lázaro Cárdenas,2024,Petrolífero,Microgenerador,Lodos,Lodos aceitosos,0.04
Michoacán,Lázaro Cárdenas,2024,Petrolífero,Microgenerador,Residuos sólidos,"Estopa, trapo, plásticos, cartón, madera, brochas, papel, cepillo, etc., impregnados con pinturas, grasas, aceites, hidrocarburos",0.04
Michoacán,Lázaro Cárdenas,2024,Petrolífero,Pequeño Generador,Gasolina y otros combustibles,"Gasolina, diesel y naftas gastados o sucios",0.1
Michoacán,Lázaro Cárdenas,2024,Petrolífero,Pequeño Generador,Lodos,Lodos aceitosos,0.1
Michoacán,Lázaro Cárdenas,2024,Petrolífero,Pequeño Generador,Residuos sólidos,"Estopa, trapo, plásticos, cartón, madera, brochas, papel, cepillo, etc., impregnados con pinturas, grasas, aceites, hidrocarburos",0.26
Michoacán,Morelia,2024,Petrolífero,Microgenerador,Aceites gastados,Lubricantes,0.12
Michoacán,Morelia,2024,Petrolífero,Microgenerador,Lodos,Lodos aceitosos,0.63
Michoacán,Morelia,2024,Petrolífero,Microgenerador,Residuos sólidos,"Estopa, trapo, plásticos, cartón, madera, brochas, papel, cepillo, etc., impregnados con pinturas, grasas, aceites, hidrocarburos",1.92
Michoacán,Morelia,2024,Petrolífero,Microgenerador,Residuos sólidos,"Lámparas fluorescentes, lámparas de vapor de mercurio",0
Michoacán,Morelia,2024,Petrolífero,Pequeño Generador,Lodos,Lodos aceitosos,0.5
Michoacán,Morelia,2024,Petrolífero,Pequeño Generador,Residuos sólidos,"Estopa, trapo, plásticos, cartón, madera, brochas, papel, cepillo, etc., impregnados con pinturas, grasas, aceites, hidrocarburos",1.63
Michoacán,Múgica,2024,Petrolífero,Pequeño Generador,Gasolina y otros combustibles,"Gasolina, diesel y naftas gastados o sucios",0.23
Michoacán,Múgica,2024,Petrolífero,Pequeño Generador,Lodos,Lodos aceitosos,0.35
Michoacán,Múgica,2024,Petrolífero,Pequeño Generador,Residuos sólidos,"Estopa, trapo, plásticos, cartón, madera, brochas, papel, cepillo, etc., impregnados con pinturas, grasas, aceites, hidrocarburos",0.32
Michoacán,Numarán,2024,Petrolífero,Microgenerador,Lodos,Lodos aceitosos,0.07
Michoacán,Numarán,2024,Petrolífero,Microgenerador,Residuos sólidos,"Estopa, trapo, plásticos, cartón, madera, brochas, papel, cepillo, etc., impregnados con pinturas, grasas, aceites, hidrocarburos",0.03
Michoacán,Pátzcuaro,2024,Petrolífero,Microgenerador,Lodos,Lodos aceitosos,0.2
Michoacán,Pátzcuaro,2024,Petrolífero,Microgenerador,Residuos sólidos,"Estopa, trapo, plásticos, cartón, madera, brochas, papel, cepillo, etc., impregnados con pinturas, grasas, aceites, hidrocarburos",0.2
Michoacán,Peribán,2024,Petrolífero,Microgenerador,Residuos sólidos,"Estopa, trapo, plásticos, cartón, madera, brochas, papel, cepillo, etc., impregnados con pinturas, grasas, aceites, hidrocarburos",0.04
Michoacán,Tancítaro,2024,Petrolífero,Microgenerador,Residuos sólidos,"Estopa, trapo, plásticos, cartón, madera, brochas, papel, cepillo, etc., impregnados con pinturas, grasas, aceites, hidrocarburos",0.04
Michoacán,Tangancícuaro,2024,Petrolífero,Pequeño Generador,Lodos,Lodos aceitosos,1.08
Michoacán,Tangancícuaro,2024,Petrolífero,Pequeño Generador,Residuos sólidos,"Estopa, trapo, plásticos, cartón, madera, brochas, papel, cepillo, etc., impregnados con pinturas, grasas, aceites, hidrocarburos",0.11
Michoacán,Tarímbaro,2024,Petrolífero,Pequeño Generador,Aceites gastados,Lubricantes,0.05
Michoacán,Tarímbaro,2024,Petrolífero,Pequeño Generador,Agua contaminada,"Agua contaminada con hidrocarburos, combustibles, aceite o grasa",5.1
Michoacán,Tarímbaro,2024,Petrolífero,Pequeño Generador,"Baterías, celdas, pilas, balastras","Baterias, pilas, acumuladores, balastras",0
Michoacán,Tarímbaro,2024,Petrolífero,Pequeño Generador,Gasolina y otros combustibles,"Gasolina, diesel y naftas gastados o sucios",0.19
Michoacán,Tarímbaro,2024,Petrolífero,Pequeño Generador,Lodos,Lodos aceitosos,0.4
Michoacán,Tarímbaro,2024,Petrolífero,Pequeño Generador,Residuos sólidos,"Estopa, trapo, plásticos, cartón, madera, brochas, papel, cepillo, etc., impregnados con pinturas, grasas, aceites, hidrocarburos",0.22
Michoacán,Tarímbaro,2024,Petrolífero,Pequeño Generador,Residuos sólidos,"Lámparas fluorescentes, lámparas de vapor de mercurio",0.01
Michoacán,Tingambato,2024,Petrolífero,Microgenerador,Lodos,Lodos aceitosos,0.02
Michoacán,Tingambato,2024,Petrolífero,Microgenerador,Residuos sólidos,"Lámparas fluorescentes, lámparas de vapor de mercurio",0.02
Michoacán,Uruapan,2024,Petrolífero,Microgenerador,Agua contaminada,"Agua contaminada con hidrocarburos, combustibles, aceite o grasa",0.11
Michoacán,Uruapan,2024,Petrolífero,Microgenerador,"Baterías, celdas, pilas, balastras","Baterias, pilas, acumuladores, balastras",0.01
Michoacán,Uruapan,2024,Petrolífero,Microgenerador,Lodos,Lodos aceitosos,0.1
Michoacán,Uruapan,2024,Petrolífero,Microgenerador,Residuos sólidos,"Estopa, trapo, plásticos, cartón, madera, brochas, papel, cepillo, etc., impregnados con pinturas, grasas, aceites, hidrocarburos",0.24
Michoacán,Uruapan,2024,Petrolífero,Microgenerador,Residuos sólidos,"Lámparas fluorescentes, lámparas de vapor de mercurio",0.04
Michoacán,Uruapan,2024,Petrolífero,Pequeño Generador,Aceites gastados,Hidráulicos,0.8
Michoacán,Uruapan,2024,Petrolífero,Pequeño Generador,"Baterías, celdas, pilas, balastras","Baterias, pilas, acumuladores, balastras",0.01
Michoacán,Uruapan,2024,Petrolífero,Pequeño Generador,Gasolina y otros combustibles,"Gasolina, diesel y naftas gastados o sucios",0.09
Michoacán,Uruapan,2024,Petrolífero,Pequeño Generador,Lodos,Lodos aceitosos,0.35
Michoacán,Uruapan,2024,Petrolífero,Pequeño Generador,Residuos sólidos,"Estopa, trapo, plásticos, cartón, madera, brochas, papel, cepillo, etc., impregnados con pinturas, grasas, aceites, hidrocarburos",1.83
Michoacán,Zitácuaro,2024,Petrolífero,Microgenerador,Lodos,Lodos aceitosos,0.07
Michoacán,Zitácuaro,2024,Petrolífero,Microgenerador,Residuos sólidos,"Estopa, trapo, plásticos, cartón, madera, brochas, papel, cepillo, etc., impregnados con pinturas, grasas, aceites, hidrocarburos",0.13
Morelos,Sin Dato,2017,Petrolero,Microgenerador,"Baterias, celdas y pilas","Pilas, baterias, acumuladores, celdas de desecho: niquel-cadmio, plomo, mercurio",0.01
Morelos,Sin Dato,2017,Petrolero,Microgenerador,Lodos,Lodos provenientes de tanques de almacenaniento,0.02
Morelos,Sin Dato,2017,Petrolero,Microgenerador,Lodos aceitosos,Otros lodos,1.93
Morelos,Sin Dato,2017,Petrolero,Microgenerador,Material textil,"Telas, felpas, estopas",0.35
Morelos,Sin Dato,2017,Petrolero,Microgenerador,Residuos solidos,"Botes o recipientes que contuvieron contaminantes diversos, latas de pintura, aerosoles",0.48
Morelos,Sin Dato,2017,Petrolero,Microgenerador,Residuos solidos,De mantenimiento automotríz,0
Morelos,Sin Dato,2017,Petrolero,Microgenerador,Residuos solidos,"Estopa, trapo, plasticos, carton, madera, brochas, papel, cepillo, etc., impregnados con pinturas, grasas, aceites, hidrocarburos",0.01
Morelos,Sin Dato,2017,Petrolero,Microgenerador,Residuos solidos,Lampara fluorescentes,0.06
Morelos,Sin Dato,2017,Petrolero,Microgenerador,Residuos solidos,"Mangueras, pistolas o filtros para despacho de combustibles, descarga de contaminantes",0.01
Morelos,Sin Dato,2017,Petrolero,Microgenerador,Residuos solidos,"Tierra, grava, acerrín impregnados con aceites, grasas e hidrocarburos",0.03
Morelos,Sin Dato,2017,Petrolero,Pequeno Generador,Aceites gastados,Lubricantes,9.64
Morelos,Sin Dato,2017,Petrolero,Pequeno Generador,"Baterias, celdas y pilas",Pilas alcalinas,0
Morelos,Sin Dato,2017,Petrolero,Pequeno Generador,"Baterias, celdas y pilas","Pilas, baterias, acumuladores, celdas de desecho: niquel-cadmio, plomo, mercurio",0
Morelos,Sin Dato,2017,Petrolero,Pequeno Generador,Liquidos de proceso,"Agua contaminada con hidrocarburos, combustibles, aceite o grasa",7
Morelos,Sin Dato,2017,Petrolero,Pequeno Generador,Lodos aceitosos,Lodos procedentes de trampas de grasas e hidrocarburos,2.85
Morelos,Sin Dato,2017,Petrolero,Pequeno Generador,Lodos aceitosos,"Lodos residuales de proceso, de tratamiento de aguas residuales",1.2
Morelos,Sin Dato,2017,Petrolero,Pequeno Generador,Lodos aceitosos,Otros lodos,4.41
Morelos,Sin Dato,2017,Petrolero,Pequeno Generador,Material textil,"Telas, felpas, estopas",0.48
Morelos,Sin Dato,2017,Petrolero,Pequeno Generador,Pinturas y productos relacionados,"Residuos de pinturas, pinturas caducadas",3.2
Morelos,Sin Dato,2017,Petrolero,Pequeno Generador,Residuos solidos,Balastras,0.01
Morelos,Sin Dato,2017,Petrolero,Pequeno Generador,Residuos solidos,"Botes o recipientes que contuvieron contaminantes diversos, latas de pintura, aerosoles",0.94
Morelos,Sin Dato,2017,Petrolero,Pequeno Generador,Residuos solidos,De mantenimiento automotríz,0.17
Morelos,Sin Dato,2017,Petrolero,Pequeno Generador,Residuos solidos,"Estopa, trapo, plasticos, carton, madera, brochas, papel, cepillo, etc., impregnados con pinturas, grasas, aceites, hidrocarburos",0.88
Morelos,Sin Dato,2017,Petrolero,Pequeno Generador,Residuos solidos,Lampara fluorescentes,0.01
Morelos,Sin Dato,2017,Petrolero,Pequeno Generador,Residuos solidos,"Mangueras, pistolas o filtros para despacho de combustibles, descarga de contaminantes",0.02
Morelos,Sin Dato,2017,Petrolero,Pequeno Generador,Residuos solidos,"Tierra, grava, acerrín impregnados con aceites, grasas e hidrocarburos",0.16
Morelos,Sin Dato,2018,Petrolifero,Microgenerador,Aceites gastados (Lubricantes),Aceites gastados lubricantes,9.03
Morelos,Sin Dato,2018,Petrolifero,Microgenerador,Lodos Contaminados con Hidrocarburos,Lodos con aceite y restos de hidrocarburos,9.88
Morelos,Sin Dato,2018,Petrolifero,Microgenerador,Lodos de tanques de almacenamiento de hidrocarburos,Lodos de tanques de hidrocarburos,0.28
Morelos,Sin Dato,2018,Petrolifero,Microgenerador,Solidos contaminados con hidrocarburos diversos,"Filtros, mangueras, envases, botes, cubetas, contenedores, trapos, guantes, carton, aserrin, material absorbente,Estopas y trapos impregnados con combustible, Envases vacios impregnados de aceite",0.48
Morelos,Sin Dato,2018,Petrolifero,Pequeno generador,Aceites gastados (Hidraulicos),Aceite gastado hidraulico,6.7
Morelos,Sin Dato,2018,Petrolifero,Pequeno generador,Aceites gastados (Lubricantes),Aceites gastados lubricantes,58.69
Morelos,Sin Dato,2018,Petrolifero,Pequeno generador,Botes de Presurizados,Envases de aerosol,1
Morelos,Sin Dato,2018,Petrolifero,Pequeno generador,"Gasolina, Diesel y Naftas gastados o sucios","Gasolina, Diesel y Naftas gastados o sucios provenientes de Estaciones de Servicio y Talleres Automotrices",6.3
Morelos,Sin Dato,2018,Petrolifero,Pequeno generador,Liquidos residuales de proceso no corrosivos,Agua con hidrocaruros,7.5
Morelos,Sin Dato,2018,Petrolifero,Pequeno generador,Lodos Contaminados con Hidrocarburos,Lodos aceitosos,59.49
Morelos,Sin Dato,2018,Petrolifero,Pequeno generador,Solidos contaminados con hidrocarburos diversos,"Filtros, mangueras, envases, botes, cubetas, contenedores, trapos, guantes, carton, aserrin, material absorbente,Estopas y trapos impregnados con combustible, Envases vacios impregnados de aceite",1.83
Morelos,Sin Dato,2018,Petrolifero,Pequeno generador,Solventes Gastados,Residuos de solventes,0.8
Morelos,Sin Dato,2018,Petrolero,Microgenerador,Aceites gastados,Aceites gastados hidraulicos,0.28
Morelos,Sin Dato,2018,Petrolero,Microgenerador,Otros residuos peligrosos,Otros residuos peligrosos,0
Morelos,Sin Dato,2018,Petrolero,Microgenerador,Solidos,Solidos de mantenimiento automotriz,0.01
Morelos,Sin Dato,2018,Petrolero,Microgenerador,Solidos,Solidos otros,0.02
Morelos,Sin Dato,2018,Petrolero,Microgenerador,Sustancias corrosivas,Sustancias corrosivas acidos,0.01
Morelos,Sin Dato,2019,Petrolero,Microgenerador,Aceites gastados,hidraulicos,0
Morelos,Sin Dato,2019,Petrolero,Microgenerador,Otros,Otros residuos,0
Morelos,Sin Dato,2019,Petrolero,Microgenerador,Residuos solidos,De mantenimiento automotríz,0
Morelos,Sin Dato,2019,Petrolero,Microgenerador,Residuos solidos,Otros solidos,0
Morelos,Sin Dato,2019,Petrolero,Microgenerador,Sustancias corrosivas,Ácidos,0
Morelos,Sin Dato,2019,Petrolifero,Microgenerador,Aceites gastados,Lubricantes,0
Morelos,Sin Dato,2019,Petrolifero,Microgenerador,Lodos,Lodos aceitosos,0.15
Morelos,Sin Dato,2019,Petrolifero,Microgenerador,Lodos,Lodos procedentes de trampas de grasas e hidrocarburos,0
Morelos,Sin Dato,2019,Petrolifero,Microgenerador,Residuos solidos,"Estopa, trapo, plásticos, cartón, madera, brochas, papel, cepillo, etc., impregnados con pinturas, grasas, aceites, hidrocarburos",0.001
Morelos,Sin Dato,2019,Petrolifero,Pequeno Generador,Aceites gastados,hidraulicos,0
Morelos,Sin Dato,2019,Petrolifero,Pequeno Generador,Aceites gastados,Lubricantes,0
Morelos,Sin Dato,2019,Petrolifero,Pequeno Generador,"Gasolina, diesel y naftas gastados o sucios provenientes de estaciónes de servicio y talleres automotrices","Gasolina, diesel y naftas gastados o sucios provenientes de estaciones de servicio y talleres automotrices",0
Morelos,Sin Dato,2019,Petrolifero,Pequeno Generador,Liquidos de proceso,Liquidos con residuos de hidrocarburos,0
Morelos,Sin Dato,2019,Petrolifero,Pequeno Generador,Lodos,Lodos aceitosos,0
Morelos,Sin Dato,2019,Petrolifero,Pequeno Generador,Residuos solidos,"Botes o recipientes que contuvieron contaminantes diversos, latas de pintura, aerosoles",0
Morelos,Sin Dato,2019,Petrolifero,Pequeno Generador,Residuos solidos,"Estopa, trapo, plásticos, cartón, madera, brochas, papel, cepillo, etc., impregnados con pinturas, grasas, aceites, hidrocarburos",0
Morelos,Sin Dato,2019,Petrolifero,Pequeno Generador,Solventes,Residuos de solventes,0
Morelos,Sin Dato,2020,Petrolifero,Microgenerador,Aceites lubricantes,Aceites gastados lubricantes,0.069
Morelos,Sin Dato,2020,Petrolifero,Microgenerador,"Gasollina, diésel y naftas gastados","Gasollina, diésel y naftas gastados",0.01
Morelos,Sin Dato,2020,Petrolifero,Microgenerador,Lodos,Lodos aceitosos,1.5015
Morelos,Sin Dato,2020,Petrolifero,Microgenerador,Residuos sólidos,"Estopa, trapo, plásticos, cartón, madera, brochas, papel, cepillo, etc., impregnados con pinturas, grasas, aceites, hidrocarburos",2.06763
Morelos,Sin Dato,2020,Petrolifero,Pequeno Generador,Aceites lubricantes,Aceites gastados lubricantes,0.16
Morelos,Sin Dato,2020,Petrolifero,Pequeno Generador,Líquidos de proceso,Aguas aceitosas,5
Morelos,Sin Dato,2020,Petrolifero,Pequeno Generador,"Baterias, pilas y balastras","Baterias, pilas y balastras",0.009
Morelos,Sin Dato,2020,Petrolifero,Pequeno Generador,"Gasollina, diésel y naftas gastados","Gasollina, diésel y naftas gastados",0.4
Morelos,Sin Dato,2020,Petrolifero,Pequeno Generador,Lámparas fluorescentes y de vapor de mercurio,Lámparas fluorescentes y de vapor de mercurio,0.018
Morelos,Sin Dato,2020,Petrolifero,Pequeno Generador,Lodos,Lodos aceitosos,8.156
Morelos,Sin Dato,2020,Petrolifero,Pequeno Generador,Residuos sólidos,"Estopa, trapo, plásticos, cartón, madera, brochas, papel, cepillo, etc., impregnados con pinturas, grasas, aceites, hidrocarburos",8.053
Morelos,Sin Dato,2021,Petrolifero,Microgenerador,Aceites gastados,Lubricantes,0.07
Morelos,Sin Dato,2021,Petrolifero,Microgenerador,"Gasolina, diésel y naftas gastados o sucios provenientes de estaciones de servicio y talleres automotrices","Gasolina, diesel y naftas gastados o sucios",0.01
Morelos,Sin Dato,2021,Petrolifero,Microgenerador,Residuos solidos,"Estopa, trapo, plásticos, cartón, madera, brochas, papel, cepillo, etc., impregnados con pinturas, grasas, aceites, hidrocarburos",2.07
Morelos,Sin Dato,2021,Petrolifero,Microgenerador,Lodos,Lodos aceitosos,1.5
Morelos,Sin Dato,2021,Petrolifero,Pequeno Generador,Aceites gastados,Lubricantes,0.16
Morelos,Sin Dato,2021,Petrolifero,Pequeno Generador,"baterias, celdas y pilas","Baterias, pilas y balastras",0.01
Morelos,Sin Dato,2021,Petrolifero,Pequeno Generador,"Gasolina, diésel y naftas gastados o sucios provenientes de estaciones de servicio y talleres automotrices","Gasolina, diesel y naftas gastados o sucios",0.4
Morelos,Sin Dato,2021,Petrolifero,Pequeno Generador,Otros,"Agua oleosa, agua contaminada",5
Morelos,Sin Dato,2021,Petrolifero,Pequeno Generador,Residuos solidos,"Estopa, trapo, plásticos, cartón, madera, brochas, papel, cepillo, etc., impregnados con pinturas, grasas, aceites, hidrocarburos",8.05
Morelos,Sin Dato,2021,Petrolifero,Pequeno Generador,Residuos solidos,"Lámparas fluorescentes, lámparas de vapor de mercurio",0.02
Morelos,Sin Dato,2021,Petrolifero,Pequeno Generador,Lodos,Lodos aceitosos,8.16
Morelos,Atlatlahucan,2022,Petrolífero,Microgenerador,Lodos,Lodos aceitosos,0.01
Morelos,Atlatlahucan,2022,Petrolífero,Microgenerador,Residuos sólidos,"Estopa, trapo, plásticos, cartón, madera, brochas, papel, cepillo, etc., impregnados con pinturas, grasas, aceites, hidrocarburos",0.67
Morelos,Cuernavaca,2022,Petrolífero,Microgenerador,"Gasolina, diésel y naftas gastados o sucios provenientes de estaciones de servicio y talleres automotrices","Gasolina, diesel y naftas gastados o sucios",0.1
Morelos,Cuernavaca,2022,Petrolífero,Microgenerador,Lodos,Lodos aceitosos,0.4
Morelos,Cuernavaca,2022,Petrolífero,Microgenerador,Residuos sólidos,"Estopa, trapo, plásticos, cartón, madera, brochas, papel, cepillo, etc., impregnados con pinturas, grasas, aceites, hidrocarburos",0.23
Morelos,Cuernavaca,2022,Petrolífero,Pequeño Generador,Aceites gastados,Lubricantes,0.15
Morelos,Cuernavaca,2022,Petrolífero,Pequeño Generador,Agua contaminada,"Agua contaminada con hidrocarburos, combustibles, aceite o grasa",5.45
Morelos,Cuernavaca,2022,Petrolífero,Pequeño Generador,"Baterías, celdas y pilas","Baterias, pilas y balastras",0.06
Morelos,Cuernavaca,2022,Petrolífero,Pequeño Generador,"Gasolina, diésel y naftas gastados o sucios provenientes de estaciones de servicio y talleres automotrices","Gasolina, diesel y naftas gastados o sucios",0.4
Morelos,Cuernavaca,2022,Petrolífero,Pequeño Generador,Lodos,Lodos aceitosos,1.24
Morelos,Cuernavaca,2022,Petrolífero,Pequeño Generador,Residuos sólidos,"Estopa, trapo, plásticos, cartón, madera, brochas, papel, cepillo, etc., impregnados con pinturas, grasas, aceites, hidrocarburos",1.37
Morelos,Cuernavaca,2022,Petrolífero,Pequeño Generador,Residuos sólidos,"Lámparas fluorescentes, lámparas de vapor de mercurio",0.04
Morelos,Emiliano Zapata,2022,Petrolífero,Microgenerador,Lodos,Lodos aceitosos,0.43
Morelos,Emiliano Zapata,2022,Petrolífero,Microgenerador,Residuos sólidos,"Estopa, trapo, plásticos, cartón, madera, brochas, papel, cepillo, etc., impregnados con pinturas, grasas, aceites, hidrocarburos",0.18
Morelos,Jiutepec,2022,Petrolífero,Microgenerador,Lodos,Lodos aceitosos,0.32
Morelos,Jiutepec,2022,Petrolífero,Microgenerador,Residuos sólidos,"Estopa, trapo, plásticos, cartón, madera, brochas, papel, cepillo, etc., impregnados con pinturas, grasas, aceites, hidrocarburos",0.3
Morelos,Jojutla,2022,Petrolífero,Microgenerador,Aceites gastados,Lubricantes,0.02
Morelos,Jojutla,2022,Petrolífero,Microgenerador,Agua contaminada,"Agua contaminada con hidrocarburos, combustibles, aceite o grasa",0.02
Morelos,Jojutla,2022,Petrolífero,Microgenerador,"Baterías, celdas y pilas","Baterias, pilas y balastras",0.08
Morelos,Jojutla,2022,Petrolífero,Microgenerador,Lodos,Lodos aceitosos,0.12
Morelos,Jojutla,2022,Petrolífero,Microgenerador,Residuos sólidos,"Estopa, trapo, plásticos, cartón, madera, brochas, papel, cepillo, etc., impregnados con pinturas, grasas, aceites, hidrocarburos",0.24
Morelos,Jojutla,2022,Petrolífero,Microgenerador,Residuos sólidos,"Lámparas fluorescentes, lámparas de vapor de mercurio",0
Morelos,Puente de Ixtla,2022,Petrolífero,Microgenerador,Lodos,Lodos aceitosos,0.1
Morelos,Puente de Ixtla,2022,Petrolífero,Microgenerador,Residuos sólidos,"Estopa, trapo, plásticos, cartón, madera, brochas, papel, cepillo, etc., impregnados con pinturas, grasas, aceites, hidrocarburos",0.04
Morelos,Xochitepec,2022,Petrolífero,Microgenerador,Lodos,Lodos aceitosos,0.25
Morelos,Xochitepec,2022,Petrolífero,Microgenerador,Residuos sólidos,"Estopa, trapo, plásticos, cartón, madera, brochas, papel, cepillo, etc., impregnados con pinturas, grasas, aceites, hidrocarburos",0.15
Morelos,Xochitepec,2022,Petrolífero,Pequeño Generador,"Baterías, celdas y pilas","Baterias, pilas y balastras",0.1
Morelos,Xochitepec,2022,Petrolífero,Pequeño Generador,Lodos,Lodos aceitosos,0.8
Morelos,Xochitepec,2022,Petrolífero,Pequeño Generador,Residuos sólidos,"Estopa, trapo, plásticos, cartón, madera, brochas, papel, cepillo, etc., impregnados con pinturas, grasas, aceites, hidrocarburos",1.8
Morelos,Yautepec,2022,Petrolífero,Microgenerador,Lodos,Lodos aceitosos,0.16
Morelos,Yautepec,2022,Petrolífero,Microgenerador,Residuos sólidos,"Estopa, trapo, plásticos, cartón, madera, brochas, papel, cepillo, etc., impregnados con pinturas, grasas, aceites, hidrocarburos",0.08
Morelos,Zacatepec,2022,Petrolífero,Microgenerador,Aceites gastados,Lubricantes,0.02
Morelos,Zacatepec,2022,Petrolífero,Microgenerador,Lodos,Lodos aceitosos,0.18
Morelos,Zacatepec,2022,Petrolífero,Microgenerador,Residuos sólidos,"Estopa, trapo, plásticos, cartón, madera, brochas, papel, cepillo, etc., impregnados con pinturas, grasas, aceites, hidrocarburos",0.06
Morelos,Zacatepec,2022,Petrolífero,Pequeño Generador,"Baterías, celdas y pilas","Baterias, pilas y balastras",0.05
Morelos,Zacatepec,2022,Petrolífero,Pequeño Generador,Lodos,Lodos aceitosos,0.4
Morelos,Ayala,2023,Petrolífero,Microgenerador,Agua contaminada,"Agua contaminada con hidrocarburos, combustibles, aceite o grasa",0.05
Morelos,Ayala,2023,Petrolífero,Microgenerador,Lodos,Lodos aceitosos,0.1
Morelos,Ayala,2023,Petrolífero,Microgenerador,Residuos sólidos,"Estopa, trapo, plásticos, cartón, madera, brochas, papel, cepillo, etc., impregnados con pinturas, grasas, aceites, hidrocarburos",0.22
Morelos,Cuautla,2023,Petrolífero,Microgenerador,Residuos sólidos,"Estopa, trapo, plásticos, cartón, madera, brochas, papel, cepillo, etc., impregnados con pinturas, grasas, aceites, hidrocarburos",0.01
Morelos,Cuautla,2023,Petrolífero,Pequeño Generador,Aceites gastados,Lubricantes,0.01
Morelos,Cuautla,2023,Petrolífero,Pequeño Generador,Agua contaminada,"Agua contaminada con hidrocarburos, combustibles, aceite o grasa",0.25
Morelos,Cuautla,2023,Petrolífero,Pequeño Generador,"Baterías, celdas y pilas","Baterias, pilas y balastras",0.01
Morelos,Cuautla,2023,Petrolífero,Pequeño Generador,Residuos sólidos,"Estopa, trapo, plásticos, cartón, madera, brochas, papel, cepillo, etc., impregnados con pinturas, grasas, aceites, hidrocarburos",0.51
Morelos,Cuautla,2023,Petrolífero,Pequeño Generador,Residuos sólidos,"Lámparas fluorescentes, lámparas de vapor de mercurio",0.05
Morelos,Cuernavaca,2023,Petrolífero,Pequeño Generador,Agua contaminada,"Agua contaminada con hidrocarburos, combustibles, aceite o grasa",0.1
Morelos,Cuernavaca,2023,Petrolífero,Pequeño Generador,Lodos,Lodos aceitosos,1.5
Morelos,Cuernavaca,2023,Petrolífero,Pequeño Generador,Residuos sólidos,"Estopa, trapo, plásticos, cartón, madera, brochas, papel, cepillo, etc., impregnados con pinturas, grasas, aceites, hidrocarburos",0.3
Morelos,Huitzilac,2023,Petrolífero,Pequeño Generador,Lodos,Lodos aceitosos,0.33
Morelos,Huitzilac,2023,Petrolífero,Pequeño Generador,Residuos sólidos,"Estopa, trapo, plásticos, cartón, madera, brochas, papel, cepillo, etc., impregnados con pinturas, grasas, aceites, hidrocarburos",0.13
Morelos,Jiutepec,2023,Petrolífero,Microgenerador,Residuos sólidos,"Estopa, trapo, plásticos, cartón, madera, brochas, papel, cepillo, etc., impregnados con pinturas, grasas, aceites, hidrocarburos",0.14
Morelos,Jojutla,2023,Petrolífero,Microgenerador,Lodos,Lodos aceitosos,0.11
Morelos,Jojutla,2023,Petrolífero,Microgenerador,Residuos sólidos,"Estopa, trapo, plásticos, cartón, madera, brochas, papel, cepillo, etc., impregnados con pinturas, grasas, aceites, hidrocarburos",0.1
Morelos,Temixco,2023,Petrolífero,Microgenerador,Lodos,Lodos aceitosos,0.2
Morelos,Temixco,2023,Petrolífero,Microgenerador,Residuos sólidos,"Estopa, trapo, plásticos, cartón, madera, brochas, papel, cepillo, etc., impregnados con pinturas, grasas, aceites, hidrocarburos",0.12
Morelos,Tlaltizapán de Zapata,2023,Petrolífero,Microgenerador,Residuos sólidos,"Estopa, trapo, plásticos, cartón, madera, brochas, papel, cepillo, etc., impregnados con pinturas, grasas, aceites, hidrocarburos",0.12
Morelos,Tlayacapan,2023,Petrolífero,Microgenerador,Lodos,Lodos aceitosos,0.1
Morelos,Tlayacapan,2023,Petrolífero,Microgenerador,Residuos sólidos,"Estopa, trapo, plásticos, cartón, madera, brochas, papel, cepillo, etc., impregnados con pinturas, grasas, aceites, hidrocarburos",0.12
Morelos,Tlayacapan,2023,Petrolífero,Pequeño Generador,"Gasolina, diésel y naftas gastados o sucios provenientes de estaciones de servicio y talleres automotrices","Gasolina, diesel y naftas gastados o sucios",0.05
Morelos,Tlayacapan,2023,Petrolífero,Pequeño Generador,Lodos,Lodos aceitosos,3
Morelos,Tlayacapan,2023,Petrolífero,Pequeño Generador,Residuos sólidos,"Estopa, trapo, plásticos, cartón, madera, brochas, papel, cepillo, etc., impregnados con pinturas, grasas, aceites, hidrocarburos",1.03
Morelos,Yautepec,2023,Petrolífero,Microgenerador,Residuos sólidos,"Estopa, trapo, plásticos, cartón, madera, brochas, papel, cepillo, etc., impregnados con pinturas, grasas, aceites, hidrocarburos",0.02
Morelos,Yautepec,2023,Petrolífero,Pequeño Generador,Aceites gastados,Lubricantes,0.2
Morelos,Yautepec,2023,Petrolífero,Pequeño Generador,Residuos sólidos,"Estopa, trapo, plásticos, cartón, madera, brochas, papel, cepillo, etc., impregnados con pinturas, grasas, aceites, hidrocarburos",0.2
Morelos,Axochiapan,2024,Petrolífero,Pequeño Generador,Aceites gastados,Lubricantes,2.52
Morelos,Axochiapan,2024,Petrolífero,Pequeño Generador,Residuos sólidos,"Estopa, trapo, plásticos, cartón, madera, brochas, papel, cepillo, etc., impregnados con pinturas, grasas, aceites, hidrocarburos",1.8
Morelos,Cuautla,2024,Petrolífero,Pequeño Generador,Lodos,Lodos aceitosos,0.6
Morelos,Cuautla,2024,Petrolífero,Pequeño Generador,Residuos sólidos,"Lámparas fluorescentes, lámparas de vapor de mercurio",0.08
Morelos,Cuernavaca,2024,Petrolífero,Microgenerador,Lodos,Lodos aceitosos,0.24
Morelos,Cuernavaca,2024,Petrolífero,Microgenerador,Residuos sólidos,"Estopa, trapo, plásticos, cartón, madera, brochas, papel, cepillo, etc., impregnados con pinturas, grasas, aceites, hidrocarburos",0.01
Morelos,Emiliano Zapata,2024,Petrolífero,Pequeño Generador,Lodos,Lodos aceitosos,1.35
Morelos,Emiliano Zapata,2024,Petrolífero,Pequeño Generador,Residuos sólidos,"Estopa, trapo, plásticos, cartón, madera, brochas, papel, cepillo, etc., impregnados con pinturas, grasas, aceites, hidrocarburos",0.6
Morelos,Huitzilac,2024,Petrolífero,Pequeño Generador,Aceites gastados,Lubricantes,1
Morelos,Huitzilac,2024,Petrolífero,Pequeño Generador,Residuos sólidos,"Estopa, trapo, plásticos, cartón, madera, brochas, papel, cepillo, etc., impregnados con pinturas, grasas, aceites, hidrocarburos",0.38
Morelos,Jiutepec,2024,Petrolífero,Microgenerador,Lodos,Lodos aceitosos,0.18
Morelos,Jiutepec,2024,Petrolífero,Microgenerador,Residuos sólidos,"Estopa, trapo, plásticos, cartón, madera, brochas, papel, cepillo, etc., impregnados con pinturas, grasas, aceites, hidrocarburos",0.2
Morelos,Jiutepec,2024,Petrolífero,Pequeño Generador,Lodos,Lodos aceitosos,0.8
Morelos,Jiutepec,2024,Petrolífero,Pequeño Generador,Residuos sólidos,"Estopa, trapo, plásticos, cartón, madera, brochas, papel, cepillo, etc., impregnados con pinturas, grasas, aceites, hidrocarburos",0.2
Morelos,Jojutla,2024,Petrolífero,Microgenerador,Agua contaminada,"Agua contaminada con hidrocarburos, combustibles, aceite o grasa",0.1
Morelos,Jojutla,2024,Petrolífero,Microgenerador,"Baterías, celdas, pilas, balastras","Baterias, pilas, acumuladores, balastras",0
Morelos,Jojutla,2024,Petrolífero,Microgenerador,Lodos,Lodos aceitosos,0.08
Morelos,Jojutla,2024,Petrolífero,Microgenerador,Residuos sólidos,"Estopa, trapo, plásticos, cartón, madera, brochas, papel, cepillo, etc., impregnados con pinturas, grasas, aceites, hidrocarburos",0.03
Morelos,Mazatepec,2024,Petrolífero,Microgenerador,Lodos,Lodos aceitosos,0.1
Morelos,Mazatepec,2024,Petrolífero,Microgenerador,Residuos sólidos,"Estopa, trapo, plásticos, cartón, madera, brochas, papel, cepillo, etc., impregnados con pinturas, grasas, aceites, hidrocarburos",0.01
Morelos,Puente de Ixtla,2024,Petrolífero,Pequeño Generador,Aceites gastados,Lubricantes,1.68
Morelos,Puente de Ixtla,2024,Petrolífero,Pequeño Generador,Residuos sólidos,"Estopa, trapo, plásticos, cartón, madera, brochas, papel, cepillo, etc., impregnados con pinturas, grasas, aceites, hidrocarburos",0.3
Morelos,Yecapixtla,2024,Petrolífero,Microgenerador,Lodos,Lodos aceitosos,0.18
Morelos,Yecapixtla,2024,Petrolífero,Microgenerador,Residuos sólidos,"Estopa, trapo, plásticos, cartón, madera, brochas, papel, cepillo, etc., impregnados con pinturas, grasas, aceites, hidrocarburos",0.1
Nayarit,Sin Dato,2017,Petrolero,Microgenerador,Aceites gastados,Lubricantes,0.32
Nayarit,Sin Dato,2017,Petrolero,Microgenerador,Liquidos de proceso,"Agua contaminada con hidrocarburos, combustibles, aceite o grasa",0.13
Nayarit,Sin Dato,2017,Petrolero,Microgenerador,Liquidos de proceso,No corrosivos,0.32
Nayarit,Sin Dato,2017,Petrolero,Microgenerador,Lodos,Lodos provenientes de tanques de almacenaniento,0.1
Nayarit,Sin Dato,2017,Petrolero,Microgenerador,Lodos aceitosos,Lodos procedentes de trampas de grasas e hidrocarburos,0.07
Nayarit,Sin Dato,2017,Petrolero,Microgenerador,Lodos aceitosos,Otros lodos,1.68
Nayarit,Sin Dato,2017,Petrolero,Microgenerador,Material textil,"Telas, felpas, estopas",0.16
Nayarit,Sin Dato,2017,Petrolero,Microgenerador,Residuos solidos,"Botes o recipientes que contuvieron contaminantes diversos, latas de pintura, aerosoles",0.78
Nayarit,Sin Dato,2017,Petrolero,Microgenerador,Residuos solidos,De mantenimiento automotríz,0
Nayarit,Sin Dato,2017,Petrolero,Microgenerador,Residuos solidos,"Estopa, trapo, plasticos, carton, madera, brochas, papel, cepillo, etc., impregnados con pinturas, grasas, aceites, hidrocarburos",0.66
Nayarit,Sin Dato,2017,Petrolero,Microgenerador,Residuos solidos,Lampara fluorescentes,0.02
Nayarit,Sin Dato,2017,Petrolero,Microgenerador,Residuos solidos,No especificado,0.2
Nayarit,Sin Dato,2017,Petrolero,Microgenerador,Otros,"Pilas, baterias, focos",0.06
Nayarit,Sin Dato,2017,Petrolero,Pequeno Generador,Aceites gastados,Lubricantes,6.2
Nayarit,Sin Dato,2017,Petrolero,Pequeno Generador,"Gasolina, diesel y naftas gastados o sucios provenientes de estaciónes de servicio y talleres automotrices","Mezclas de combustibles sucios, mezclas de hidrocarburos, naftas",0.1
Nayarit,Sin Dato,2017,Petrolero,Pequeno Generador,Liquidos de proceso,"Agua contaminada con hidrocarburos, combustibles, aceite o grasa",0.51
Nayarit,Sin Dato,2017,Petrolero,Pequeno Generador,Lodos,Lodos provenientes de tanques de almacenaniento,0.1
Nayarit,Sin Dato,2017,Petrolero,Pequeno Generador,Lodos aceitosos,Otros lodos,4.74
Nayarit,Sin Dato,2017,Petrolero,Pequeno Generador,Pinturas y productos relacionados,"Residuos de pinturas, pinturas caducadas",0.2
Nayarit,Sin Dato,2017,Petrolero,Pequeno Generador,Residuos solidos,"Botes o recipientes que contuvieron contaminantes diversos, latas de pintura, aerosoles",0.41
Nayarit,Sin Dato,2017,Petrolero,Pequeno Generador,Residuos solidos,De mantenimiento automotríz,2.65
Nayarit,Sin Dato,2017,Petrolero,Pequeno Generador,Residuos solidos,"Estopa, trapo, plasticos, carton, madera, brochas, papel, cepillo, etc., impregnados con pinturas, grasas, aceites, hidrocarburos",0.99
Nayarit,Sin Dato,2017,Petrolero,Pequeno Generador,Residuos solidos,Lampara fluorescentes,0.01
Nayarit,Sin Dato,2017,Petrolero,Pequeno Generador,Residuos solidos,"Residuos de sustancias contaminantes (hidrocarburos, combustibles, aceites, grasas, pinturas)",0.72
Nayarit,Sin Dato,2017,Petrolero,Pequeno Generador,Residuos solidos,"Tierra, grava, acerrín impregnados con aceites, grasas e hidrocarburos",0.5
Nayarit,Sin Dato,2018,Petrolifero,Microgenerador,Aceites gastados (Hidraulicos),Aceite gastado hidraulico,0.04
Nayarit,Sin Dato,2018,Petrolifero,Microgenerador,Aceites gastados (Lubricantes),Aceites gastados lubricantes,0.55
Nayarit,Sin Dato,2018,Petrolifero,Microgenerador,Filtro de aire o aceite contaminados,Filtros de aire usados,0.03
Nayarit,Sin Dato,2018,Petrolifero,Microgenerador,"Gasolina, Diesel y Naftas gastados o sucios","Gasolina, Diesel y Naftas gastados o sucios provenientes de Estaciones de Servicio y Talleres Automotrices",0.24
Nayarit,Sin Dato,2018,Petrolifero,Microgenerador,Lamparas fluorescentes y de vapor de mercurio,Lamparas fluorescentes y de vapor de mercurio,0.03
Nayarit,Sin Dato,2018,Petrolifero,Microgenerador,Liquidos residuales de proceso no corrosivos,Agua con hidrocaruros,0.39
Nayarit,Sin Dato,2018,Petrolifero,Microgenerador,Lodos Contaminados con Hidrocarburos,Lodos aceitosos,3.35
Nayarit,Sin Dato,2018,Petrolifero,Microgenerador,Pilas o Baterias con Litio o Cadmio,Pilas Niquel-Cadmio,0.03
Nayarit,Sin Dato,2018,Petrolifero,Microgenerador,Solidos contaminados con hidrocarburos diversos,"Filtros, mangueras, envases, botes, cubetas, contenedores, trapos, guantes, carton, aserrin, material absorbente,Estopas y trapos impregnados con combustible, Envases vacios impregnados de aceite",1.97
Nayarit,Sin Dato,2018,Petrolifero,Pequeno generador,Aceites gastados (Lubricantes),Aceites gastados lubricantes,6.64
Nayarit,Sin Dato,2018,Petrolifero,Pequeno generador,Filtro de aire o aceite contaminados,Filtros de aire usados,0.08
Nayarit,Sin Dato,2018,Petrolifero,Pequeno generador,"Gasolina, Diesel y Naftas gastados o sucios","Gasolina, Diesel y Naftas gastados o sucios provenientes de Estaciones de Servicio y Talleres Automotrices",5.94
Nayarit,Sin Dato,2018,Petrolifero,Pequeno generador,Lamparas fluorescentes y de vapor de mercurio,Lamparas fluorescentes y de vapor de mercurio,0.06
Nayarit,Sin Dato,2018,Petrolifero,Pequeno generador,Liquidos residuales de proceso no corrosivos,Agua con hidrocaruros,1.5
Nayarit,Sin Dato,2018,Petrolifero,Pequeno generador,Lodos Contaminados con Hidrocarburos,Lodos con aceite y restos de hidrocarburos,34.28
Nayarit,Sin Dato,2018,Petrolifero,Pequeno generador,Solidos contaminados con hidrocarburos diversos,Sin dato,15.8
Nayarit,Sin Dato,2018,Petrolifero,Pequeno generador,Baterias alcalinas,Pilas o Baterias con Litio o Cadmio,0.04
Nayarit,Sin Dato,2018,Petrolifero,Pequeno generador,Solventes Gastados,Residuos de solventes,0.03
Nayarit,Sin Dato,2019,Petrolifero,Microgenerador,Aceites gastados,hidraulicos,0
Nayarit,Sin Dato,2019,Petrolifero,Microgenerador,Aceites gastados,Lubricantes,0
Nayarit,Sin Dato,2019,Petrolifero,Microgenerador,"Baterias, celdas y pilas",Pilas o baterias de Niquel - Cadmio,0
Nayarit,Sin Dato,2019,Petrolifero,Microgenerador,"Gasolina, diesel y naftas gastados o sucios provenientes de estaciónes de servicio y talleres automotrices","Gasolina, diesel y naftas gastados o sucios provenientes de estaciones de servicio y talleres automotrices",0
Nayarit,Sin Dato,2019,Petrolifero,Microgenerador,Liquidos de proceso,Liquidos con residuos de hidrocarburos,0
Nayarit,Sin Dato,2019,Petrolifero,Microgenerador,Lodos,Lodos aceitosos,0.242
Nayarit,Sin Dato,2019,Petrolifero,Microgenerador,Residuos solidos,"Estopa, trapo, plásticos, cartón, madera, brochas, papel, cepillo, etc., impregnados con pinturas, grasas, aceites, hidrocarburos",0.0572
Nayarit,Sin Dato,2019,Petrolifero,Microgenerador,Residuos solidos,Filtro de aire o de aceite contaminados,0
Nayarit,Sin Dato,2019,Petrolifero,Microgenerador,Residuos solidos,Lámpara fluorescentes,0
Nayarit,Sin Dato,2019,Petrolifero,Pequeno Generador,Aceites gastados,Lubricantes,0
Nayarit,Sin Dato,2019,Petrolifero,Pequeno Generador,"Baterias, celdas y pilas","Pilas o baterias de Zink - Plata, o Litio",0
Nayarit,Sin Dato,2019,Petrolifero,Pequeno Generador,"Gasolina, diesel y naftas gastados o sucios provenientes de estaciónes de servicio y talleres automotrices","Gasolina, diesel y naftas gastados o sucios provenientes de estaciones de servicio y talleres automotrices",0
Nayarit,Sin Dato,2019,Petrolifero,Pequeno Generador,Liquidos de proceso,Liquidos con residuos de hidrocarburos,0
Nayarit,Sin Dato,2019,Petrolifero,Pequeno Generador,Lodos,Lodos aceitosos,0
Nayarit,Sin Dato,2019,Petrolifero,Pequeno Generador,Residuos solidos,"Con contaminación de hidrocarburos, combustibles, aceite",0
Nayarit,Sin Dato,2019,Petrolifero,Pequeno Generador,Residuos solidos,Filtro de aire o de aceite contaminados,0
Nayarit,Sin Dato,2019,Petrolifero,Pequeno Generador,Residuos solidos,Lámpara fluorescentes,0
Nayarit,Sin Dato,2019,Petrolifero,Pequeno Generador,Solventes,Residuos de solventes,0
Nayarit,Sin Dato,2020,Petrolifero,Microgenerador,Aceites lubricantes,Aceites gastados lubricantes,0.08
Nayarit,Sin Dato,2020,Petrolifero,Microgenerador,Líquidos de proceso,Aguas aceitosas,0.08
Nayarit,Sin Dato,2020,Petrolifero,Microgenerador,Lodos,Lodos aceitosos,0.015
Nayarit,Sin Dato,2020,Petrolifero,Microgenerador,Natas de pintura,Natas de pintura,1.26
Nayarit,Sin Dato,2020,Petrolifero,Microgenerador,Solventes,Solventes,1.131
Nayarit,Sin Dato,2020,Petrolifero,Pequeno Generador,Aceites lubricantes,Aceites gastados lubricantes,1.14
Nayarit,Sin Dato,2020,Petrolifero,Pequeno Generador,Líquidos de proceso,Aguas aceitosas,0.21596
Nayarit,Sin Dato,2020,Petrolifero,Pequeno Generador,Lodos,Lodos aceitosos,3.336
Nayarit,Sin Dato,2020,Petrolifero,Pequeno Generador,Residuos sólidos,"Estopa, trapo, plásticos, cartón, madera, brochas, papel, cepillo, etc., impregnados con pinturas, grasas, aceites, hidrocarburos",1.12599
Nayarit,Sin Dato,2021,Petrolifero,Microgenerador,Aceites gastados,Lubricantes,0.08
Nayarit,Sin Dato,2021,Petrolifero,Microgenerador,Otros,"Agua oleosa, agua contaminada",0.08
Nayarit,Sin Dato,2021,Petrolifero,Microgenerador,Pinturas y productos relacionados,"Residuos de pinturas, pinturas caducadas",1.26
Nayarit,Sin Dato,2021,Petrolifero,Microgenerador,Solventes,Solventes orgánicos usados,1.13
Nayarit,Sin Dato,2021,Petrolifero,Microgenerador,Lodos,Lodos aceitosos,0.02
Nayarit,Sin Dato,2021,Petrolifero,Pequeno Generador,Aceites gastados,Lubricantes,1.14
Nayarit,Sin Dato,2021,Petrolifero,Pequeno Generador,Otros,"Agua oleosa, agua contaminada",0.22
Nayarit,Sin Dato,2021,Petrolifero,Pequeno Generador,Residuos solidos,"Estopa, trapo, plásticos, cartón, madera, brochas, papel, cepillo, etc., impregnados con pinturas, grasas, aceites, hidrocarburos",1.13
Nayarit,Sin Dato,2021,Petrolifero,Pequeno Generador,Lodos,Lodos aceitosos,3.34
Nayarit,San Blas,2022,Petrolífero,Microgenerador,Residuos sólidos,"Estopa, trapo, plásticos, cartón, madera, brochas, papel, cepillo, etc., impregnados con pinturas, grasas, aceites, hidrocarburos",0.09
Nayarit,Tepic,2022,Petrolífero,Microgenerador,Residuos sólidos,"Estopa, trapo, plásticos, cartón, madera, brochas, papel, cepillo, etc., impregnados con pinturas, grasas, aceites, hidrocarburos",0.11
Nayarit,Acaponeta,2023,Petrolífero,Microgenerador,Aceites gastados,Lubricantes,0
Nayarit,Acaponeta,2023,Petrolífero,Microgenerador,Residuos sólidos,"Estopa, trapo, plásticos, cartón, madera, brochas, papel, cepillo, etc., impregnados con pinturas, grasas, aceites, hidrocarburos",0
Nayarit,Huajicori,2023,Petrolífero,Microgenerador,Lodos,Lodos aceitosos,0.24
Nayarit,Huajicori,2023,Petrolífero,Microgenerador,Residuos sólidos,"Estopa, trapo, plásticos, cartón, madera, brochas, papel, cepillo, etc., impregnados con pinturas, grasas, aceites, hidrocarburos",0.1
Nayarit,Ixtlán del Río,2023,Petrolífero,Microgenerador,Aceites gastados,Lubricantes,0
Nayarit,Ixtlán del Río,2023,Petrolífero,Microgenerador,Residuos sólidos,"Estopa, trapo, plásticos, cartón, madera, brochas, papel, cepillo, etc., impregnados con pinturas, grasas, aceites, hidrocarburos",0
Nayarit,Tepic,2023,Petrolífero,Microgenerador,Aceites gastados,Lubricantes,0.03
Nayarit,Tepic,2023,Petrolífero,Microgenerador,Lodos,Lodos aceitosos,0.18
Nayarit,Tepic,2023,Petrolífero,Microgenerador,Residuos sólidos,"Estopa, trapo, plásticos, cartón, madera, brochas, papel, cepillo, etc., impregnados con pinturas, grasas, aceites, hidrocarburos",0.06
Nayarit,Tepic,2023,Petrolífero,Microgenerador,Residuos sólidos,"Lámparas fluorescentes, lámparas de vapor de mercurio",0.04
Nayarit,Bahía de Banderas,2023,Petrolífero,Microgenerador,Aceites gastados,Lubricantes,0.34
Nayarit,Bahía de Banderas,2023,Petrolífero,Microgenerador,"Gasolina, diésel y naftas gastados o sucios provenientes de estaciones de servicio y talleres automotrices","Gasolina, diesel y naftas gastados o sucios",0.01
Nayarit,Bahía de Banderas,2023,Petrolífero,Microgenerador,Lodos,Lodos aceitosos,1.5
Nayarit,Bahía de Banderas,2023,Petrolífero,Microgenerador,Residuos sólidos,"Estopa, trapo, plásticos, cartón, madera, brochas, papel, cepillo, etc., impregnados con pinturas, grasas, aceites, hidrocarburos",0.51
Nayarit,Bahía de Banderas,2023,Petrolífero,Microgenerador,Residuos sólidos,"Lámparas fluorescentes, lámparas de vapor de mercurio",0.32
Nayarit,Acaponeta,2024,Petrolífero,Microgenerador,Aceites gastados,Hidráulicos,0.16
Nayarit,Acaponeta,2024,Petrolífero,Microgenerador,Gasolina y otros combustibles,"Gasolina, diesel y naftas gastados o sucios",0.06
Nayarit,Acaponeta,2024,Petrolífero,Microgenerador,Lodos,Lodos aceitosos,0.02
Nayarit,Acaponeta,2024,Petrolífero,Microgenerador,Residuos sólidos,"Estopa, trapo, plásticos, cartón, madera, brochas, papel, cepillo, etc., impregnados con pinturas, grasas, aceites, hidrocarburos",0.03
Nuevo León,Sin Dato,2017,Petrolero,Microgenerador,"Gasolina, diesel y naftas gastados o sucios provenientes de estaciónes de servicio y talleres automotrices","Mezclas de combustibles sucios, mezclas de hidrocarburos, naftas",0.04
Nuevo León,Sin Dato,2017,Petrolero,Microgenerador,Liquidos de proceso,"Agua contaminada con hidrocarburos, combustibles, aceite o grasa",0.51
Nuevo León,Sin Dato,2017,Petrolero,Microgenerador,Lodos,Lodos provenientes de tanques de almacenaniento,0.06
Nuevo León,Sin Dato,2017,Petrolero,Microgenerador,Lodos aceitosos,"Con contaminacion de hidrocarburos, combustibles, aceite",0.23
Nuevo León,Sin Dato,2017,Petrolero,Microgenerador,Lodos aceitosos,Lodos procedentes de trampas de grasas e hidrocarburos,0.22
Nuevo León,Sin Dato,2017,Petrolero,Microgenerador,Lodos aceitosos,Otros lodos,1.29
Nuevo León,Sin Dato,2017,Petrolero,Microgenerador,Residuos solidos,De mantenimiento automotríz,0.78
Nuevo León,Sin Dato,2017,Petrolero,Microgenerador,Residuos solidos,"Estopa, trapo, plasticos, carton, madera, brochas, papel, cepillo, etc., impregnados con pinturas, grasas, aceites, hidrocarburos",0.84
Nuevo León,Sin Dato,2017,Petrolero,Microgenerador,Otros,"Pilas, baterias, focos",0.11
Nuevo León,Sin Dato,2017,Petrolero,Pequeno Generador,Aceites gastados,Lubricantes,8
Nuevo León,Sin Dato,2017,Petrolero,Pequeno Generador,"Baterias, celdas y pilas",No especificado,0.73
Nuevo León,Sin Dato,2017,Petrolero,Pequeno Generador,"Baterias, celdas y pilas",Pilas alcalinas,0.19
Nuevo León,Sin Dato,2017,Petrolero,Pequeno Generador,"Baterias, celdas y pilas","Pilas, baterias, acumuladores, celdas de desecho: niquel-cadmio, plomo, mercurio",0.3
Nuevo León,Sin Dato,2017,Petrolero,Pequeno Generador,Liquidos de proceso,"Agua contaminada con hidrocarburos, combustibles, aceite o grasa",1074.27
Nuevo León,Sin Dato,2017,Petrolero,Pequeno Generador,Lodos,Lodos provenientes de tanques de almacenaniento,13
Nuevo León,Sin Dato,2017,Petrolero,Pequeno Generador,Lodos aceitosos,"Con contaminacion de hidrocarburos, combustibles, aceite",16.01
Nuevo León,Sin Dato,2017,Petrolero,Pequeno Generador,Lodos aceitosos,Lodos procedentes de trampas de grasas e hidrocarburos,22.68
Nuevo León,Sin Dato,2017,Petrolero,Pequeno Generador,Lodos aceitosos,Otros lodos,1.28
Nuevo León,Sin Dato,2017,Petrolero,Pequeno Generador,Material textil,"Telas, felpas, estopas",2.06
Nuevo León,Sin Dato,2017,Petrolero,Pequeno Generador,Residuos Liquidos,"Agua contaminada con hidrocarburos, combustibles, aceite o grasa",8.4
Nuevo León,Sin Dato,2017,Petrolero,Pequeno Generador,Residuos solidos,Balastras,1.06
Nuevo León,Sin Dato,2017,Petrolero,Pequeno Generador,Residuos solidos,"Botes o recipientes que contuvieron contaminantes diversos, latas de pintura, aerosoles",42.61
Nuevo León,Sin Dato,2017,Petrolero,Pequeno Generador,Residuos solidos,De mantenimiento automotríz,2.02
Nuevo León,Sin Dato,2017,Petrolero,Pequeno Generador,Residuos solidos,"Estopa, trapo, plasticos, carton, madera, brochas, papel, cepillo, etc., impregnados con pinturas, grasas, aceites, hidrocarburos",8.99
Nuevo León,Sin Dato,2017,Petrolero,Pequeno Generador,Residuos solidos,Lampara fluorescentes,2.86
Nuevo León,Sin Dato,2017,Petrolero,Pequeno Generador,Residuos solidos,"Mangueras, pistolas o filtros para despacho de combustibles, descarga de contaminantes",2.05
Nuevo León,Sin Dato,2017,Petrolero,Pequeno Generador,Residuos solidos,"Residuos de sustancias contaminantes (hidrocarburos, combustibles, aceites, grasas, pinturas)",0.45
Nuevo León,Sin Dato,2017,Petrolero,Pequeno Generador,Residuos solidos,"Tierra, grava, acerrín impregnados con aceites, grasas e hidrocarburos",25.11
Nuevo León,Sin Dato,2017,Petrolero,Pequeno Generador,Otros,"Pilas, baterias, focos",0.08
Nuevo León,Sin Dato,2017,Petrolero,Gran Generador,Aceites gastados,Lubricantes,0.16
Nuevo León,Sin Dato,2017,Petrolero,Gran Generador,"Baterias, celdas y pilas",Pilas alcalinas,0
Nuevo León,Sin Dato,2017,Petrolero,Gran Generador,"Baterias, celdas y pilas","Pilas, baterias, acumuladores, celdas de desecho: niquel-cadmio, plomo, mercurio",0.01
Nuevo León,Sin Dato,2017,Petrolero,Gran Generador,Liquidos de proceso,"Agua contaminada con hidrocarburos, combustibles, aceite o grasa",27.3
Nuevo León,Sin Dato,2017,Petrolero,Gran Generador,Lodos aceitosos,Lodos procedentes de trampas de grasas e hidrocarburos,0.85
Nuevo León,Sin Dato,2017,Petrolero,Gran Generador,Residuos solidos,Balastras,0.05
Nuevo León,Sin Dato,2017,Petrolero,Gran Generador,Residuos solidos,"Botes o recipientes que contuvieron contaminantes diversos, latas de pintura, aerosoles",0.85
Nuevo León,Sin Dato,2017,Petrolero,Gran Generador,Residuos solidos,"Estopa, trapo, plasticos, carton, madera, brochas, papel, cepillo, etc., impregnados con pinturas, grasas, aceites, hidrocarburos",0.09
Nuevo León,Sin Dato,2017,Petrolero,Gran Generador,Residuos solidos,Lampara fluorescentes,0.05
Nuevo León,Sin Dato,2017,Petrolero,Gran Generador,Residuos solidos,"Mangueras, pistolas o filtros para despacho de combustibles, descarga de contaminantes",0.05
Nuevo León,Sin Dato,2017,Petrolero,Gran Generador,Residuos solidos,"Tierra, grava, acerrín impregnados con aceites, grasas e hidrocarburos",0.63
Nuevo León,Sin Dato,2017,Petroleo y petroquimica,Pequeno Generador,Aceites gastados,Lubricantes,2.13
Nuevo León,Sin Dato,2017,Petroleo y petroquimica,Pequeno Generador,"Baterias, celdas y pilas","Pilas, baterias, acumuladores, celdas de desecho: niquel-cadmio, plomo, mercurio",0.73
Nuevo León,Sin Dato,2017,Petroleo y petroquimica,Pequeno Generador,Material textil,"Telas, felpas, estopas",2.35
Nuevo León,Sin Dato,2017,Petroleo y petroquimica,Pequeno Generador,Residuos solidos,De mantenimiento automotríz,2.1
Nuevo León,Sin Dato,2017,Petroleo y petroquimica,Pequeno Generador,Residuos solidos,"Estopa, trapo, plasticos, carton, madera, brochas, papel, cepillo, etc., impregnados con pinturas, grasas, aceites, hidrocarburos",1.07
Nuevo León,Sin Dato,2018,Petrolifero,Microgenerador,Aceites gastados (Hidraulicos),Aceite gastado hidraulico,1.33
Nuevo León,Sin Dato,2018,Petrolifero,Microgenerador,Aceites gastados (Lubricantes),Aceites gastados lubricantes,1.18
Nuevo León,Sin Dato,2018,Petrolifero,Microgenerador,Baterias alcalinas,Pilas alcalinas,0
Nuevo León,Sin Dato,2018,Petrolifero,Microgenerador,Botes de Presurizados,Envases de aerosol,0.18
Nuevo León,Sin Dato,2018,Petrolifero,Microgenerador,Lamparas fluorescentes y de vapor de mercurio,Lamparas fluorescentes y de vapor de mercurio,1.05
Nuevo León,Sin Dato,2018,Petrolifero,Microgenerador,Lodos Contaminados con Hidrocarburos,Lodos aceitosos,23.66
Nuevo León,Sin Dato,2018,Petrolifero,Microgenerador,Pilas o Baterias con Litio o Cadmio,Pilas Niquel-Cadmio,0.05
Nuevo León,Sin Dato,2018,Petrolifero,Microgenerador,Solidos contaminados con hidrocarburos diversos,"Filtros, mangueras, envases, botes, cubetas, contenedores, trapos, guantes, carton, aserrin, material absorbente,Estopas y trapos impregnados con combustible, Envases vacios impregnados de aceite",9.1
Nuevo León,Sin Dato,2018,Petrolifero,Pequeno generador,Aceites gastados (Hidraulicos),Aceite gastado hidraulico,0.22
Nuevo León,Sin Dato,2018,Petrolifero,Pequeno generador,Aceites gastados (Lubricantes),Aceites gastados lubricantes,15.02
Nuevo León,Sin Dato,2018,Petrolifero,Pequeno generador,Baterias alcalinas,Pilas alcalinas,0.32
Nuevo León,Sin Dato,2018,Petrolifero,Pequeno generador,Botes de Presurizados,Envases de aerosol,6.01
Nuevo León,Sin Dato,2018,Petrolifero,Pequeno generador,Filtro de aire o aceite contaminados,Filtros de aire usados,3.09
Nuevo León,Sin Dato,2018,Petrolifero,Pequeno generador,Lamparas fluorescentes y de vapor de mercurio,Lamparas fluorescentes y de vapor de mercurio,1.71
Nuevo León,Sin Dato,2018,Petrolifero,Pequeno generador,Liquidos residuales de proceso no corrosivos,Agua con hidrocaruros,552.02
Nuevo León,Sin Dato,2018,Petrolifero,Pequeno generador,Lodos Contaminados con Hidrocarburos,Lodos aceitosos,118.24
Nuevo León,Sin Dato,2018,Petrolifero,Pequeno generador,Pilas o Baterias con Litio o Cadmio,Pilas Niquel-Cadmio,0.47
Nuevo León,Sin Dato,2018,Petrolifero,Pequeno generador,Residuos punzocortantes,Residuos punzocortantes,0.02
Nuevo León,Sin Dato,2018,Petrolifero,Pequeno generador,Solidos contaminados con hidrocarburos diversos,"Filtros, mangueras, envases, botes, cubetas, contenedores, trapos, guantes, carton, aserrin, material absorbente,Estopas y trapos impregnados con combustible, Envases vacios impregnados de aceite",67.72
Nuevo León,Sin Dato,2018,Petrolero,Pequeno generador,Aceites gastados,Lubricantes,0.4
Nuevo León,Sin Dato,2018,Petrolero,Pequeno generador,Liquidos residuales de proceso,Corrosivos,4
Nuevo León,Sin Dato,2018,Petrolero,Pequeno generador,Solidos,De mantenimiento,0.2
Nuevo León,Sin Dato,2018,Petrolero,Pequeno generador,Liquidos residuales de proceso,Liquidos residuales de proceso no corrosivos,0.2
Nuevo León,Sin Dato,2018,Petrolero,Pequeno generador,Solidos,Solidos con metales pesados,0.25
Nuevo León,Sin Dato,2018,Petrolero,Pequeno generador,Solidos,Solidos otros,0.3
Nuevo León,Sin Dato,2018,Petrolero,Gran generador,Lodos provenientes de,Otros,831.54
Nuevo León,Sin Dato,2018,Petrolero,Gran generador,Lodos provenientes de,Otros,1218.46
Nuevo León,Sin Dato,2018,Petrolero,Gran generador,Solidos,Otros,0.4
Nuevo León,Sin Dato,2018,Petrolero,Gran generador,Solidos,Otros,25.85
Nuevo León,Sin Dato,2018,Petrolero,Gran generador,Solidos,Otros,100.8
Nuevo León,Sin Dato,2018,Petrolero,Gran generador,Solidos,Con metales pesados,0.07
Nuevo León,Sin Dato,2018,Petrolero,Gran generador,Lodos aceitosos,Lodos aceitosos,10
Nuevo León,Sin Dato,2018,Petrolero,Gran generador,Otros residuos peligrosos,Otros,1010
Nuevo León,Sin Dato,2018,Petrolero,Gran generador,Otros residuos peligrosos,Otros,9
Nuevo León,Sin Dato,2018,Petrolero,Gran generador,Aceites gastados,Lubricantes,3.6
Nuevo León,Sin Dato,2019,Petrolero,Pequeno Generador,Aceites gastados,Lubricantes,0
Nuevo León,Sin Dato,2019,Petrolero,Pequeno Generador,Liquidos de proceso,Corrosivos,0
Nuevo León,Sin Dato,2019,Petrolero,Pequeno Generador,Liquidos de proceso,No corrosivos,0
Nuevo León,Sin Dato,2019,Petrolero,Pequeno Generador,Residuos solidos,Con metales pesados,0
Nuevo León,Sin Dato,2019,Petrolero,Pequeno Generador,Residuos solidos,De mantenimiento automotríz,0
Nuevo León,Sin Dato,2019,Petrolero,Pequeno Generador,Residuos solidos,Otros solidos,0
Nuevo León,Sin Dato,2019,Petrolero,Gran Generador,Aceites gastados,Lubricantes,0
Nuevo León,Sin Dato,2019,Petrolero,Gran Generador,Lodos,Lodos aceitosos,0
Nuevo León,Sin Dato,2019,Petrolero,Gran Generador,Lodos,Otros lodos,0
Nuevo León,Sin Dato,2019,Petrolero,Gran Generador,Lodos,Otros lodos,0
Nuevo León,Sin Dato,2019,Petrolero,Gran Generador,Otros,Otros residuos,0
Nuevo León,Sin Dato,2019,Petrolero,Gran Generador,Otros,Otros residuos,0
Nuevo León,Sin Dato,2019,Petrolero,Gran Generador,Residuos solidos,Con metales pesados,0
Nuevo León,Sin Dato,2019,Petrolero,Gran Generador,Residuos solidos,Otros: Varios,0
Nuevo León,Sin Dato,2019,Petrolero,Gran Generador,Residuos solidos,Otros: Varios,0
Nuevo León,Sin Dato,2019,Petrolero,Gran Generador,Residuos solidos,Otros: Varios,0
Nuevo León,Sin Dato,2019,Petrolifero,Microgenerador,Aceites gastados,hidraulicos,0
Nuevo León,Sin Dato,2019,Petrolifero,Microgenerador,Aceites gastados,Lubricantes,0
Nuevo León,Sin Dato,2019,Petrolifero,Microgenerador,"Baterias, celdas y pilas",Pilas alcalinas,0
Nuevo León,Sin Dato,2019,Petrolifero,Microgenerador,"Baterias, celdas y pilas",Pilas o baterias de Niquel - Cadmio,0
Nuevo León,Sin Dato,2019,Petrolifero,Microgenerador,Lodos,Lodos aceitosos,0.14
Nuevo León,Sin Dato,2019,Petrolifero,Microgenerador,Residuos solidos,"Botes o recipientes que contuvieron contaminantes diversos, latas de pintura, aerosoles",0
Nuevo León,Sin Dato,2019,Petrolifero,Microgenerador,Residuos solidos,"Estopa, trapo, plásticos, cartón, madera, brochas, papel, cepillo, etc., impregnados con pinturas, grasas, aceites, hidrocarburos",0.1
Nuevo León,Sin Dato,2019,Petrolifero,Microgenerador,Residuos solidos,Lámpara fluorescentes,0
Nuevo León,Sin Dato,2019,Petrolifero,Pequeno Generador,Aceites gastados,hidraulicos,0
Nuevo León,Sin Dato,2019,Petrolifero,Pequeno Generador,Aceites gastados,Lubricantes,0.04
Nuevo León,Sin Dato,2019,Petrolifero,Pequeno Generador,"Baterias, celdas y pilas",Pilas alcalinas,0.008
Nuevo León,Sin Dato,2019,Petrolifero,Pequeno Generador,"Baterias, celdas y pilas",Pilas o baterias de Niquel - Cadmio,0
Nuevo León,Sin Dato,2019,Petrolifero,Pequeno Generador,Liquidos de proceso,Liquidos con residuos de hidrocarburos,4
Nuevo León,Sin Dato,2019,Petrolifero,Pequeno Generador,Lodos,Lodos aceitosos,0.15
Nuevo León,Sin Dato,2019,Petrolifero,Pequeno Generador,Residuos solidos,"Botes o recipientes que contuvieron contaminantes diversos, latas de pintura, aerosoles",0
Nuevo León,Sin Dato,2019,Petrolifero,Pequeno Generador,Residuos solidos,"Estopa, trapo, plásticos, cartón, madera, brochas, papel, cepillo, etc., impregnados con pinturas, grasas, aceites, hidrocarburos",0.336
Nuevo León,Sin Dato,2019,Petrolifero,Pequeno Generador,Residuos solidos,Filtro de aire o de aceite contaminados,0
Nuevo León,Sin Dato,2019,Petrolifero,Pequeno Generador,Residuos solidos,Lámpara fluorescentes,0.008
Nuevo León,Sin Dato,2019,Petrolifero,Pequeno Generador,Residuos solidos,Objetos punzocortantes,0
Nuevo León,Sin Dato,2020,Petrolero,Microgenerador,Aceites gastados,Aceites gastados lubricantes,0.005
Nuevo León,Sin Dato,2020,Petrolero,Microgenerador,SÓLIDOS,SÓLIDOS OTROS,0.005
Nuevo León,Sin Dato,2020,Petrolero,Microgenerador,SÓLIDOS,SÓLIDOS OTROS,0.005
Nuevo León,Sin Dato,2020,Petrolero,Microgenerador,SÓLIDOS,SÓLIDOS OTROS,0.005
Nuevo León,Sin Dato,2020,Petrolero,Gran Generador,Aceites gastados,Aceites gastados hidráulicos,4
Nuevo León,Sin Dato,2020,Petrolero,Gran Generador,Aceites gastados,Aceites gastados hidráulicos,3
Nuevo León,Sin Dato,2020,Petrolero,Gran Generador,Aceites gastados,Aceites gastados lubricantes,4
Nuevo León,Sin Dato,2020,Petrolero,Gran Generador,Aceites gastados,Aceites gastados lubricantes,3
Nuevo León,Sin Dato,2020,Petrolero,Gran Generador,Líquidos residuales de procesos,LÍQUIDOS RESIDUALES DE PROCESO NO CORROSIVOS,2
Nuevo León,Sin Dato,2020,Petrolero,Gran Generador,LODOS PROVENIENTES DE:,LODOS PROVENIENTES DE: OTROS,3
Nuevo León,Sin Dato,2020,Petrolero,Gran Generador,OTROS,"DIÉSEL CONTAMINADO CON AGUA, GASOLINA, ETANOL Y METIL TER BUTIL ETER GENERADOS DE LOS PROCESOS DE MANTENIMIENTO, LIMPIEZA Y REMANENTES PROVENIENTES DE FERROTANQUES.",20
Nuevo León,Sin Dato,2020,Petrolero,Gran Generador,OTROS,"GASOLINA CONTAMINADA CON AGUA, ETANOL, DIÉSEL O METIL TER BUTIL ETÉR GENERADOS DE LOS PROCESOS DE MANTENIMIENTO, LIMPIEZA Y REMANENTES PROVENIENTES DE FERROTANQUES.",20
Nuevo León,Sin Dato,2020,Petrolero,Gran Generador,OTROS,"ETANOL CONTAMINADO CON AGUA, DIÉSEL, GASOLINA Y METIL TER BUTIL ETÉR GENERADOS DE LOS PROCESOS DE MANTENIMIENTO, LIMPIEZA Y REMANENTES PROVENIENTES DE FERROTANQUES.",1
Nuevo León,Sin Dato,2020,Petrolero,Gran Generador,OTROS,"METIL TER BUTIL ETÉR CONTAMINADO CON AGUA, DIESEL, GASOLINA Y ETANOL GENERADOS DE LOS PROCESOS DE MANTENIMIENTO, LIMPIEZA Y REMANENTES PROVENIENTES DE FERROTANQUES.",1
Nuevo León,Sin Dato,2020,Petrolero,Gran Generador,SÓLIDOS,SÓLIDOS CON METALES PESADOS,1
Nuevo León,Sin Dato,2020,Petrolero,Gran Generador,SÓLIDOS,SÓLIDOS CON METALES PESADOS,0.1
Nuevo León,Sin Dato,2020,Petrolero,Gran Generador,SÓLIDOS,SÓLIDOS CON METALES PESADOS,0.3
Nuevo León,Sin Dato,2020,Petrolero,Gran Generador,SÓLIDOS,SÓLIDOS CON METALES PESADOS,0.2
Nuevo León,Sin Dato,2020,Petrolero,Gran Generador,SÓLIDOS,SÓLIDOS OTROS,1
Nuevo León,Sin Dato,2020,Petrolero,Gran Generador,SÓLIDOS,SÓLIDOS OTROS,0.3
Nuevo León,Sin Dato,2020,Petrolero,Gran Generador,SÓLIDOS,SÓLIDOS OTROS,0.3
Nuevo León,Sin Dato,2020,Petrolero,Gran Generador,SÓLIDOS,SÓLIDOS OTROS,0.5
Nuevo León,Sin Dato,2020,Petrolero,Gran Generador,SÓLIDOS,SÓLIDOS OTROS,0.2
Nuevo León,Sin Dato,2020,Petrolero,Gran Generador,SÓLIDOS,SÓLIDOS OTROS,0.2
Nuevo León,Sin Dato,2020,Petrolero,Gran Generador,SÓLIDOS,SÓLIDOS OTROS,2
Nuevo León,Sin Dato,2020,Petrolero,Gran Generador,SÓLIDOS,SÓLIDOS OTROS,0.5
Nuevo León,Sin Dato,2020,Petrolero,Gran Generador,SÓLIDOS,SÓLIDOS OTROS,0.3
Nuevo León,Sin Dato,2020,Petrolero,Gran Generador,SÓLIDOS,SÓLIDOS OTROS,0.3
Nuevo León,Sin Dato,2020,Petrolero,Gran Generador,SÓLIDOS,SÓLIDOS OTROS,0.2
Nuevo León,Sin Dato,2020,Petrolero,Gran Generador,SÓLIDOS,SÓLIDOS OTROS,1
Nuevo León,Sin Dato,2020,Petrolero,Gran Generador,SÓLIDOS,SÓLIDOS OTROS,0.5
Nuevo León,Sin Dato,2020,Petrolero,Gran Generador,SÓLIDOS,SÓLIDOS OTROS,1
Nuevo León,Sin Dato,2020,Petrolero,Gran Generador,SÓLIDOS,SÓLIDOS OTROS,1.35
Nuevo León,Sin Dato,2020,Petrolero,Gran Generador,SÓLIDOS,SÓLIDOS OTROS,0.35
Nuevo León,Sin Dato,2020,Petrolero,Gran Generador,SÓLIDOS,"SÓLIDOS TELAS, PIELES O ASBESTO ENCAPSULADO",1.5
Nuevo León,Sin Dato,2020,Petrolero,Gran Generador,SÓLIDOS,"SÓLIDOS TELAS, PIELES O ASBESTO ENCAPSULADO",0.5
Nuevo León,Sin Dato,2020,Petrolero,Gran Generador,SÓLIDOS,"SÓLIDOS TELAS, PIELES O ASBESTO ENCAPSULADO",0.5
Nuevo León,Sin Dato,2020,Petrolifero,Microgenerador,Aceites hidraúlicos,Aceites gastados hidráulicos,0.04
Nuevo León,Sin Dato,2020,Petrolifero,Microgenerador,Aceites lubricantes,Aceites gastados lubricantes,0.276
Nuevo León,Sin Dato,2020,Petrolifero,Microgenerador,Líquidos de proceso,Aguas aceitosas,0.239
Nuevo León,Sin Dato,2020,Petrolifero,Microgenerador,"Baterias, pilas y balastras","Baterias, pilas y balastras",0.201
Nuevo León,Sin Dato,2020,Petrolifero,Microgenerador,"Gasollina, diésel y naftas gastados","Gasollina, diésel y naftas gastados",0.096
Nuevo León,Sin Dato,2020,Petrolifero,Microgenerador,Lámparas fluorescentes y de vapor de mercurio,Lámparas fluorescentes y de vapor de mercurio,0.01625
Nuevo León,Sin Dato,2020,Petrolifero,Microgenerador,Lodos,Lodos aceitosos,5.0184
Nuevo León,Sin Dato,2020,Petrolifero,Microgenerador,Residuos sólidos,"Estopa, trapo, plásticos, cartón, madera, brochas, papel, cepillo, etc., impregnados con pinturas, grasas, aceites, hidrocarburos",4.6855
Nuevo León,Sin Dato,2020,Petrolifero,Pequeno Generador,Aceites lubricantes,Aceites gastados lubricantes,5.6812
Nuevo León,Sin Dato,2020,Petrolifero,Pequeno Generador,Líquidos de proceso,Aguas aceitosas,416.8
Nuevo León,Sin Dato,2020,Petrolifero,Pequeno Generador,"Baterias, pilas y balastras","Baterias, pilas y balastras",0.576
Nuevo León,Sin Dato,2020,Petrolifero,Pequeno Generador,"Gasollina, diésel y naftas gastados","Gasollina, diésel y naftas gastados",3.8035
Nuevo León,Sin Dato,2020,Petrolifero,Pequeno Generador,Lámparas fluorescentes y de vapor de mercurio,Lámparas fluorescentes y de vapor de mercurio,0.722
Nuevo León,Sin Dato,2020,Petrolifero,Pequeno Generador,Lodos,Lodos aceitosos,17.996
Nuevo León,Sin Dato,2020,Petrolifero,Pequeno Generador,Residuos sólidos,"Estopa, trapo, plásticos, cartón, madera, brochas, papel, cepillo, etc., impregnados con pinturas, grasas, aceites, hidrocarburos",27.5966
Nuevo León,Sin Dato,2021,Petrolero,Microgenerador,Aceites gastados,Lubricantes,0.01
Nuevo León,Sin Dato,2021,Petrolero,Microgenerador,Residuos solidos,Otros solidos,0.01
Nuevo León,Sin Dato,2021,Petrolero,Microgenerador,Residuos solidos,Otros solidos,0.01
Nuevo León,Sin Dato,2021,Petrolero,Gran Generador,Aceites gastados,hidraulicos,7
Nuevo León,Sin Dato,2021,Petrolero,Gran Generador,Aceites gastados,Lubricantes,3
Nuevo León,Sin Dato,2021,Petrolero,Gran Generador,Aceites gastados,Sin dato,4
Nuevo León,Sin Dato,2021,Petrolero,Gran Generador,Liquidos de proceso,Liquidos residuales de proceso,2
Nuevo León,Sin Dato,2021,Petrolero,Gran Generador,Residuos Liquidos,"Mezclas de combustibles, combustibles contaminados o sucios, mezclas de hidrocarburos, naftas",42
Nuevo León,Sin Dato,2021,Petrolero,Gran Generador,Residuos solidos,Con metales pesados,1
Nuevo León,Sin Dato,2021,Petrolero,Gran Generador,Residuos solidos,Sin dato,0.6
Nuevo León,Sin Dato,2021,Petrolero,Gran Generador,Residuos solidos,Otros solidos,5
Nuevo León,Sin Dato,2021,Petrolero,Gran Generador,Residuos solidos,Sin dato,5
Nuevo León,Sin Dato,2021,Petrolero,Gran Generador,Residuos solidos,"Telas, pieles o asbesto",2.5
Nuevo León,Sin Dato,2021,Petrolero,Gran Generador,Lodos,Otros lodos,3
Nuevo León,Sin Dato,2021,Petrolifero,Microgenerador,Aceites gastados,hidraulicos,0.04
Nuevo León,Sin Dato,2021,Petrolifero,Microgenerador,Aceites gastados,Lubricantes,0.28
Nuevo León,Sin Dato,2021,Petrolifero,Microgenerador,"baterias, celdas y pilas","Baterias, pilas y balastras",0.2
Nuevo León,Sin Dato,2021,Petrolifero,Microgenerador,"Gasolina, diésel y naftas gastados o sucios provenientes de estaciones de servicio y talleres automotrices","Gasolina, diesel y naftas gastados o sucios",0.1
Nuevo León,Sin Dato,2021,Petrolifero,Microgenerador,Otros,"Agua oleosa, agua contaminada",0.24
Nuevo León,Sin Dato,2021,Petrolifero,Microgenerador,Residuos solidos,"Estopa, trapo, plásticos, cartón, madera, brochas, papel, cepillo, etc., impregnados con pinturas, grasas, aceites, hidrocarburos",4.69
Nuevo León,Sin Dato,2021,Petrolifero,Microgenerador,Residuos solidos,"Lámparas fluorescentes, lámparas de vapor de mercurio",0.02
Nuevo León,Sin Dato,2021,Petrolifero,Microgenerador,Lodos,Lodos aceitosos,5.02
Nuevo León,Sin Dato,2021,Petrolifero,Pequeno Generador,Aceites gastados,Lubricantes,5.68
Nuevo León,Sin Dato,2021,Petrolifero,Pequeno Generador,"baterias, celdas y pilas","Baterias, pilas y balastras",0.58
Nuevo León,Sin Dato,2021,Petrolifero,Pequeno Generador,"Gasolina, diésel y naftas gastados o sucios provenientes de estaciones de servicio y talleres automotrices","Gasolina, diesel y naftas gastados o sucios",3.8
Nuevo León,Sin Dato,2021,Petrolifero,Pequeno Generador,Otros,"Agua oleosa, agua contaminada",416.8
Nuevo León,Sin Dato,2021,Petrolifero,Pequeno Generador,Residuos solidos,"Estopa, trapo, plásticos, cartón, madera, brochas, papel, cepillo, etc., impregnados con pinturas, grasas, aceites, hidrocarburos",27.6
Nuevo León,Sin Dato,2021,Petrolifero,Pequeno Generador,Residuos solidos,"Lámparas fluorescentes, lámparas de vapor de mercurio",0.72
Nuevo León,Sin Dato,2021,Petrolifero,Pequeno Generador,Lodos,Lodos aceitosos,18
Nuevo León,Allende,2022,Petrolífero,Microgenerador,"Gasolina, diésel y naftas gastados o sucios provenientes de estaciones de servicio y talleres automotrices","Gasolina, diesel y naftas gastados o sucios",0.16
Nuevo León,Allende,2022,Petrolífero,Microgenerador,Lodos,Lodos aceitosos,0.19
Nuevo León,Allende,2022,Petrolífero,Microgenerador,Residuos sólidos,"Estopa, trapo, plásticos, cartón, madera, brochas, papel, cepillo, etc., impregnados con pinturas, grasas, aceites, hidrocarburos",0.48
Nuevo León,Allende,2022,Petrolífero,Microgenerador,Residuos sólidos,"Lámparas fluorescentes, lámparas de vapor de mercurio",0.2
Nuevo León,Apodaca,2022,Petrolífero,Microgenerador,"Gasolina, diésel y naftas gastados o sucios provenientes de estaciones de servicio y talleres automotrices","Gasolina, diesel y naftas gastados o sucios",0.08
Nuevo León,Apodaca,2022,Petrolífero,Microgenerador,Residuos sólidos,"Estopa, trapo, plásticos, cartón, madera, brochas, papel, cepillo, etc., impregnados con pinturas, grasas, aceites, hidrocarburos",0.2
Nuevo León,Apodaca,2022,Petrolífero,Microgenerador,Residuos sólidos,"Lámparas fluorescentes, lámparas de vapor de mercurio",0.1
Nuevo León,Apodaca,2022,Petrolífero,Pequeño Generador,Aceites gastados,Lubricantes,0.65
Nuevo León,Apodaca,2022,Petrolífero,Pequeño Generador,Residuos sólidos,"Estopa, trapo, plásticos, cartón, madera, brochas, papel, cepillo, etc., impregnados con pinturas, grasas, aceites, hidrocarburos",0.22
Nuevo León,García,2022,Petrolífero,Pequeño Generador,Aceites gastados,Lubricantes,0.07
Nuevo León,García,2022,Petrolífero,Pequeño Generador,Agua contaminada,"Agua contaminada con hidrocarburos, combustibles, aceite o grasa",4.6
Nuevo León,García,2022,Petrolífero,Pequeño Generador,"Baterías, celdas y pilas","Baterias, pilas y balastras",0
Nuevo León,García,2022,Petrolífero,Pequeño Generador,"Gasolina, diésel y naftas gastados o sucios provenientes de estaciones de servicio y talleres automotrices","Gasolina, diesel y naftas gastados o sucios",0.25
Nuevo León,García,2022,Petrolífero,Pequeño Generador,Lodos,Lodos aceitosos,0.46
Nuevo León,García,2022,Petrolífero,Pequeño Generador,Residuos sólidos,"Estopa, trapo, plásticos, cartón, madera, brochas, papel, cepillo, etc., impregnados con pinturas, grasas, aceites, hidrocarburos",0.26
Nuevo León,García,2022,Petrolífero,Pequeño Generador,Residuos sólidos,"Lámparas fluorescentes, lámparas de vapor de mercurio",0.01
Nuevo León,General Escobedo,2022,Petrolífero,Pequeño Generador,Aceites gastados,Lubricantes,0.75
Nuevo León,General Escobedo,2022,Petrolífero,Pequeño Generador,Aceites gastados,Lubricantes,4.75
Nuevo León,General Escobedo,2022,Petrolífero,Pequeño Generador,Agua contaminada,"Agua contaminada con hidrocarburos, combustibles, aceite o grasa",5.95
Nuevo León,General Escobedo,2022,Petrolífero,Pequeño Generador,"Baterías, celdas y pilas","Baterias, pilas y balastras",0
Nuevo León,General Escobedo,2022,Petrolífero,Pequeño Generador,Biológico-infecciosos,Patológicos,0
Nuevo León,General Escobedo,2022,Petrolífero,Pequeño Generador,Biológico-infecciosos,Sangre,0
Nuevo León,General Escobedo,2022,Petrolífero,Pequeño Generador,"Gasolina, diésel y naftas gastados o sucios provenientes de estaciones de servicio y talleres automotrices","Gasolina, diesel y naftas gastados o sucios",0.2
Nuevo León,General Escobedo,2022,Petrolífero,Pequeño Generador,Lodos,Lodos aceitosos,0.4
Nuevo León,General Escobedo,2022,Petrolífero,Pequeño Generador,Lodos,Otros lodos,0.04
Nuevo León,General Escobedo,2022,Petrolífero,Pequeño Generador,Lodos,Otros lodos,0.6
Nuevo León,General Escobedo,2022,Petrolífero,Pequeño Generador,Otros,Otros residuos,1.5
Nuevo León,General Escobedo,2022,Petrolífero,Pequeño Generador,Residuos sólidos,"Estopa, trapo, plásticos, cartón, madera, brochas, papel, cepillo, etc., impregnados con pinturas, grasas, aceites, hidrocarburos",0.2
Nuevo León,General Escobedo,2022,Petrolífero,Pequeño Generador,Residuos sólidos,"Lámparas fluorescentes, lámparas de vapor de mercurio",0.02
Nuevo León,General Escobedo,2022,Petrolífero,Pequeño Generador,Residuos sólidos,Otros sólidos,2.75
Nuevo León,General Escobedo,2022,Petrolífero,Pequeño Generador,Residuos sólidos,Otros sólidos,4.44
Nuevo León,General Escobedo,2022,Petrolífero,Pequeño Generador,Residuos sólidos,Otros sólidos,1.5
Nuevo León,General Escobedo,2022,Petrolífero,Pequeño Generador,Residuos sólidos,Otros sólidos,2
Nuevo León,General Zuazua,2022,Petrolífero,Microgenerador,"Gasolina, diésel y naftas gastados o sucios provenientes de estaciones de servicio y talleres automotrices","Gasolina, diesel y naftas gastados o sucios",0.08
Nuevo León,General Zuazua,2022,Petrolífero,Microgenerador,Residuos sólidos,"Estopa, trapo, plásticos, cartón, madera, brochas, papel, cepillo, etc., impregnados con pinturas, grasas, aceites, hidrocarburos",0.2
Nuevo León,General Zuazua,2022,Petrolífero,Microgenerador,Residuos sólidos,"Lámparas fluorescentes, lámparas de vapor de mercurio",0.1
Nuevo León,Montemorelos,2022,Petrolífero,Microgenerador,"Gasolina, diésel y naftas gastados o sucios provenientes de estaciones de servicio y talleres automotrices","Gasolina, diesel y naftas gastados o sucios",0.08
Nuevo León,Montemorelos,2022,Petrolífero,Microgenerador,Residuos sólidos,"Estopa, trapo, plásticos, cartón, madera, brochas, papel, cepillo, etc., impregnados con pinturas, grasas, aceites, hidrocarburos",0.2
Nuevo León,Montemorelos,2022,Petrolífero,Microgenerador,Residuos sólidos,"Lámparas fluorescentes, lámparas de vapor de mercurio",0.1
Nuevo León,Monterrey,2022,Petrolífero,Microgenerador,Aceites gastados,Lubricantes,0.1
Nuevo León,Monterrey,2022,Petrolífero,Microgenerador,Agua contaminada,"Agua contaminada con hidrocarburos, combustibles, aceite o grasa",0.04
Nuevo León,Monterrey,2022,Petrolífero,Microgenerador,"Baterías, celdas y pilas","Baterias, pilas y balastras",0.02
Nuevo León,Monterrey,2022,Petrolífero,Microgenerador,"Gasolina, diésel y naftas gastados o sucios provenientes de estaciones de servicio y talleres automotrices","Gasolina, diesel y naftas gastados o sucios",0.16
Nuevo León,Monterrey,2022,Petrolífero,Microgenerador,Lodos,Lodos aceitosos,0.15
Nuevo León,Monterrey,2022,Petrolífero,Microgenerador,Residuos sólidos,"Estopa, trapo, plásticos, cartón, madera, brochas, papel, cepillo, etc., impregnados con pinturas, grasas, aceites, hidrocarburos",0.57
Nuevo León,Monterrey,2022,Petrolífero,Microgenerador,Residuos sólidos,"Lámparas fluorescentes, lámparas de vapor de mercurio",0.2
Nuevo León,Monterrey,2022,Petrolífero,Pequeño Generador,Aceites gastados,Lubricantes,0.07
Nuevo León,Monterrey,2022,Petrolífero,Pequeño Generador,Agua contaminada,"Agua contaminada con hidrocarburos, combustibles, aceite o grasa",4.8
Nuevo León,Monterrey,2022,Petrolífero,Pequeño Generador,"Baterías, celdas y pilas","Baterias, pilas y balastras",0
Nuevo León,Monterrey,2022,Petrolífero,Pequeño Generador,"Gasolina, diésel y naftas gastados o sucios provenientes de estaciones de servicio y talleres automotrices","Gasolina, diesel y naftas gastados o sucios",0.22
Nuevo León,Monterrey,2022,Petrolífero,Pequeño Generador,Lodos,Lodos aceitosos,0.44
Nuevo León,Monterrey,2022,Petrolífero,Pequeño Generador,Residuos sólidos,"Estopa, trapo, plásticos, cartón, madera, brochas, papel, cepillo, etc., impregnados con pinturas, grasas, aceites, hidrocarburos",0.26
Nuevo León,Monterrey,2022,Petrolífero,Pequeño Generador,Residuos sólidos,"Lámparas fluorescentes, lámparas de vapor de mercurio",0.02
Nuevo León,Salinas Victoria,2022,Petrolífero,Microgenerador,"Gasolina, diésel y naftas gastados o sucios provenientes de estaciones de servicio y talleres automotrices","Gasolina, diesel y naftas gastados o sucios",0.16
Nuevo León,Salinas Victoria,2022,Petrolífero,Microgenerador,Residuos sólidos,"Estopa, trapo, plásticos, cartón, madera, brochas, papel, cepillo, etc., impregnados con pinturas, grasas, aceites, hidrocarburos",0.4
Nuevo León,Salinas Victoria,2022,Petrolífero,Microgenerador,Residuos sólidos,"Lámparas fluorescentes, lámparas de vapor de mercurio",0.2
Nuevo León,Salinas Victoria,2022,Petrolífero,Gran Generador,Aceites gastados,Hidráulicos,3
Nuevo León,Salinas Victoria,2022,Petrolífero,Gran Generador,Aceites gastados,Lubricantes,3
Nuevo León,Salinas Victoria,2022,Petrolífero,Gran Generador,Líquidos de proceso,No corrosivos,1
Nuevo León,Salinas Victoria,2022,Petrolífero,Gran Generador,Lodos,Otros lodos,0.1
Nuevo León,Salinas Victoria,2022,Petrolífero,Gran Generador,Otros,Otros residuos,2
Nuevo León,Salinas Victoria,2022,Petrolífero,Gran Generador,Residuos sólidos,Con metales pesados,0.3
Nuevo León,Salinas Victoria,2022,Petrolífero,Gran Generador,Residuos sólidos,Otros sólidos,4.3
Nuevo León,Salinas Victoria,2022,Petrolífero,Gran Generador,Residuos sólidos,Otros sólidos,3.6
Nuevo León,Salinas Victoria,2022,Petrolífero,Gran Generador,Residuos sólidos,"Telas, pieles o asbesto",0.8
Nuevo León,San Nicolás de los Garza,2022,Petrolífero,Pequeño Generador,Lodos,Lodos aceitosos,1.08
Nuevo León,San Nicolás de los Garza,2022,Petrolífero,Pequeño Generador,Residuos sólidos,"Estopa, trapo, plásticos, cartón, madera, brochas, papel, cepillo, etc., impregnados con pinturas, grasas, aceites, hidrocarburos",0.8
Nuevo León,Santa Catarina,2022,Petrolífero,Microgenerador,Aceites gastados,Lubricantes,0.01
Nuevo León,Santa Catarina,2022,Petrolífero,Microgenerador,Lodos,Lodos aceitosos,0.15
Nuevo León,Santa Catarina,2022,Petrolífero,Microgenerador,Residuos sólidos,"Estopa, trapo, plásticos, cartón, madera, brochas, papel, cepillo, etc., impregnados con pinturas, grasas, aceites, hidrocarburos",0.29
Nuevo León,Santiago,2022,Petrolífero,Microgenerador,Agua contaminada,"Agua contaminada con hidrocarburos, combustibles, aceite o grasa",0.03
Nuevo León,Santiago,2022,Petrolífero,Microgenerador,"Baterías, celdas y pilas","Baterias, pilas y balastras",0.01
Nuevo León,Santiago,2022,Petrolífero,Microgenerador,Lodos,Lodos aceitosos,0.15
Nuevo León,Santiago,2022,Petrolífero,Microgenerador,Residuos sólidos,"Estopa, trapo, plásticos, cartón, madera, brochas, papel, cepillo, etc., impregnados con pinturas, grasas, aceites, hidrocarburos",0.07
Nuevo León,Allende,2023,Petrolífero,Pequeño Generador,Aceites gastados,Lubricantes,0.05
Nuevo León,Allende,2023,Petrolífero,Pequeño Generador,Agua contaminada,"Agua contaminada con hidrocarburos, combustibles, aceite o grasa",5.6
Nuevo León,Allende,2023,Petrolífero,Pequeño Generador,"Baterías, celdas y pilas","Baterias, pilas y balastras",0
Nuevo León,Allende,2023,Petrolífero,Pequeño Generador,"Gasolina, diésel y naftas gastados o sucios provenientes de estaciones de servicio y talleres automotrices","Gasolina, diesel y naftas gastados o sucios",0.2
Nuevo León,Allende,2023,Petrolífero,Pequeño Generador,Lodos,Lodos aceitosos,0.04
Nuevo León,Allende,2023,Petrolífero,Pequeño Generador,Residuos sólidos,"Estopa, trapo, plásticos, cartón, madera, brochas, papel, cepillo, etc., impregnados con pinturas, grasas, aceites, hidrocarburos",0.21
Nuevo León,Allende,2023,Petrolífero,Pequeño Generador,Residuos sólidos,"Lámparas fluorescentes, lámparas de vapor de mercurio",0.02
Nuevo León,Apodaca,2023,Petrolífero,Microgenerador,Aceites gastados,Lubricantes,0.3
Nuevo León,Apodaca,2023,Petrolífero,Microgenerador,Residuos sólidos,"Estopa, trapo, plásticos, cartón, madera, brochas, papel, cepillo, etc., impregnados con pinturas, grasas, aceites, hidrocarburos",0.1
Nuevo León,Apodaca,2023,Petrolífero,Pequeño Generador,Residuos sólidos,"Estopa, trapo, plásticos, cartón, madera, brochas, papel, cepillo, etc., impregnados con pinturas, grasas, aceites, hidrocarburos",4.13
Nuevo León,Apodaca,2023,Petrolífero,Pequeño Generador,Residuos sólidos,"Estopa, trapo, plásticos, cartón, madera, brochas, papel, cepillo, etc., impregnados con pinturas, grasas, aceites, hidrocarburos",3.9
Nuevo León,García,2023,Petrolífero,Pequeño Generador,Agua contaminada,"Agua contaminada con hidrocarburos, combustibles, aceite o grasa",0.7
Nuevo León,García,2023,Petrolífero,Pequeño Generador,Lodos,Lodos aceitosos,0.1
Nuevo León,García,2023,Petrolífero,Pequeño Generador,Residuos sólidos,"Estopa, trapo, plásticos, cartón, madera, brochas, papel, cepillo, etc., impregnados con pinturas, grasas, aceites, hidrocarburos",0.12
Nuevo León,General Bravo,2023,Petrolífero,Pequeño Generador,Residuos sólidos,"Estopa, trapo, plásticos, cartón, madera, brochas, papel, cepillo, etc., impregnados con pinturas, grasas, aceites, hidrocarburos",8.54
Nuevo León,General Bravo,2023,Petrolífero,Pequeño Generador,Residuos sólidos,"Estopa, trapo, plásticos, cartón, madera, brochas, papel, cepillo, etc., impregnados con pinturas, grasas, aceites, hidrocarburos",7.12
Nuevo León,General Bravo,2023,Petrolífero,Pequeño Generador,Residuos sólidos,"Estopa, trapo, plásticos, cartón, madera, brochas, papel, cepillo, etc., impregnados con pinturas, grasas, aceites, hidrocarburos",2.9
Nuevo León,General Escobedo,2023,Petrolífero,Microgenerador,Residuos sólidos,"Estopa, trapo, plásticos, cartón, madera, brochas, papel, cepillo, etc., impregnados con pinturas, grasas, aceites, hidrocarburos",0.06
Nuevo León,Guadalupe,2023,Petrolífero,Pequeño Generador,Aceites gastados,Lubricantes,0.6
Nuevo León,Guadalupe,2023,Petrolífero,Pequeño Generador,Agua contaminada,"Agua contaminada con hidrocarburos, combustibles, aceite o grasa",4.5
Nuevo León,Guadalupe,2023,Petrolífero,Pequeño Generador,"Baterías, celdas y pilas","Baterias, pilas y balastras",0
Nuevo León,Guadalupe,2023,Petrolífero,Pequeño Generador,"Gasolina, diésel y naftas gastados o sucios provenientes de estaciones de servicio y talleres automotrices","Gasolina, diesel y naftas gastados o sucios",0.25
Nuevo León,Guadalupe,2023,Petrolífero,Pequeño Generador,Lodos,Lodos aceitosos,0.42
Nuevo León,Guadalupe,2023,Petrolífero,Pequeño Generador,Residuos sólidos,"Estopa, trapo, plásticos, cartón, madera, brochas, papel, cepillo, etc., impregnados con pinturas, grasas, aceites, hidrocarburos",0.31
Nuevo León,Guadalupe,2023,Petrolífero,Pequeño Generador,Residuos sólidos,"Lámparas fluorescentes, lámparas de vapor de mercurio",0.01
Nuevo León,Juárez,2023,Petrolífero,Microgenerador,Aceites gastados,Lubricantes,0.11
Nuevo León,Juárez,2023,Petrolífero,Microgenerador,Lodos,Lodos aceitosos,0.19
Nuevo León,Juárez,2023,Petrolífero,Microgenerador,Residuos sólidos,"Estopa, trapo, plásticos, cartón, madera, brochas, papel, cepillo, etc., impregnados con pinturas, grasas, aceites, hidrocarburos",0.09
Nuevo León,Monterrey,2023,Petrolífero,Microgenerador,Aceites gastados,Lubricantes,0.36
Nuevo León,Monterrey,2023,Petrolífero,Microgenerador,Residuos sólidos,"Estopa, trapo, plásticos, cartón, madera, brochas, papel, cepillo, etc., impregnados con pinturas, grasas, aceites, hidrocarburos",0.04
Nuevo León,Monterrey,2023,Petrolífero,Pequeño Generador,Aceites gastados,Lubricantes,0.8
Nuevo León,Monterrey,2023,Petrolífero,Pequeño Generador,Residuos sólidos,"Estopa, trapo, plásticos, cartón, madera, brochas, papel, cepillo, etc., impregnados con pinturas, grasas, aceites, hidrocarburos",0.1
Nuevo León,Salinas Victoria,2023,Petrolífero,Microgenerador,Agua contaminada,"Agua contaminada con hidrocarburos, combustibles, aceite o grasa",0.04
Nuevo León,Salinas Victoria,2023,Petrolífero,Microgenerador,"Baterías, celdas y pilas","Baterias, pilas y balastras",0.02
Nuevo León,Salinas Victoria,2023,Petrolífero,Microgenerador,Lodos,Lodos aceitosos,0.15
Nuevo León,Salinas Victoria,2023,Petrolífero,Microgenerador,Residuos sólidos,"Estopa, trapo, plásticos, cartón, madera, brochas, papel, cepillo, etc., impregnados con pinturas, grasas, aceites, hidrocarburos",0.07
Nuevo León,San Nicolás de los Garza,2023,Petrolífero,Pequeño Generador,Aceites gastados,Hidráulicos,1.35
Nuevo León,San Nicolás de los Garza,2023,Petrolífero,Pequeño Generador,Aceites gastados,Lubricantes,0.09
Nuevo León,San Nicolás de los Garza,2023,Petrolífero,Pequeño Generador,Residuos sólidos,"Estopa, trapo, plásticos, cartón, madera, brochas, papel, cepillo, etc., impregnados con pinturas, grasas, aceites, hidrocarburos",1.26
Nuevo León,Santa Catarina,2023,Petrolífero,Pequeño Generador,Aceites gastados,Lubricantes,0.69
Nuevo León,Santa Catarina,2023,Petrolífero,Pequeño Generador,Agua contaminada,"Agua contaminada con hidrocarburos, combustibles, aceite o grasa",2.13
Nuevo León,Santa Catarina,2023,Petrolífero,Pequeño Generador,"Gasolina, diésel y naftas gastados o sucios provenientes de estaciones de servicio y talleres automotrices","Gasolina, diesel y naftas gastados o sucios",0.13
Nuevo León,Santa Catarina,2023,Petrolífero,Pequeño Generador,Lodos,Lodos aceitosos,0.43
Nuevo León,Santa Catarina,2023,Petrolífero,Pequeño Generador,Residuos sólidos,"Estopa, trapo, plásticos, cartón, madera, brochas, papel, cepillo, etc., impregnados con pinturas, grasas, aceites, hidrocarburos",1.57
Nuevo León,Allende,2024,Petrolífero,Pequeño Generador,Lodos,Lodos aceitosos,0.13
Nuevo León,Allende,2024,Petrolífero,Pequeño Generador,Residuos sólidos,"Estopa, trapo, plásticos, cartón, madera, brochas, papel, cepillo, etc., impregnados con pinturas, grasas, aceites, hidrocarburos",0.78
Nuevo León,Apodaca,2024,Petrolífero,Pequeño Generador,Residuos sólidos,"Estopa, trapo, plásticos, cartón, madera, brochas, papel, cepillo, etc., impregnados con pinturas, grasas, aceites, hidrocarburos",0.5
Nuevo León,Cadereyta Jiménez,2024,Petrolífero,Pequeño Generador,Aceites gastados,Lubricantes,0.5
Nuevo León,Cadereyta Jiménez,2024,Petrolífero,Pequeño Generador,Agua contaminada,"Agua contaminada con hidrocarburos, combustibles, aceite o grasa",1
Nuevo León,Cadereyta Jiménez,2024,Petrolífero,Pequeño Generador,Lodos,Lodos aceitosos,1
Nuevo León,Cadereyta Jiménez,2024,Petrolífero,Pequeño Generador,Residuos sólidos,"Estopa, trapo, plásticos, cartón, madera, brochas, papel, cepillo, etc., impregnados con pinturas, grasas, aceites, hidrocarburos",3.4
Nuevo León,Cadereyta Jiménez,2024,Petrolífero,Pequeño Generador,Residuos sólidos,"Lámparas fluorescentes, lámparas de vapor de mercurio",0.2
Nuevo León,Cadereyta Jiménez,2024,Petrolífero,Pequeño Generador,Solventes,Residuos de solventes,0.2
Nuevo León,Cadereyta Jiménez,2024,Petrolífero,Gran Generador,Aceites gastados,Hidráulicos,0.8
Nuevo León,Cadereyta Jiménez,2024,Petrolífero,Gran Generador,Aceites gastados,Lubricantes,0.5
Nuevo León,Cadereyta Jiménez,2024,Petrolífero,Gran Generador,Agua contaminada,"Agua contaminada con hidrocarburos, combustibles, aceite o grasa",2.5
Nuevo León,Cadereyta Jiménez,2024,Petrolífero,Gran Generador,Residuos sólidos,"Estopa, trapo, plásticos, cartón, madera, brochas, papel, cepillo, etc., impregnados con pinturas, grasas, aceites, hidrocarburos",9.6
Nuevo León,Cadereyta Jiménez,2024,Petrolífero,Gran Generador,Residuos sólidos,"Lámparas fluorescentes, lámparas de vapor de mercurio",0.3
Nuevo León,García,2024,Petrolífero,Microgenerador,Aceites gastados,Hidráulicos,0.16
Nuevo León,García,2024,Petrolífero,Microgenerador,Gasolina y otros combustibles,"Gasolina, diesel y naftas gastados o sucios",0.06
Nuevo León,García,2024,Petrolífero,Microgenerador,Lodos,Lodos aceitosos,0.1
Nuevo León,García,2024,Petrolífero,Microgenerador,Residuos sólidos,"Estopa, trapo, plásticos, cartón, madera, brochas, papel, cepillo, etc., impregnados con pinturas, grasas, aceites, hidrocarburos",0.05
Nuevo León,San Pedro Garza García,2024,Petrolífero,Pequeño Generador,Aceites gastados,Lubricantes,0.04
Nuevo León,San Pedro Garza García,2024,Petrolífero,Pequeño Generador,Agua contaminada,"Agua contaminada con hidrocarburos, combustibles, aceite o grasa",6.1
Nuevo León,San Pedro Garza García,2024,Petrolífero,Pequeño Generador,"Baterías, celdas, pilas, balastras","Baterias, pilas, acumuladores, balastras",0
Nuevo León,San Pedro Garza García,2024,Petrolífero,Pequeño Generador,Lodos,Lodos aceitosos,0.13
Nuevo León,San Pedro Garza García,2024,Petrolífero,Pequeño Generador,Residuos sólidos,"Estopa, trapo, plásticos, cartón, madera, brochas, papel, cepillo, etc., impregnados con pinturas, grasas, aceites, hidrocarburos",0.15
Nuevo León,San Pedro Garza García,2024,Petrolífero,Pequeño Generador,Residuos sólidos,"Lámparas fluorescentes, lámparas de vapor de mercurio",0.18
Nuevo León,General Zuazua,2024,Petrolífero,Microgenerador,Lodos,Lodos aceitosos,0.25
Nuevo León,General Zuazua,2024,Petrolífero,Microgenerador,Residuos sólidos,"Estopa, trapo, plásticos, cartón, madera, brochas, papel, cepillo, etc., impregnados con pinturas, grasas, aceites, hidrocarburos",0.03
Nuevo León,Juárez,2024,Petrolífero,Microgenerador,Aceites gastados,Hidráulicos,0.16
Nuevo León,Juárez,2024,Petrolífero,Microgenerador,Gasolina y otros combustibles,"Gasolina, diesel y naftas gastados o sucios",0.06
Nuevo León,Juárez,2024,Petrolífero,Microgenerador,Lodos,Lodos aceitosos,0.02
Nuevo León,Juárez,2024,Petrolífero,Microgenerador,Residuos sólidos,"Estopa, trapo, plásticos, cartón, madera, brochas, papel, cepillo, etc., impregnados con pinturas, grasas, aceites, hidrocarburos",0.03
Nuevo León,Juárez,2024,Petrolífero,Pequeño Generador,Gasolina y otros combustibles,"Gasolina, diesel y naftas gastados o sucios",0.2
Nuevo León,Juárez,2024,Petrolífero,Pequeño Generador,Lodos,Lodos aceitosos,1.2
Nuevo León,Juárez,2024,Petrolífero,Pequeño Generador,Residuos sólidos,"Estopa, trapo, plásticos, cartón, madera, brochas, papel, cepillo, etc., impregnados con pinturas, grasas, aceites, hidrocarburos",1.95
Nuevo León,Linares,2024,Petrolífero,Microgenerador,Lodos,Lodos aceitosos,0.1
Nuevo León,Linares,2024,Petrolífero,Microgenerador,Residuos sólidos,"Estopa, trapo, plásticos, cartón, madera, brochas, papel, cepillo, etc., impregnados con pinturas, grasas, aceites, hidrocarburos",0.03
Nuevo León,Monterrey,2024,Petrolífero,Microgenerador,Residuos sólidos,"Estopa, trapo, plásticos, cartón, madera, brochas, papel, cepillo, etc., impregnados con pinturas, grasas, aceites, hidrocarburos",0.11
Nuevo León,Monterrey,2024,Petrolífero,Pequeño Generador,Aceites gastados,Lubricantes,0.05
Nuevo León,Monterrey,2024,Petrolífero,Pequeño Generador,Agua contaminada,"Agua contaminada con hidrocarburos, combustibles, aceite o grasa",5
Nuevo León,Monterrey,2024,Petrolífero,Pequeño Generador,"Baterías, celdas, pilas, balastras","Baterias, pilas, acumuladores, balastras",0.01
Nuevo León,Monterrey,2024,Petrolífero,Pequeño Generador,Gasolina y otros combustibles,"Gasolina, diesel y naftas gastados o sucios",0.21
Nuevo León,Monterrey,2024,Petrolífero,Pequeño Generador,Lodos,Lodos aceitosos,0.26
Nuevo León,Monterrey,2024,Petrolífero,Pequeño Generador,Residuos sólidos,"Estopa, trapo, plásticos, cartón, madera, brochas, papel, cepillo, etc., impregnados con pinturas, grasas, aceites, hidrocarburos",0.37
Nuevo León,Monterrey,2024,Petrolífero,Pequeño Generador,Residuos sólidos,"Lámparas fluorescentes, lámparas de vapor de mercurio",0.02
Nuevo León,Pesquería,2024,Petrolífero,Pequeño Generador,Residuos sólidos,"Estopa, trapo, plásticos, cartón, madera, brochas, papel, cepillo, etc., impregnados con pinturas, grasas, aceites, hidrocarburos",0.5
Nuevo León,San Nicolás de los Garza,2024,Petrolífero,Microgenerador,Aceites gastados,Hidráulicos,0.1
Nuevo León,San Nicolás de los Garza,2024,Petrolífero,Microgenerador,Lodos,Lodos aceitosos,0.3
Nuevo León,San Nicolás de los Garza,2024,Petrolífero,Microgenerador,Residuos sólidos,"Estopa, trapo, plásticos, cartón, madera, brochas, papel, cepillo, etc., impregnados con pinturas, grasas, aceites, hidrocarburos",0.2
Oaxaca,Sin Dato,2017,Petroleo y petroquimica,Gran Generador,Lodos,Lodos del separador api y carcamos en la refinacion de petroleo y almacenamiento de productos derivadosos,4
Oaxaca,Sin Dato,2017,Petrolero,Microgenerador,Aceites gastados,Lubricantes,0.24
Oaxaca,Sin Dato,2017,Petrolero,Microgenerador,"Gasolina, diesel y naftas gastados o sucios provenientes de estaciónes de servicio y talleres automotrices","Mezclas de combustibles sucios, mezclas de hidrocarburos, naftas",0.15
Oaxaca,Sin Dato,2017,Petrolero,Microgenerador,Liquidos de proceso,"Agua contaminada con hidrocarburos, combustibles, aceite o grasa",0.06
Oaxaca,Sin Dato,2017,Petrolero,Microgenerador,Lodos,Lodos provenientes de tanques de almacenaniento,0.17
Oaxaca,Sin Dato,2017,Petrolero,Microgenerador,Lodos aceitosos,"Con contaminacion de hidrocarburos, combustibles, aceite",0.71
Oaxaca,Sin Dato,2017,Petrolero,Microgenerador,Lodos aceitosos,Lodos procedentes de trampas de grasas e hidrocarburos,0.27
Oaxaca,Sin Dato,2017,Petrolero,Microgenerador,Lodos aceitosos,Otros lodos,4.35
Oaxaca,Sin Dato,2017,Petrolero,Microgenerador,Material textil,"Telas, felpas, estopas",0
Oaxaca,Sin Dato,2017,Petrolero,Microgenerador,Residuos solidos,"Botes o recipientes que contuvieron contaminantes diversos, latas de pintura, aerosoles",0.81
Oaxaca,Sin Dato,2017,Petrolero,Microgenerador,Residuos solidos,"Estopa, trapo, plasticos, carton, madera, brochas, papel, cepillo, etc., impregnados con pinturas, grasas, aceites, hidrocarburos",1.54
Oaxaca,Sin Dato,2017,Petrolero,Microgenerador,Residuos solidos,Lampara fluorescentes,0.01
Oaxaca,Sin Dato,2017,Petrolero,Microgenerador,Residuos solidos,"Mangueras, pistolas o filtros para despacho de combustibles, descarga de contaminantes",0.03
Oaxaca,Sin Dato,2017,Petrolero,Microgenerador,Residuos solidos,"Residuos de sustancias contaminantes (hidrocarburos, combustibles, aceites, grasas, pinturas)",0.52
Oaxaca,Sin Dato,2017,Petrolero,Pequeno Generador,Aceites gastados,Lubricantes,0.3
Oaxaca,Sin Dato,2017,Petrolero,Pequeno Generador,"Baterias, celdas y pilas","Pilas, baterias, acumuladores, celdas de desecho: niquel-cadmio, plomo, mercurio",0.01
Oaxaca,Sin Dato,2017,Petrolero,Pequeno Generador,"Gasolina, diesel y naftas gastados o sucios provenientes de estaciónes de servicio y talleres automotrices","Gasolina, diesel y naftas gastados o sucios provenientes de estaciones de servicio y talleres automotrices",0.1
Oaxaca,Sin Dato,2017,Petrolero,Pequeno Generador,"Gasolina, diesel y naftas gastados o sucios provenientes de estaciónes de servicio y talleres automotrices","Mezclas de combustibles sucios, mezclas de hidrocarburos, naftas",0.16
Oaxaca,Sin Dato,2017,Petrolero,Pequeno Generador,Lodos aceitosos,"Con contaminacion de hidrocarburos, combustibles, aceite",0.1
Oaxaca,Sin Dato,2017,Petrolero,Pequeno Generador,Lodos aceitosos,Lodos procedentes de trampas de grasas e hidrocarburos,2.7
Oaxaca,Sin Dato,2017,Petrolero,Pequeno Generador,Lodos aceitosos,Otros lodos,0.5
Oaxaca,Sin Dato,2017,Petrolero,Pequeno Generador,Material textil,"Telas, felpas, estopas",0.84
Oaxaca,Sin Dato,2017,Petrolero,Pequeno Generador,Residuos solidos,"Botes o recipientes que contuvieron contaminantes diversos, latas de pintura, aerosoles",1.3
Oaxaca,Sin Dato,2017,Petrolero,Pequeno Generador,Residuos solidos,"Estopa, trapo, plasticos, carton, madera, brochas, papel, cepillo, etc., impregnados con pinturas, grasas, aceites, hidrocarburos",0.15
Oaxaca,Sin Dato,2017,Petrolero,Pequeno Generador,Residuos solidos,Lampara fluorescentes,0.02
Oaxaca,Sin Dato,2017,Petroleo y petroquimica,Pequeno Generador,Aceites gastados,Lubricantes,0.11
Oaxaca,Sin Dato,2017,Petroleo y petroquimica,Pequeno Generador,"Baterias, celdas y pilas","Pilas, baterias, acumuladores, celdas de desecho: niquel-cadmio, plomo, mercurio",0.12
Oaxaca,Sin Dato,2017,Petroleo y petroquimica,Pequeno Generador,Lodos,Lodos provenientes de tanques de almacenaniento,0.1
Oaxaca,Sin Dato,2017,Petroleo y petroquimica,Pequeno Generador,Residuos solidos,"Botes o recipientes que contuvieron contaminantes diversos, latas de pintura, aerosoles",0.01
Oaxaca,Sin Dato,2017,Petroleo y petroquimica,Pequeno Generador,Residuos solidos,"Estopa, trapo, plasticos, carton, madera, brochas, papel, cepillo, etc., impregnados con pinturas, grasas, aceites, hidrocarburos",0.05
Oaxaca,Sin Dato,2017,Petroleo y petroquimica,Pequeno Generador,Residuos solidos,Lampara fluorescentes,0.02
Oaxaca,Sin Dato,2017,Petroleo y petroquimica,Gran Generador,Aceites gastados,Lubricantes,1.1
Oaxaca,Sin Dato,2017,Petroleo y petroquimica,Gran Generador,"Baterias, celdas y pilas","Pilas, baterias, acumuladores, celdas de desecho: niquel-cadmio, plomo, mercurio",1.4
Oaxaca,Sin Dato,2017,Petroleo y petroquimica,Gran Generador,Lodos,Lodos provenientes de tanques de almacenaniento,20
Oaxaca,Sin Dato,2017,Petroleo y petroquimica,Gran Generador,Pinturas y productos relacionados,"Residuos de pinturas, pinturas caducadas",1
Oaxaca,Sin Dato,2017,Petroleo y petroquimica,Gran Generador,Residuos solidos,"Botes o recipientes que contuvieron contaminantes diversos, latas de pintura, aerosoles",0.7
Oaxaca,Sin Dato,2017,Petroleo y petroquimica,Gran Generador,Residuos solidos,"Estopa, trapo, plasticos, carton, madera, brochas, papel, cepillo, etc., impregnados con pinturas, grasas, aceites, hidrocarburos",1.7
Oaxaca,Sin Dato,2017,Petroleo y petroquimica,Gran Generador,Residuos solidos,Lampara fluorescentes,0.5
Oaxaca,Sin Dato,2018,Petrolifero,Microgenerador,Aceites gastados (Hidraulicos),Aceite gastado hidraulico,1.7
Oaxaca,Sin Dato,2018,Petrolifero,Microgenerador,Aceites gastados (Lubricantes),Aceites gastados lubricantes,0.65
Oaxaca,Sin Dato,2018,Petrolifero,Microgenerador,Liquidos residuales de proceso no corrosivos,Agua con hidrocaruros,0.39
Oaxaca,Sin Dato,2018,Petrolifero,Microgenerador,Filtro de aire o aceite contaminados,Filtros de aire usados,0
Oaxaca,Sin Dato,2018,Petrolifero,Microgenerador,"Gasolina, Diesel y Naftas gastados o sucios","Gasolina, Diesel y Naftas gastados o sucios provenientes de Estaciones de Servicio y Talleres Automotrices",0.26
Oaxaca,Sin Dato,2018,Petrolifero,Microgenerador,Lamparas fluorescentes y de vapor de mercurio,Lamparas fluorescentes y de vapor de mercurio,0.34
Oaxaca,Sin Dato,2018,Petrolifero,Microgenerador,Lodos Contaminados con Hidrocarburos,Lodos con aceite y restos de hidrocarburos,6.92
Oaxaca,Sin Dato,2018,Petrolifero,Microgenerador,Solidos contaminados con hidrocarburos diversos,"Filtros, mangueras, envases, botes, cubetas, contenedores, trapos, guantes, carton, aserrin, material absorbente,Estopas y trapos impregnados con combustible, Envases vacios impregnados de aceite",2.96
Oaxaca,Sin Dato,2018,Petrolifero,Microgenerador,Solventes Gastados,Residuos de solventes,0.06
Oaxaca,Sin Dato,2018,Petrolifero,Pequeno generador,Aceites gastados (Hidraulicos),Aceite gastado hidraulico,1.69
Oaxaca,Sin Dato,2018,Petrolifero,Pequeno generador,Filtro de aire o aceite contaminados,Filtros de aire usados,0.11
Oaxaca,Sin Dato,2018,Petrolifero,Pequeno generador,"Gasolina, Diesel y Naftas gastados o sucios","Gasolina, Diesel y Naftas gastados o sucios provenientes de Estaciones de Servicio y Talleres Automotrices",0.14
Oaxaca,Sin Dato,2018,Petrolifero,Pequeno generador,Lamparas fluorescentes y de vapor de mercurio,Lamparas fluorescentes y de vapor de mercurio,0.04
Oaxaca,Sin Dato,2018,Petrolifero,Pequeno generador,Lodos Contaminados con Hidrocarburos,Lodos aceitosos,2.04
Oaxaca,Sin Dato,2018,Petrolifero,Pequeno generador,Pilas o Baterias con Litio o Cadmio,Pilas Niquel-Cadmio,0.05
Oaxaca,Sin Dato,2018,Petrolifero,Pequeno generador,Solidos contaminados con hidrocarburos diversos,"Filtros, mangueras, envases, botes, cubetas, contenedores, trapos, guantes, carton, aserrin, material absorbente,Estopas y trapos impregnados con combustible, Envases vacios impregnados de aceite",0.91
Oaxaca,Sin Dato,2019,Petrolifero,Microgenerador,Aceites gastados,hidraulicos,0
Oaxaca,Sin Dato,2019,Petrolifero,Microgenerador,Aceites gastados,Lubricantes,0
Oaxaca,Sin Dato,2019,Petrolifero,Microgenerador,"Gasolina, diesel y naftas gastados o sucios provenientes de estaciónes de servicio y talleres automotrices","Gasolina, diesel y naftas gastados o sucios provenientes de estaciones de servicio y talleres automotrices",0.005
Oaxaca,Sin Dato,2019,Petrolifero,Microgenerador,Liquidos de proceso,Liquidos con residuos de hidrocarburos,0
Oaxaca,Sin Dato,2019,Petrolifero,Microgenerador,Lodos,Lodos aceitosos,0.115
Oaxaca,Sin Dato,2019,Petrolifero,Microgenerador,Residuos solidos,"Estopa, trapo, plásticos, cartón, madera, brochas, papel, cepillo, etc., impregnados con pinturas, grasas, aceites, hidrocarburos",0.165
Oaxaca,Sin Dato,2019,Petrolifero,Microgenerador,Residuos solidos,Filtro de aire o de aceite contaminados,0
Oaxaca,Sin Dato,2019,Petrolifero,Microgenerador,Residuos solidos,Lámpara fluorescentes,0
Oaxaca,Sin Dato,2019,Petrolifero,Microgenerador,Solventes,Residuos de solventes,0
Oaxaca,Sin Dato,2019,Petrolifero,Pequeno Generador,Aceites gastados,hidraulicos,0.55968
Oaxaca,Sin Dato,2019,Petrolifero,Pequeno Generador,"Baterias, celdas y pilas",Pilas o baterias de Niquel - Cadmio,0
Oaxaca,Sin Dato,2019,Petrolifero,Pequeno Generador,"Gasolina, diesel y naftas gastados o sucios provenientes de estaciónes de servicio y talleres automotrices","Gasolina, diesel y naftas gastados o sucios provenientes de estaciones de servicio y talleres automotrices",0
Oaxaca,Sin Dato,2019,Petrolifero,Pequeno Generador,Lodos,Lodos aceitosos,0
Oaxaca,Sin Dato,2019,Petrolifero,Pequeno Generador,Residuos solidos,"Estopa, trapo, plásticos, cartón, madera, brochas, papel, cepillo, etc., impregnados con pinturas, grasas, aceites, hidrocarburos",0.15
Oaxaca,Sin Dato,2019,Petrolifero,Pequeno Generador,Residuos solidos,Filtro de aire o de aceite contaminados,0
Oaxaca,Sin Dato,2019,Petrolifero,Pequeno Generador,Residuos solidos,Lámpara fluorescentes,0.006
Oaxaca,Sin Dato,2020,Petrolifero,Microgenerador,Aceites lubricantes,Aceites gastados lubricantes,0.06
Oaxaca,Sin Dato,2020,Petrolifero,Microgenerador,"Gasollina, diésel y naftas gastados","Gasollina, diésel y naftas gastados",0.36746
Oaxaca,Sin Dato,2020,Petrolifero,Microgenerador,Lámparas fluorescentes y de vapor de mercurio,Lámparas fluorescentes y de vapor de mercurio,0.03
Oaxaca,Sin Dato,2020,Petrolifero,Microgenerador,Lodos,Lodos aceitosos,1.26974
Oaxaca,Sin Dato,2020,Petrolifero,Microgenerador,Residuos sólidos,"Estopa, trapo, plásticos, cartón, madera, brochas, papel, cepillo, etc., impregnados con pinturas, grasas, aceites, hidrocarburos",1.05948
Oaxaca,Sin Dato,2020,Petrolifero,Pequeno Generador,Aceites lubricantes,Aceites gastados lubricantes,2.2
Oaxaca,Sin Dato,2020,Petrolifero,Pequeno Generador,"Baterias, pilas y balastras","Baterias, pilas y balastras",0.06
Oaxaca,Sin Dato,2020,Petrolifero,Pequeno Generador,Lámparas fluorescentes y de vapor de mercurio,Lámparas fluorescentes y de vapor de mercurio,0.0055
Oaxaca,Sin Dato,2020,Petrolifero,Pequeno Generador,Lodos,Lodos aceitosos,4.33
Oaxaca,Sin Dato,2020,Petrolifero,Pequeno Generador,Residuos sólidos,"Estopa, trapo, plásticos, cartón, madera, brochas, papel, cepillo, etc., impregnados con pinturas, grasas, aceites, hidrocarburos",2.935
Oaxaca,Sin Dato,2021,Petrolifero,Microgenerador,Aceites gastados,Lubricantes,0.06
Oaxaca,Sin Dato,2021,Petrolifero,Microgenerador,"Gasolina, diésel y naftas gastados o sucios provenientes de estaciones de servicio y talleres automotrices","Gasolina, diesel y naftas gastados o sucios",0.37
Oaxaca,Sin Dato,2021,Petrolifero,Microgenerador,Residuos solidos,"Estopa, trapo, plásticos, cartón, madera, brochas, papel, cepillo, etc., impregnados con pinturas, grasas, aceites, hidrocarburos",1.06
Oaxaca,Sin Dato,2021,Petrolifero,Microgenerador,Residuos solidos,"Lámparas fluorescentes, lámparas de vapor de mercurio",0.03
Oaxaca,Sin Dato,2021,Petrolifero,Microgenerador,Lodos,Lodos aceitosos,1.27
Oaxaca,Sin Dato,2021,Petrolifero,Pequeno Generador,Aceites gastados,Lubricantes,2.2
Oaxaca,Sin Dato,2021,Petrolifero,Pequeno Generador,"baterias, celdas y pilas","Baterias, pilas y balastras",0.06
Oaxaca,Sin Dato,2021,Petrolifero,Pequeno Generador,Residuos solidos,"Estopa, trapo, plásticos, cartón, madera, brochas, papel, cepillo, etc., impregnados con pinturas, grasas, aceites, hidrocarburos",2.94
Oaxaca,Sin Dato,2021,Petrolifero,Pequeno Generador,Residuos solidos,"Lámparas fluorescentes, lámparas de vapor de mercurio",0.01
Oaxaca,Sin Dato,2021,Petrolifero,Pequeno Generador,Lodos,Lodos aceitosos,4.33
Oaxaca,Mariscala de Juárez,2022,Petrolífero,Microgenerador,Lodos,Lodos aceitosos,0.04
Oaxaca,Mariscala de Juárez,2022,Petrolífero,Microgenerador,Residuos sólidos,"Estopa, trapo, plásticos, cartón, madera, brochas, papel, cepillo, etc., impregnados con pinturas, grasas, aceites, hidrocarburos",0.06
Oaxaca,Oaxaca de Juárez,2022,Petrolífero,Pequeño Generador,Lodos,Lodos aceitosos,0.49
Oaxaca,Oaxaca de Juárez,2022,Petrolífero,Pequeño Generador,Residuos sólidos,"Estopa, trapo, plásticos, cartón, madera, brochas, papel, cepillo, etc., impregnados con pinturas, grasas, aceites, hidrocarburos",0.04
Oaxaca,San Juan Bautista Tuxtepec,2022,Petrolero,Microgenerador,Aceites gastados,Lubricantes,0.01
Oaxaca,San Juan Bautista Tuxtepec,2022,Petrolero,Microgenerador,Otros,Otros residuos,0
Oaxaca,San Juan Bautista Tuxtepec,2022,Petrolero,Microgenerador,Residuos sólidos,Otros sólidos,0
Oaxaca,San Juan Bautista Tuxtepec,2022,Petrolero,Microgenerador,Residuos sólidos,Otros sólidos,0.01
Oaxaca,San Juan Bautista Tuxtepec,2022,Petrolero,Microgenerador,Residuos sólidos,Otros sólidos,0.01
Oaxaca,San Juan Bautista Tuxtepec,2022,Petrolero,Pequeño Generador,Aceites gastados,Lubricantes,1
Oaxaca,San Juan Bautista Tuxtepec,2022,Petrolero,Pequeño Generador,Agua contaminada,"Agua contaminada con hidrocarburos, combustibles, aceite o grasa",0.45
Oaxaca,San Juan Bautista Tuxtepec,2022,Petrolero,Pequeño Generador,"Baterías, celdas y pilas","Baterias, pilas y balastras",0.01
Oaxaca,San Juan Bautista Tuxtepec,2022,Petrolero,Pequeño Generador,"Gasolina, diésel y naftas gastados o sucios provenientes de estaciones de servicio y talleres automotrices","Gasolina, diesel y naftas gastados o sucios",0.06
Oaxaca,San Juan Bautista Tuxtepec,2022,Petrolero,Pequeño Generador,Lodos,Lodos aceitosos,0.8
Oaxaca,San Juan Bautista Tuxtepec,2022,Petrolero,Pequeño Generador,Residuos sólidos,"Estopa, trapo, plásticos, cartón, madera, brochas, papel, cepillo, etc., impregnados con pinturas, grasas, aceites, hidrocarburos",0.45
Oaxaca,San Juan Bautista Tuxtepec,2022,Petrolero,Pequeño Generador,Residuos sólidos,"Lámparas fluorescentes, lámparas de vapor de mercurio",0.05
Oaxaca,San Pedro Pochutla,2022,Petrolero,Microgenerador,Lodos,Lodos aceitosos,0.08
Oaxaca,San Pedro Pochutla,2022,Petrolero,Microgenerador,Residuos sólidos,"Estopa, trapo, plásticos, cartón, madera, brochas, papel, cepillo, etc., impregnados con pinturas, grasas, aceites, hidrocarburos",0.01
Oaxaca,San Sebastián Tutla,2022,Petrolero,Pequeño Generador,Lodos,Lodos aceitosos,0.69
Oaxaca,San Sebastián Tutla,2022,Petrolero,Pequeño Generador,Residuos sólidos,"Estopa, trapo, plásticos, cartón, madera, brochas, papel, cepillo, etc., impregnados con pinturas, grasas, aceites, hidrocarburos",0.02
Oaxaca,Santa Cruz Amilpas,2022,Petrolero,Microgenerador,Lodos,Lodos aceitosos,0.06
Oaxaca,Santa Cruz Amilpas,2022,Petrolero,Microgenerador,Residuos sólidos,"Estopa, trapo, plásticos, cartón, madera, brochas, papel, cepillo, etc., impregnados con pinturas, grasas, aceites, hidrocarburos",0.12
Oaxaca,Santa Cruz Xoxocotlán,2022,Petrolero,Pequeño Generador,Aceites gastados,Lubricantes,2
Oaxaca,Santa Cruz Xoxocotlán,2022,Petrolero,Pequeño Generador,Residuos sólidos,"Estopa, trapo, plásticos, cartón, madera, brochas, papel, cepillo, etc., impregnados con pinturas, grasas, aceites, hidrocarburos",4
Oaxaca,Santa María Colotepec,2022,Petrolero,Microgenerador,Lodos,Lodos aceitosos,0.15
Oaxaca,Santa María Colotepec,2022,Petrolero,Microgenerador,Residuos sólidos,"Estopa, trapo, plásticos, cartón, madera, brochas, papel, cepillo, etc., impregnados con pinturas, grasas, aceites, hidrocarburos",0.02
Oaxaca,Santa María Huatulco,2022,Petrolero,Microgenerador,Lodos,Lodos aceitosos,0.18
Oaxaca,Santa María Huatulco,2022,Petrolero,Microgenerador,Residuos sólidos,"Estopa, trapo, plásticos, cartón, madera, brochas, papel, cepillo, etc., impregnados con pinturas, grasas, aceites, hidrocarburos",0.2
Oaxaca,Santa María Tonameca,2022,Petrolero,Microgenerador,Lodos,Lodos aceitosos,0.05
Oaxaca,Santa María Tonameca,2022,Petrolero,Microgenerador,Residuos sólidos,"Estopa, trapo, plásticos, cartón, madera, brochas, papel, cepillo, etc., impregnados con pinturas, grasas, aceites, hidrocarburos",0.11
Oaxaca,Ciudad Ixtepec,2023,Petrolífero,Microgenerador,Residuos sólidos,"Estopa, trapo, plásticos, cartón, madera, brochas, papel, cepillo, etc., impregnados con pinturas, grasas, aceites, hidrocarburos",0.12
Oaxaca,Ciudad Ixtepec,2023,Petrolífero,Microgenerador,Residuos sólidos,"Estopa, trapo, plásticos, cartón, madera, brochas, papel, cepillo, etc., impregnados con pinturas, grasas, aceites, hidrocarburos",0.26
Oaxaca,Chalcatongo de Hidalgo,2023,Petrolífero,Microgenerador,Aceites gastados,Lubricantes,0.1
Oaxaca,Chalcatongo de Hidalgo,2023,Petrolífero,Microgenerador,"Baterías, celdas y pilas","Baterias, pilas y balastras",0.05
Oaxaca,Chalcatongo de Hidalgo,2023,Petrolífero,Microgenerador,Lodos,Lodos aceitosos,0.29
Oaxaca,Chalcatongo de Hidalgo,2023,Petrolífero,Microgenerador,Residuos sólidos,"Estopa, trapo, plásticos, cartón, madera, brochas, papel, cepillo, etc., impregnados con pinturas, grasas, aceites, hidrocarburos",0.1
Oaxaca,Chalcatongo de Hidalgo,2023,Petrolífero,Microgenerador,Residuos sólidos,"Lámparas fluorescentes, lámparas de vapor de mercurio",0.05
Oaxaca,El Espinal,2023,Petrolífero,Microgenerador,Biológico-infecciosos,Residuos no anatómicos,0.03
Oaxaca,El Espinal,2023,Petrolífero,Microgenerador,Lodos,Lodos aceitosos,0.09
Oaxaca,El Espinal,2023,Petrolífero,Microgenerador,Residuos sólidos,"Estopa, trapo, plásticos, cartón, madera, brochas, papel, cepillo, etc., impregnados con pinturas, grasas, aceites, hidrocarburos",0.13
Oaxaca,El Espinal,2023,Petrolífero,Microgenerador,Residuos sólidos,"Lámparas fluorescentes, lámparas de vapor de mercurio",0.03
Oaxaca,Oaxaca de Juárez,2023,Petrolífero,Pequeño Generador,Residuos sólidos,"Estopa, trapo, plásticos, cartón, madera, brochas, papel, cepillo, etc., impregnados con pinturas, grasas, aceites, hidrocarburos",2.01
Oaxaca,Oaxaca de Juárez,2023,Petrolífero,Pequeño Generador,Residuos sólidos,"Estopa, trapo, plásticos, cartón, madera, brochas, papel, cepillo, etc., impregnados con pinturas, grasas, aceites, hidrocarburos",3.5
Oaxaca,Ocotlán de Morelos,2023,Petrolífero,Microgenerador,Residuos sólidos,"Estopa, trapo, plásticos, cartón, madera, brochas, papel, cepillo, etc., impregnados con pinturas, grasas, aceites, hidrocarburos",0.25
Oaxaca,Villa Sola de Vega,2023,Petrolífero,Microgenerador,Residuos sólidos,"Estopa, trapo, plásticos, cartón, madera, brochas, papel, cepillo, etc., impregnados con pinturas, grasas, aceites, hidrocarburos",0.34
Oaxaca,Santa Cruz Xoxocotlán,2023,Petrolífero,Microgenerador,Residuos sólidos,"Estopa, trapo, plásticos, cartón, madera, brochas, papel, cepillo, etc., impregnados con pinturas, grasas, aceites, hidrocarburos",0.24
Oaxaca,Santiago Juxtlahuaca,2023,Petrolífero,Microgenerador,Lodos,Lodos aceitosos,0.09
Oaxaca,Santiago Juxtlahuaca,2023,Petrolífero,Microgenerador,Residuos sólidos,"Estopa, trapo, plásticos, cartón, madera, brochas, papel, cepillo, etc., impregnados con pinturas, grasas, aceites, hidrocarburos",0.02
Oaxaca,Tlacolula de Matamoros,2023,Petrolífero,Pequeño Generador,Aceites gastados,Lubricantes,0.6
Oaxaca,Tlacolula de Matamoros,2023,Petrolífero,Pequeño Generador,Residuos sólidos,"Estopa, trapo, plásticos, cartón, madera, brochas, papel, cepillo, etc., impregnados con pinturas, grasas, aceites, hidrocarburos",0.4
Oaxaca,Villa de Zaachila,2023,Petrolífero,Microgenerador,Lodos,Lodos aceitosos,0.08
Oaxaca,Villa de Zaachila,2023,Petrolífero,Microgenerador,Residuos sólidos,"Estopa, trapo, plásticos, cartón, madera, brochas, papel, cepillo, etc., impregnados con pinturas, grasas, aceites, hidrocarburos",0.02
Oaxaca,Asunción Nochixtlán,2024,Petrolífero,Microgenerador,Gasolina y otros combustibles,"Gasolina, diesel y naftas gastados o sucios",0.02
Oaxaca,Asunción Nochixtlán,2024,Petrolífero,Microgenerador,Lodos,Lodos aceitosos,0.23
Oaxaca,Asunción Nochixtlán,2024,Petrolífero,Microgenerador,Residuos sólidos,"Estopa, trapo, plásticos, cartón, madera, brochas, papel, cepillo, etc., impregnados con pinturas, grasas, aceites, hidrocarburos",0.07
Oaxaca,Heroica Ciudad de Huajuapan de León,2024,Petrolífero,Pequeño Generador,Aceites gastados,Lubricantes,1
Oaxaca,Heroica Ciudad de Huajuapan de León,2024,Petrolífero,Pequeño Generador,Residuos sólidos,"Estopa, trapo, plásticos, cartón, madera, brochas, papel, cepillo, etc., impregnados con pinturas, grasas, aceites, hidrocarburos",2
Oaxaca,Heroica Ciudad de Juchitán de Zaragoza,2024,Petrolífero,Microgenerador,Aceites gastados,Hidráulicos,0.29
Oaxaca,Heroica Ciudad de Juchitán de Zaragoza,2024,Petrolífero,Microgenerador,Gasolina y otros combustibles,"Gasolina, diesel y naftas gastados o sucios",0.06
Oaxaca,Heroica Ciudad de Juchitán de Zaragoza,2024,Petrolífero,Microgenerador,Lodos,Lodos aceitosos,0.02
Oaxaca,Heroica Ciudad de Juchitán de Zaragoza,2024,Petrolífero,Microgenerador,Residuos sólidos,"Estopa, trapo, plásticos, cartón, madera, brochas, papel, cepillo, etc., impregnados con pinturas, grasas, aceites, hidrocarburos",0.57
Oaxaca,Matías Romero Avendaño,2024,Petrolífero,Microgenerador,Lodos,Lodos aceitosos,0.19
Oaxaca,Matías Romero Avendaño,2024,Petrolífero,Microgenerador,Residuos sólidos,"Estopa, trapo, plásticos, cartón, madera, brochas, papel, cepillo, etc., impregnados con pinturas, grasas, aceites, hidrocarburos",0.01
Oaxaca,Oaxaca de Juárez,2024,Petrolífero,Pequeño Generador,Aceites gastados,Lubricantes,1.75
Oaxaca,Oaxaca de Juárez,2024,Petrolífero,Pequeño Generador,"Baterías, celdas, pilas, balastras","Baterias, pilas, acumuladores, balastras",0.03
Oaxaca,Oaxaca de Juárez,2024,Petrolífero,Pequeño Generador,Gasolina y otros combustibles,"Gasolina, diesel y naftas gastados o sucios",0.4
Oaxaca,Oaxaca de Juárez,2024,Petrolífero,Pequeño Generador,Lodos,Lodos aceitosos,1.62
Oaxaca,Oaxaca de Juárez,2024,Petrolífero,Pequeño Generador,Residuos sólidos,"Estopa, trapo, plásticos, cartón, madera, brochas, papel, cepillo, etc., impregnados con pinturas, grasas, aceites, hidrocarburos",1.45
Oaxaca,Oaxaca de Juárez,2024,Petrolífero,Pequeño Generador,Residuos sólidos,"Lámparas fluorescentes, lámparas de vapor de mercurio",0.12
Oaxaca,Ocotlán de Morelos,2024,Petrolífero,Microgenerador,Lodos,Lodos aceitosos,0.09
Oaxaca,Ocotlán de Morelos,2024,Petrolífero,Microgenerador,Residuos sólidos,"Estopa, trapo, plásticos, cartón, madera, brochas, papel, cepillo, etc., impregnados con pinturas, grasas, aceites, hidrocarburos",0.14
Oaxaca,San José del Progreso,2024,Petrolífero,Microgenerador,Residuos sólidos,"Estopa, trapo, plásticos, cartón, madera, brochas, papel, cepillo, etc., impregnados con pinturas, grasas, aceites, hidrocarburos",0.22
Oaxaca,Salina Cruz,2024,Petrolífero,Microgenerador,Aceites gastados,Hidráulicos,0.16
Oaxaca,Salina Cruz,2024,Petrolífero,Microgenerador,Gasolina y otros combustibles,"Gasolina, diesel y naftas gastados o sucios",0.06
Oaxaca,Salina Cruz,2024,Petrolífero,Microgenerador,Lodos,Lodos aceitosos,0.02
Oaxaca,Salina Cruz,2024,Petrolífero,Microgenerador,Residuos sólidos,"Estopa, trapo, plásticos, cartón, madera, brochas, papel, cepillo, etc., impregnados con pinturas, grasas, aceites, hidrocarburos",0.03
Oaxaca,San Blas Atempa,2024,Petrolífero,Pequeño Generador,Gasolina y otros combustibles,"Gasolina, diesel y naftas gastados o sucios",0.2
Oaxaca,San Blas Atempa,2024,Petrolífero,Pequeño Generador,Lodos,Lodos aceitosos,1.2
Oaxaca,San Blas Atempa,2024,Petrolífero,Pequeño Generador,Residuos sólidos,"Estopa, trapo, plásticos, cartón, madera, brochas, papel, cepillo, etc., impregnados con pinturas, grasas, aceites, hidrocarburos",0.45
Oaxaca,San Juan Bautista Tuxtepec,2024,Petrolífero,Microgenerador,Lodos,Lodos aceitosos,0.11
Oaxaca,San Juan Bautista Tuxtepec,2024,Petrolífero,Microgenerador,Residuos sólidos,"Estopa, trapo, plásticos, cartón, madera, brochas, papel, cepillo, etc., impregnados con pinturas, grasas, aceites, hidrocarburos",0.06
Oaxaca,San Lorenzo Cacaotepec,2024,Petrolífero,Microgenerador,Gasolina y otros combustibles,"Gasolina, diesel y naftas gastados o sucios",0.02
Oaxaca,San Lorenzo Cacaotepec,2024,Petrolífero,Microgenerador,Lodos,Lodos aceitosos,0.23
Oaxaca,San Lorenzo Cacaotepec,2024,Petrolífero,Microgenerador,Residuos sólidos,"Estopa, trapo, plásticos, cartón, madera, brochas, papel, cepillo, etc., impregnados con pinturas, grasas, aceites, hidrocarburos",0.02
Oaxaca,San Pedro Ixtlahuaca,2024,Petrolífero,Microgenerador,Gasolina y otros combustibles,"Gasolina, diesel y naftas gastados o sucios",0.1
Oaxaca,San Pedro Ixtlahuaca,2024,Petrolífero,Microgenerador,Residuos sólidos,"Estopa, trapo, plásticos, cartón, madera, brochas, papel, cepillo, etc., impregnados con pinturas, grasas, aceites, hidrocarburos",0.22
Oaxaca,Villa de Tututepec de Melchor Ocampo,2024,Petrolífero,Microgenerador,Lodos,Lodos aceitosos,0.06
Oaxaca,Villa de Tututepec de Melchor Ocampo,2024,Petrolífero,Microgenerador,Residuos sólidos,"Estopa, trapo, plásticos, cartón, madera, brochas, papel, cepillo, etc., impregnados con pinturas, grasas, aceites, hidrocarburos",0.01
Oaxaca,Villa de Etla,2024,Petrolífero,Pequeño Generador,Aceites gastados,Lubricantes,1.98
Oaxaca,Villa de Etla,2024,Petrolífero,Pequeño Generador,Lodos,Lodos aceitosos,0.75
Oaxaca,Villa de Etla,2024,Petrolífero,Pequeño Generador,Residuos sólidos,"Estopa, trapo, plásticos, cartón, madera, brochas, papel, cepillo, etc., impregnados con pinturas, grasas, aceites, hidrocarburos",0.88
Oaxaca,Villa de Etla,2024,Petrolífero,Pequeño Generador,Residuos sólidos,"Lámparas fluorescentes, lámparas de vapor de mercurio",0.02
Oaxaca,Santa María Colotepec,2024,Petrolífero,Microgenerador,Lodos,Lodos aceitosos,0.06
Oaxaca,Santa María Colotepec,2024,Petrolífero,Microgenerador,Residuos sólidos,"Estopa, trapo, plásticos, cartón, madera, brochas, papel, cepillo, etc., impregnados con pinturas, grasas, aceites, hidrocarburos",0.01
Oaxaca,Santa María Huatulco,2024,Petrolero,Pequeño Generador,Aceites gastados,Lubricantes,0.5
Oaxaca,Santa María Huatulco,2024,Petrolero,Pequeño Generador,Otros,Otros residuos,3.5
Oaxaca,Santa María Huatulco,2024,Petrolero,Pequeño Generador,Otros,Otros residuos,1
Oaxaca,Santa María Huatulco,2024,Petrolero,Pequeño Generador,Residuos sólidos,Otros sólidos,2.06
Oaxaca,Santa María Huatulco,2024,Petrolero,Pequeño Generador,Residuos sólidos,Otros sólidos,0.2
Oaxaca,Santa María Huatulco,2024,Petrolero,Pequeño Generador,Solventes,Orgánicos,0.3
Oaxaca,Santiago Pinotepa Nacional,2024,Petrolífero,Microgenerador,Lodos,Lodos aceitosos,0.06
Oaxaca,Santiago Pinotepa Nacional,2024,Petrolífero,Microgenerador,Residuos sólidos,"Estopa, trapo, plásticos, cartón, madera, brochas, papel, cepillo, etc., impregnados con pinturas, grasas, aceites, hidrocarburos",0
Oaxaca,Santo Domingo Tehuantepec,2024,Petrolífero,Pequeño Generador,Aceites gastados,Hidráulicos,0.08
Oaxaca,Santo Domingo Tehuantepec,2024,Petrolífero,Pequeño Generador,Residuos sólidos,"Estopa, trapo, plásticos, cartón, madera, brochas, papel, cepillo, etc., impregnados con pinturas, grasas, aceites, hidrocarburos",0.35
Oaxaca,Santos Reyes Tepejillo,2024,Petrolífero,Microgenerador,Aceites gastados,Lubricantes,0.05
Oaxaca,Santos Reyes Tepejillo,2024,Petrolífero,Microgenerador,Lodos,Lodos aceitosos,0.27
Oaxaca,Santos Reyes Tepejillo,2024,Petrolífero,Microgenerador,Residuos sólidos,"Estopa, trapo, plásticos, cartón, madera, brochas, papel, cepillo, etc., impregnados con pinturas, grasas, aceites, hidrocarburos",0.06
Oaxaca,Santos Reyes Tepejillo,2024,Petrolífero,Microgenerador,Residuos sólidos,"Lámparas fluorescentes, lámparas de vapor de mercurio",0.01
Puebla,Sin Dato,2017,Petroleo y petroquimica,Gran Generador,Lodos,Lodos del separador api y carcamos en la refinacion de petroleo y almacenamiento de productos derivadosos,23
Puebla,Sin Dato,2017,Petrolero,Microgenerador,Aceites gastados,Lubricantes,0.83
Puebla,Sin Dato,2017,Petrolero,Microgenerador,Lodos,Lodos procedentes de trampas de grasas e hidrocarburos,0.24
Puebla,Sin Dato,2017,Petrolero,Microgenerador,Lodos aceitosos,"Con contaminacion de hidrocarburos, combustibles, aceite",4.31
Puebla,Sin Dato,2017,Petrolero,Microgenerador,Lodos aceitosos,Lodos procedentes de trampas de grasas e hidrocarburos,3.79
Puebla,Sin Dato,2017,Petrolero,Microgenerador,Lodos aceitosos,Otros lodos,1.08
Puebla,Sin Dato,2017,Petrolero,Microgenerador,Material textil,"Telas, felpas, estopas",0.13
Puebla,Sin Dato,2017,Petrolero,Microgenerador,Pinturas y productos relacionados,"Residuos de pinturas, pinturas caducadas",0.01
Puebla,Sin Dato,2017,Petrolero,Microgenerador,Residuos solidos,"Botes o recipientes que contuvieron contaminantes diversos, latas de pintura, aerosoles",1.21
Puebla,Sin Dato,2017,Petrolero,Microgenerador,Residuos solidos,De mantenimiento automotríz,0.07
Puebla,Sin Dato,2017,Petrolero,Microgenerador,Residuos solidos,"Estopa, trapo, plasticos, carton, madera, brochas, papel, cepillo, etc., impregnados con pinturas, grasas, aceites, hidrocarburos",0.5
Puebla,Sin Dato,2017,Petrolero,Microgenerador,Residuos solidos,Lampara fluorescentes,0.09
Puebla,Sin Dato,2017,Petrolero,Microgenerador,Residuos solidos,"Mangueras, pistolas o filtros para despacho de combustibles, descarga de contaminantes",0.12
Puebla,Sin Dato,2017,Petrolero,Microgenerador,Residuos solidos,No especificado,0.21
Puebla,Sin Dato,2017,Petrolero,Pequeno Generador,Aceites gastados,Lubricantes,1.86
Puebla,Sin Dato,2017,Petrolero,Pequeno Generador,"Baterias, celdas y pilas",Pilas alcalinas,0.01
Puebla,Sin Dato,2017,Petrolero,Pequeno Generador,"Baterias, celdas y pilas","Pilas, baterias, acumuladores, celdas de desecho: niquel-cadmio, plomo, mercurio",0.06
Puebla,Sin Dato,2017,Petrolero,Pequeno Generador,"Gasolina, diesel y naftas gastados o sucios provenientes de estaciónes de servicio y talleres automotrices","Gasolina, diesel y naftas gastados o sucios provenientes de estaciones de servicio y talleres automotrices",0.99
Puebla,Sin Dato,2017,Petrolero,Pequeno Generador,"Gasolina, diesel y naftas gastados o sucios provenientes de estaciónes de servicio y talleres automotrices","Mezclas de combustibles sucios, mezclas de hidrocarburos, naftas",0.44
Puebla,Sin Dato,2017,Petrolero,Pequeno Generador,Liquidos de proceso,"Agua contaminada con hidrocarburos, combustibles, aceite o grasa",0.15
Puebla,Sin Dato,2017,Petrolero,Pequeno Generador,Lodos,Lodos provenientes de tanques de almacenaniento,1.79
Puebla,Sin Dato,2017,Petrolero,Pequeno Generador,Lodos aceitosos,"Con contaminacion de hidrocarburos, combustibles, aceite",1.56
Puebla,Sin Dato,2017,Petrolero,Pequeno Generador,Lodos aceitosos,Lodos procedentes de trampas de grasas e hidrocarburos,5.27
Puebla,Sin Dato,2017,Petrolero,Pequeno Generador,Lodos aceitosos,Otros lodos,2.69
Puebla,Sin Dato,2017,Petrolero,Pequeno Generador,Material textil,"Telas, felpas, estopas",0.41
Puebla,Sin Dato,2017,Petrolero,Pequeno Generador,Pinturas y productos relacionados,"Residuos de pinturas, pinturas caducadas",0.13
Puebla,Sin Dato,2017,Petrolero,Pequeno Generador,Residuos solidos,Balastras,0
Puebla,Sin Dato,2017,Petrolero,Pequeno Generador,Residuos solidos,"Botes o recipientes que contuvieron contaminantes diversos, latas de pintura, aerosoles",4.45
Puebla,Sin Dato,2017,Petrolero,Pequeno Generador,Residuos solidos,De mantenimiento automotríz,0.06
Puebla,Sin Dato,2017,Petrolero,Pequeno Generador,Residuos solidos,"Estopa, trapo, plasticos, carton, madera, brochas, papel, cepillo, etc., impregnados con pinturas, grasas, aceites, hidrocarburos",1.09
Puebla,Sin Dato,2017,Petrolero,Pequeno Generador,Residuos solidos,Lampara fluorescentes,0.34
Puebla,Sin Dato,2017,Petrolero,Pequeno Generador,Residuos solidos,"Mangueras, pistolas o filtros para despacho de combustibles, descarga de contaminantes",0.02
Puebla,Sin Dato,2017,Petrolero,Pequeno Generador,Residuos solidos,Partes electrónicas y consumibles de impresoras,0.01
Puebla,Sin Dato,2017,Petroleo y petroquimica,Gran Generador,Aceites gastados,Lubricantes,1.1
Puebla,Sin Dato,2017,Petroleo y petroquimica,Gran Generador,"Baterias, celdas y pilas","Pilas, baterias, acumuladores, celdas de desecho: niquel-cadmio, plomo, mercurio",1.4
Puebla,Sin Dato,2017,Petroleo y petroquimica,Gran Generador,Lodos,Lodos provenientes de tanques de almacenaniento,68
Puebla,Sin Dato,2017,Petroleo y petroquimica,Gran Generador,Pinturas y productos relacionados,"Residuos de pinturas, pinturas caducadas",1
Puebla,Sin Dato,2017,Petroleo y petroquimica,Gran Generador,Residuos solidos,"Botes o recipientes que contuvieron contaminantes diversos, latas de pintura, aerosoles",0.7
Puebla,Sin Dato,2017,Petroleo y petroquimica,Gran Generador,Residuos solidos,"Estopa, trapo, plasticos, carton, madera, brochas, papel, cepillo, etc., impregnados con pinturas, grasas, aceites, hidrocarburos",1.7
Puebla,Sin Dato,2017,Petroleo y petroquimica,Gran Generador,Residuos solidos,Lampara fluorescentes,0.5
Puebla,Sin Dato,2018,Petrolifero,Microgenerador,Aceites gastados (Hidraulicos),Aceite gastado hidraulico,0.01
Puebla,Sin Dato,2018,Petrolifero,Microgenerador,Aceites gastados (Lubricantes),Aceites gastados lubricantes,0.06
Puebla,Sin Dato,2018,Petrolifero,Microgenerador,Botes de Presurizados,Envases de aerosol,0.05
Puebla,Sin Dato,2018,Petrolifero,Microgenerador,Filtro de aire o aceite contaminados,Filtros de aire usados,0.08
Puebla,Sin Dato,2018,Petrolifero,Microgenerador,Lamparas fluorescentes y de vapor de mercurio,Lamparas fluorescentes y de vapor de mercurio,1.1
Puebla,Sin Dato,2018,Petrolifero,Microgenerador,Lodos Contaminados con Hidrocarburos,Lodos con aceite y restos de hidrocarburos,10.71
Puebla,Sin Dato,2018,Petrolifero,Microgenerador,Solidos contaminados con hidrocarburos diversos,"Filtros, mangueras, envases, botes, cubetas, contenedores, trapos, guantes, carton, aserrin, material absorbente,Estopas y trapos impregnados con combustible, Envases vacios impregnados de aceite",6.52
Puebla,Sin Dato,2018,Petrolifero,Microgenerador,Solventes Gastados,Residuos de solventes,0
Puebla,Sin Dato,2018,Petrolifero,Pequeno generador,Aceites gastados (Hidraulicos),Aceite gastado hidraulico,0
Puebla,Sin Dato,2018,Petrolifero,Pequeno generador,Aceites gastados (Lubricantes),Aceites gastados lubricantes,0.02
Puebla,Sin Dato,2018,Petrolifero,Pequeno generador,Baterias alcalinas,Pilas alcalinas,0
Puebla,Sin Dato,2018,Petrolifero,Pequeno generador,Filtro de aire o aceite contaminados,Filtros de aire usados,0.08
Puebla,Sin Dato,2018,Petrolifero,Pequeno generador,Lamparas fluorescentes y de vapor de mercurio,Lamparas fluorescentes y de vapor de mercurio,0.15
Puebla,Sin Dato,2018,Petrolifero,Pequeno generador,Lodos Contaminados con Hidrocarburo,Lodos con aceite y restos de hidrocarburos,32.08
Puebla,Sin Dato,2018,Petrolifero,Pequeno generador,Residuos de pinturas y esmaltes,Nata de Pintura,0.02
Puebla,Sin Dato,2018,Petrolifero,Pequeno generador,Pilas o Baterias con Litio o Cadmio,Pilas Niquel-Cadmio,0
Puebla,Sin Dato,2018,Petrolifero,Pequeno generador,Solidos contaminados con hidrocarburos diversos,"Filtros, mangueras, envases, botes, cubetas, contenedores, trapos, guantes, carton, aserrin, material absorbente,Estopas y trapos impregnados con combustible, Envases vacios impregnados de aceite",3.01
Puebla,Sin Dato,2018,Petrolero,Microgenerador,Aceites gastados,Aceites gastados hidraulicos,0.28
Puebla,Sin Dato,2018,Petrolero,Microgenerador,Solidos,Solidos de mantenimiento automotriz,0.01
Puebla,Sin Dato,2018,Petrolero,Microgenerador,Solidos,Solidos otros,0.02
Puebla,Sin Dato,2018,Petrolero,Microgenerador,Sustancias corrosivas,Sustancias corrosivas acidos,0.01
Puebla,Sin Dato,2018,Petrolero,Pequeno generador,Aceites gastados,Aceites gastados lubricantes,0.3
Puebla,Sin Dato,2018,Petrolero,Pequeno generador,Otros residuos peligrosos,Otros residuos peligrosos,0.23
Puebla,Sin Dato,2018,Petrolero,Pequeno generador,Solidos,Solidos otros,0.51
Puebla,Sin Dato,2018,Petrolero,Pequeno generador,Solidos,Solidos tortas de filtrado,0.06
Puebla,Sin Dato,2018,Petrolero,Gran generador,Aceites gastados,Aceites gastados lubricantes,3
Puebla,Sin Dato,2018,Petrolero,Gran generador,Biologico- Infecciosos,Biologico- infecciosos objetos punzocortantes / biologico- infecciosos residuos no anatomicos,0.03
Puebla,Sin Dato,2018,Petrolero,Gran generador,Solidos,Solidos de mantenimiento automotriz,0.5
Puebla,Sin Dato,2018,Petrolero,Gran generador,Solidos,Solidos otros,23.5
Puebla,Sin Dato,2018,Petrolero,Gran generador,Solventes,Solventes organicos,0.2
Puebla,Sin Dato,2018,Petrolero,Gran generador,Sustancias corrosivas,Sustancias corrosivas acidos,0.4
Puebla,Sin Dato,2019,Petrolero,Microgenerador,Aceites gastados,hidraulicos,0
Puebla,Sin Dato,2019,Petrolero,Microgenerador,Residuos solidos,De mantenimiento automotríz,0
Puebla,Sin Dato,2019,Petrolero,Microgenerador,Residuos solidos,Otros solidos,0
Puebla,Sin Dato,2019,Petrolero,Microgenerador,ACEITES GASTADOS,ACEITES GASTADOS LUBRICANTES,0.001
Puebla,Sin Dato,2019,Petrolero,Microgenerador,OTROS,OTROS (RESIDUOS DE PIGMENTOS BASE CROMO Y BASE PLOMO),0.001
Puebla,Sin Dato,2019,Petrolero,Microgenerador,PINTURAS Y PRODUCTOS RELACIONADOS,RESIDUOS DE PIGMENTOS BASE CROMO Y BASE PLOMO,0.001
Puebla,Sin Dato,2019,Petrolero,Microgenerador,PINTURAS Y PRODUCTOS RELACIONADOS,FELPAS IMPREGNADAS DE PIGMENTOS DE CROMO Y PLOMO,0.001
Puebla,Sin Dato,2019,Petrolero,Microgenerador,solidos,solidos OTROS (FELPAS IMPREGNADAS DE PIGMENTOS DE CROMO Y PLOMO),0.001
Puebla,Sin Dato,2019,Petrolero,Microgenerador,solidos,solidos OTROS (CARTUCHOS INTERNOS DE FILTROS IMPREGNADOS DE HOLLÍN Y ACEITE LUBRICANTE GASTADO),0.001
Puebla,Sin Dato,2019,Petrolero,Microgenerador,Residuos solidos,solidos CON METALES PESADOS,0.008
Puebla,Sin Dato,2019,Petrolero,Microgenerador,solidos,solidos OTROS (baterias ALCALINAS USADAS),0.002
Puebla,Sin Dato,2019,Petrolero,Microgenerador,solidos,solidos DE MANTENIMIENTO AUTOMOTRIZ,0.003
Puebla,Sin Dato,2019,Petrolero,Microgenerador,solidos,solidos OTROS (SUELO CONTAMINADO CON ACEITE HIDRÁULICO),0.0001
Puebla,Sin Dato,2019,Petrolero,Microgenerador,solidos,solidos OTROS (CARTUCHOS INTERNOS DE FILTROS IMPREGNADOS CON HOLLÍN Y ACEITE LUBRICANTE GASTADO.),0.001
Puebla,Sin Dato,2019,Petrolero,Microgenerador,solidos,solidos OTROS (SUELO CONTAMINADO CON ACEITE LUBRICANTE GASTADO.),0.0005
Puebla,Sin Dato,2019,Petrolero,Microgenerador,Sustancias corrosivas,Ácidos,0
Puebla,Sin Dato,2019,Petrolero,Pequeno Generador,Aceites gastados,Lubricantes,0
Puebla,Sin Dato,2019,Petrolero,Pequeno Generador,Otros,Otros residuos,0
Puebla,Sin Dato,2019,Petrolero,Pequeno Generador,Residuos solidos,Tortas de filtrado,0
Puebla,Sin Dato,2019,Petrolero,Pequeno Generador,Residuos solidos,Otros solidos,0
Puebla,Sin Dato,2019,Petrolero,Gran Generador,Aceites gastados,Lubricantes,0
Puebla,Sin Dato,2019,Petrolero,Gran Generador,Biológico-infecciosos,Residuos no anatómicos,0
Puebla,Sin Dato,2019,Petrolero,Gran Generador,Residuos solidos,De mantenimiento automotríz,0
Puebla,Sin Dato,2019,Petrolero,Gran Generador,Residuos solidos,Otros solidos,0
Puebla,Sin Dato,2019,Petrolero,Gran Generador,Solventes,Residuos de solventes,0
Puebla,Sin Dato,2019,Petrolero,Gran Generador,Sustancias corrosivas,Ácidos,0
Puebla,Sin Dato,2019,Petrolifero,Microgenerador,Aceites gastados,hidraulicos,0
Puebla,Sin Dato,2019,Petrolifero,Microgenerador,Aceites gastados,Lubricantes,0
Puebla,Sin Dato,2019,Petrolifero,Microgenerador,Lodos,Lodos aceitosos,1.03
Puebla,Sin Dato,2019,Petrolifero,Microgenerador,Residuos solidos,"Botes o recipientes que contuvieron contaminantes diversos, latas de pintura, aerosoles",0
Puebla,Sin Dato,2019,Petrolifero,Microgenerador,Residuos solidos,"Estopa, trapo, plásticos, cartón, madera, brochas, papel, cepillo, etc., impregnados con pinturas, grasas, aceites, hidrocarburos",0.063
Puebla,Sin Dato,2019,Petrolifero,Microgenerador,Residuos solidos,Filtro de aire o de aceite contaminados,0
Puebla,Sin Dato,2019,Petrolifero,Microgenerador,Residuos solidos,Lámpara fluorescentes,0
Puebla,Sin Dato,2019,Petrolifero,Microgenerador,Solventes,Residuos de solventes,0
Puebla,Sin Dato,2019,Petrolifero,Pequeno Generador,Aceites gastados,hidraulicos,0
Puebla,Sin Dato,2019,Petrolifero,Pequeno Generador,Aceites gastados,Lubricantes,0
Puebla,Sin Dato,2019,Petrolifero,Pequeno Generador,"Baterias, celdas y pilas",Pilas alcalinas,0
Puebla,Sin Dato,2019,Petrolifero,Pequeno Generador,"Baterias, celdas y pilas",Pilas o baterias de Niquel - Cadmio,0
Puebla,Sin Dato,2019,Petrolifero,Pequeno Generador,Lodos,Lodos aceitosos,21.031
Puebla,Sin Dato,2019,Petrolifero,Pequeno Generador,Pinturas y productos relacionados,"Residuos de pinturas, pinturas caducadas",0
Puebla,Sin Dato,2019,Petrolifero,Pequeno Generador,Residuos solidos,"Estopa, trapo, plásticos, cartón, madera, brochas, papel, cepillo, etc., impregnados con pinturas, grasas, aceites, hidrocarburos",1.2647
Puebla,Sin Dato,2019,Petrolifero,Pequeno Generador,Residuos solidos,Filtro de aire o de aceite contaminados,0.01
Puebla,Sin Dato,2019,Petrolifero,Pequeno Generador,Residuos solidos,Lámpara fluorescentes,0.018
Puebla,Sin Dato,2020,Petrolifero,Microgenerador,Aceites hidraúlicos,Aceites gastados hidráulicos,0.002
Puebla,Sin Dato,2020,Petrolifero,Microgenerador,Aceites lubricantes,Aceites gastados lubricantes,0.30407
Puebla,Sin Dato,2020,Petrolifero,Microgenerador,"Gasollina, diésel y naftas gastados","Gasollina, diésel y naftas gastados",0.01
Puebla,Sin Dato,2020,Petrolifero,Microgenerador,Lodos,Lodos aceitosos,2.3967
Puebla,Sin Dato,2020,Petrolifero,Microgenerador,Residuos sólidos,"Estopa, trapo, plásticos, cartón, madera, brochas, papel, cepillo, etc., impregnados con pinturas, grasas, aceites, hidrocarburos",1.42123
Puebla,Sin Dato,2020,Petrolifero,Pequeno Generador,Aceites hidraúlicos,Aceites gastados hidráulicos,0.0345
Puebla,Sin Dato,2020,Petrolifero,Pequeno Generador,Aceites lubricantes,Aceites gastados lubricantes,5.6
Puebla,Sin Dato,2020,Petrolifero,Pequeno Generador,Líquidos de proceso,Aguas aceitosas,0.0068
Puebla,Sin Dato,2020,Petrolifero,Pequeno Generador,"Baterias, pilas y balastras","Baterias, pilas y balastras",0.0068
Puebla,Sin Dato,2020,Petrolifero,Pequeno Generador,"Gasollina, diésel y naftas gastados","Gasollina, diésel y naftas gastados",4.18
Puebla,Sin Dato,2020,Petrolifero,Pequeno Generador,Lámparas fluorescentes y de vapor de mercurio,Lámparas fluorescentes y de vapor de mercurio,0.013
Puebla,Sin Dato,2020,Petrolifero,Pequeno Generador,Lodos,Lodos aceitosos,15.71152
Puebla,Sin Dato,2020,Petrolifero,Pequeno Generador,Residuos sólidos,"Estopa, trapo, plásticos, cartón, madera, brochas, papel, cepillo, etc., impregnados con pinturas, grasas, aceites, hidrocarburos",6.849
Puebla,Sin Dato,2021,Petrolifero,Microgenerador,Aceites gastados,hidraulicos,0
Puebla,Sin Dato,2021,Petrolifero,Microgenerador,Aceites gastados,Lubricantes,0.3
Puebla,Sin Dato,2021,Petrolifero,Microgenerador,"Gasolina, diésel y naftas gastados o sucios provenientes de estaciones de servicio y talleres automotrices","Gasolina, diesel y naftas gastados o sucios",0.01
Puebla,Sin Dato,2021,Petrolifero,Microgenerador,Residuos solidos,"Estopa, trapo, plásticos, cartón, madera, brochas, papel, cepillo, etc., impregnados con pinturas, grasas, aceites, hidrocarburos",1.42
Puebla,Sin Dato,2021,Petrolifero,Microgenerador,Lodos,Lodos aceitosos,2.4
Puebla,Sin Dato,2021,Petrolifero,Pequeno Generador,Aceites gastados,hidraulicos,0.03
Puebla,Sin Dato,2021,Petrolifero,Pequeno Generador,Aceites gastados,Lubricantes,5.6
Puebla,Sin Dato,2021,Petrolifero,Pequeno Generador,"baterias, celdas y pilas","Baterias, pilas y balastras",0.01
Puebla,Sin Dato,2021,Petrolifero,Pequeno Generador,"Gasolina, diésel y naftas gastados o sucios provenientes de estaciones de servicio y talleres automotrices","Gasolina, diesel y naftas gastados o sucios",4.18
Puebla,Sin Dato,2021,Petrolifero,Pequeno Generador,Otros,"Agua oleosa, agua contaminada",0.01
Puebla,Sin Dato,2021,Petrolifero,Pequeno Generador,Residuos solidos,"Estopa, trapo, plásticos, cartón, madera, brochas, papel, cepillo, etc., impregnados con pinturas, grasas, aceites, hidrocarburos",6.85
Puebla,Sin Dato,2021,Petrolifero,Pequeno Generador,Residuos solidos,"Lámparas fluorescentes, lámparas de vapor de mercurio",0.01
Puebla,Sin Dato,2021,Petrolifero,Pequeno Generador,Lodos,Lodos aceitosos,15.71
Puebla,Amozoc,2022,Petrolífero,Microgenerador,Lodos,Lodos aceitosos,0.2
Puebla,Amozoc,2022,Petrolífero,Microgenerador,Residuos sólidos,"Estopa, trapo, plásticos, cartón, madera, brochas, papel, cepillo, etc., impregnados con pinturas, grasas, aceites, hidrocarburos",0.2
Puebla,Atlixco,2022,Petrolífero,Microgenerador,Lodos,Lodos aceitosos,0.2
Puebla,Atlixco,2022,Petrolífero,Microgenerador,Residuos sólidos,"Estopa, trapo, plásticos, cartón, madera, brochas, papel, cepillo, etc., impregnados con pinturas, grasas, aceites, hidrocarburos",0.19
Puebla,Chignautla,2022,Petrolífero,Pequeño Generador,Lodos,Lodos aceitosos,2.6
Puebla,Huehuetlán el Chico,2022,Petrolífero,Microgenerador,Lodos,Lodos aceitosos,0.13
Puebla,Huehuetlán el Chico,2022,Petrolífero,Microgenerador,Residuos sólidos,"Estopa, trapo, plásticos, cartón, madera, brochas, papel, cepillo, etc., impregnados con pinturas, grasas, aceites, hidrocarburos",0.04
Puebla,Puebla,2022,Petrolífero,Microgenerador,Aceites gastados,Lubricantes,0.05
Puebla,Puebla,2022,Petrolífero,Microgenerador,Lodos,Lodos aceitosos,0.61
Puebla,Puebla,2022,Petrolífero,Microgenerador,Residuos sólidos,"Estopa, trapo, plásticos, cartón, madera, brochas, papel, cepillo, etc., impregnados con pinturas, grasas, aceites, hidrocarburos",0.11
Puebla,Puebla,2022,Petrolífero,Microgenerador,Residuos sólidos,"Lámparas fluorescentes, lámparas de vapor de mercurio",0
Puebla,Puebla,2022,Petrolífero,Pequeño Generador,Aceites gastados,Lubricantes,0.15
Puebla,Puebla,2022,Petrolífero,Pequeño Generador,Lodos,Lodos aceitosos,0.2
Puebla,Puebla,2022,Petrolífero,Pequeño Generador,Residuos sólidos,"Estopa, trapo, plásticos, cartón, madera, brochas, papel, cepillo, etc., impregnados con pinturas, grasas, aceites, hidrocarburos",0.17
Puebla,Rafael Lara Grajales,2022,Petrolero,Microgenerador,Aceites gastados,Lubricantes,0.01
Puebla,Rafael Lara Grajales,2022,Petrolero,Microgenerador,Otros,Otros residuos,0
Puebla,Rafael Lara Grajales,2022,Petrolero,Microgenerador,Residuos sólidos,Otros sólidos,0
Puebla,Rafael Lara Grajales,2022,Petrolero,Microgenerador,Residuos sólidos,Otros sólidos,0.01
Puebla,Rafael Lara Grajales,2022,Petrolero,Microgenerador,Residuos sólidos,Otros sólidos,0.01
Puebla,Los Reyes de Juárez,2022,Petrolífero,Microgenerador,Lodos,Lodos aceitosos,0.2
Puebla,Los Reyes de Juárez,2022,Petrolífero,Microgenerador,Residuos sólidos,"Estopa, trapo, plásticos, cartón, madera, brochas, papel, cepillo, etc., impregnados con pinturas, grasas, aceites, hidrocarburos",0.02
Puebla,San Andrés Cholula,2022,Petrolero,Microgenerador,Lodos,Lodos aceitosos,0.1
Puebla,San Andrés Cholula,2022,Petrolero,Microgenerador,Residuos sólidos,"Estopa, trapo, plásticos, cartón, madera, brochas, papel, cepillo, etc., impregnados con pinturas, grasas, aceites, hidrocarburos",0.1
Puebla,San Jerónimo Tecuanipan,2022,Petrolero,Microgenerador,Residuos sólidos,"Estopa, trapo, plásticos, cartón, madera, brochas, papel, cepillo, etc., impregnados con pinturas, grasas, aceites, hidrocarburos",0.4
Puebla,San Martín Texmelucan,2022,Petrolero,Microgenerador,Residuos sólidos,"Estopa, trapo, plásticos, cartón, madera, brochas, papel, cepillo, etc., impregnados con pinturas, grasas, aceites, hidrocarburos",0.11
Puebla,Tecamachalco,2022,Petrolero,Pequeño Generador,Lodos,Lodos aceitosos,0.8
Puebla,Tecamachalco,2022,Petrolero,Pequeño Generador,Residuos sólidos,"Estopa, trapo, plásticos, cartón, madera, brochas, papel, cepillo, etc., impregnados con pinturas, grasas, aceites, hidrocarburos",0.14
Puebla,Tepanco de López,2022,Petrolero,Pequeño Generador,Lodos,Lodos aceitosos,0.2
Puebla,Tepanco de López,2022,Petrolero,Pequeño Generador,Residuos sólidos,"Estopa, trapo, plásticos, cartón, madera, brochas, papel, cepillo, etc., impregnados con pinturas, grasas, aceites, hidrocarburos",0.39
Puebla,Tepeaca,2022,Petrolero,Microgenerador,Lodos,Lodos aceitosos,0.8
Puebla,Tepeaca,2022,Petrolero,Microgenerador,Residuos sólidos,"Estopa, trapo, plásticos, cartón, madera, brochas, papel, cepillo, etc., impregnados con pinturas, grasas, aceites, hidrocarburos",0.25
Puebla,Teziutlán,2022,Petrolero,Microgenerador,Lodos,Lodos aceitosos,0.3
Puebla,Teziutlán,2022,Petrolero,Microgenerador,Residuos sólidos,"Estopa, trapo, plásticos, cartón, madera, brochas, papel, cepillo, etc., impregnados con pinturas, grasas, aceites, hidrocarburos",0.22
Puebla,Teziutlán,2022,Petrolero,Pequeño Generador,Lodos,Lodos aceitosos,2
Puebla,Tlacotepec de Benito Juárez,2022,Petrolero,Microgenerador,Residuos sólidos,"Estopa, trapo, plásticos, cartón, madera, brochas, papel, cepillo, etc., impregnados con pinturas, grasas, aceites, hidrocarburos",0.4
Puebla,Tlachichuca,2022,Petrolero,Microgenerador,Lodos,Lodos aceitosos,0.2
Puebla,Tlachichuca,2022,Petrolero,Microgenerador,Residuos sólidos,"Estopa, trapo, plásticos, cartón, madera, brochas, papel, cepillo, etc., impregnados con pinturas, grasas, aceites, hidrocarburos",0.02
Puebla,Tlaltenango,2022,Petrolero,Pequeño Generador,Aceites gastados,Lubricantes,0.2
Puebla,Tlaltenango,2022,Petrolero,Pequeño Generador,Residuos sólidos,Con metales pesados,0.01
Puebla,Tlaltenango,2022,Petrolero,Pequeño Generador,Residuos sólidos,Con metales pesados,0.05
Puebla,Tlaltenango,2022,Petrolero,Pequeño Generador,Residuos sólidos,"De mantenimiento automotríz, mantenimiento a maquinaria o equipos",0.3
Puebla,Tlaltenango,2022,Petrolero,Pequeño Generador,Residuos sólidos,Otros sólidos,0
Puebla,Tlaltenango,2022,Petrolero,Pequeño Generador,Residuos sólidos,Otros sólidos,0.15
Puebla,Tlaltenango,2022,Petrolero,Pequeño Generador,Residuos sólidos,Otros sólidos,0.04
Puebla,Xiutetelco,2022,Petrolero,Pequeño Generador,Lodos,Lodos aceitosos,2.4
Puebla,Amozoc,2023,Petrolífero,Pequeño Generador,Aceites gastados,Lubricantes,0.26
Puebla,Amozoc,2023,Petrolífero,Pequeño Generador,Lodos,Lodos aceitosos,0.28
Puebla,Amozoc,2023,Petrolífero,Pequeño Generador,Residuos sólidos,"Estopa, trapo, plásticos, cartón, madera, brochas, papel, cepillo, etc., impregnados con pinturas, grasas, aceites, hidrocarburos",0.37
Puebla,Atlixco,2023,Petrolífero,Pequeño Generador,Aceites gastados,Hidráulicos,0.18
Puebla,Atlixco,2023,Petrolífero,Pequeño Generador,Lodos,Lodos aceitosos,0.19
Puebla,Atlixco,2023,Petrolífero,Pequeño Generador,Residuos sólidos,"Estopa, trapo, plásticos, cartón, madera, brochas, papel, cepillo, etc., impregnados con pinturas, grasas, aceites, hidrocarburos",0.12
Puebla,Coronango,2023,Petrolífero,Pequeño Generador,Aceites gastados,Lubricantes,0.32
Puebla,Coronango,2023,Petrolífero,Pequeño Generador,Agua contaminada,"Agua contaminada con hidrocarburos, combustibles, aceite o grasa",0.04
Puebla,Coronango,2023,Petrolífero,Pequeño Generador,"Baterías, celdas y pilas","Baterias, pilas y balastras",0
Puebla,Coronango,2023,Petrolífero,Pequeño Generador,Biológico-infecciosos,Residuos no anatómicos,0
Puebla,Coronango,2023,Petrolífero,Pequeño Generador,Lodos,Lodos aceitosos,0.02
Puebla,Coronango,2023,Petrolífero,Pequeño Generador,Residuos sólidos,"Estopa, trapo, plásticos, cartón, madera, brochas, papel, cepillo, etc., impregnados con pinturas, grasas, aceites, hidrocarburos",0.59
Puebla,Coronango,2023,Petrolífero,Pequeño Generador,Residuos sólidos,"Lámparas fluorescentes, lámparas de vapor de mercurio",0.02
Puebla,Epatlán,2023,Petrolífero,Microgenerador,Lodos,Lodos aceitosos,0.2
Puebla,Epatlán,2023,Petrolífero,Microgenerador,Residuos sólidos,"Estopa, trapo, plásticos, cartón, madera, brochas, papel, cepillo, etc., impregnados con pinturas, grasas, aceites, hidrocarburos",0.18
Puebla,Guadalupe Victoria,2023,Petrolífero,Pequeño Generador,Aceites gastados,Lubricantes,0.2
Puebla,Guadalupe Victoria,2023,Petrolífero,Pequeño Generador,Lodos,Lodos aceitosos,0.21
Puebla,Guadalupe Victoria,2023,Petrolífero,Pequeño Generador,Residuos sólidos,"Estopa, trapo, plásticos, cartón, madera, brochas, papel, cepillo, etc., impregnados con pinturas, grasas, aceites, hidrocarburos",0.16
Puebla,Huejotzingo,2023,Petrolífero,Pequeño Generador,Residuos sólidos,"Estopa, trapo, plásticos, cartón, madera, brochas, papel, cepillo, etc., impregnados con pinturas, grasas, aceites, hidrocarburos",1.73
Puebla,Huejotzingo,2023,Petrolífero,Pequeño Generador,Residuos sólidos,"Estopa, trapo, plásticos, cartón, madera, brochas, papel, cepillo, etc., impregnados con pinturas, grasas, aceites, hidrocarburos",1.75
Puebla,Izúcar de Matamoros,2023,Petrolífero,Microgenerador,Lodos,Lodos aceitosos,0.2
Puebla,Izúcar de Matamoros,2023,Petrolífero,Microgenerador,Residuos sólidos,"Estopa, trapo, plásticos, cartón, madera, brochas, papel, cepillo, etc., impregnados con pinturas, grasas, aceites, hidrocarburos",0.2
Puebla,Nopalucan,2023,Petrolífero,Microgenerador,Lodos,Lodos aceitosos,0
Puebla,Nopalucan,2023,Petrolífero,Microgenerador,Residuos sólidos,"Estopa, trapo, plásticos, cartón, madera, brochas, papel, cepillo, etc., impregnados con pinturas, grasas, aceites, hidrocarburos",0.02
Puebla,Puebla,2023,Petrolífero,Microgenerador,Aceites gastados,Lubricantes,0.4
Puebla,Puebla,2023,Petrolífero,Microgenerador,Agua contaminada,"Agua contaminada con hidrocarburos, combustibles, aceite o grasa",0.03
Puebla,Puebla,2023,Petrolífero,Microgenerador,"Baterías, celdas y pilas","Baterias, pilas y balastras",0.02
Puebla,Puebla,2023,Petrolífero,Microgenerador,Lodos,Lodos aceitosos,0.14
Puebla,Puebla,2023,Petrolífero,Microgenerador,Residuos sólidos,"Estopa, trapo, plásticos, cartón, madera, brochas, papel, cepillo, etc., impregnados con pinturas, grasas, aceites, hidrocarburos",0.4
Puebla,Puebla,2023,Petrolífero,Microgenerador,Residuos sólidos,"Lámparas fluorescentes, lámparas de vapor de mercurio",0
Puebla,Puebla,2023,Petrolífero,Pequeño Generador,Aceites gastados,Hidráulicos,0.16
Puebla,Puebla,2023,Petrolífero,Pequeño Generador,Aceites gastados,Lubricantes,0.43
Puebla,Puebla,2023,Petrolífero,Pequeño Generador,Lodos,Lodos aceitosos,1.4
Puebla,Puebla,2023,Petrolífero,Pequeño Generador,Residuos sólidos,"Estopa, trapo, plásticos, cartón, madera, brochas, papel, cepillo, etc., impregnados con pinturas, grasas, aceites, hidrocarburos",1.1
Puebla,San Andrés Cholula,2023,Petrolífero,Microgenerador,Aceites gastados,Lubricantes,0.03
Puebla,San Andrés Cholula,2023,Petrolífero,Microgenerador,Lodos,Lodos aceitosos,0.23
Puebla,San Andrés Cholula,2023,Petrolífero,Microgenerador,Residuos sólidos,"Estopa, trapo, plásticos, cartón, madera, brochas, papel, cepillo, etc., impregnados con pinturas, grasas, aceites, hidrocarburos",0.12
Puebla,San Andrés Cholula,2023,Petrolífero,Pequeño Generador,Aceites gastados,Lubricantes,0.23
Puebla,San Andrés Cholula,2023,Petrolífero,Pequeño Generador,Lodos,Lodos aceitosos,0.21
Puebla,San Andrés Cholula,2023,Petrolífero,Pequeño Generador,Residuos sólidos,"Estopa, trapo, plásticos, cartón, madera, brochas, papel, cepillo, etc., impregnados con pinturas, grasas, aceites, hidrocarburos",0.23
Puebla,Santiago Miahuatlán,2023,Petrolífero,Microgenerador,Residuos sólidos,"Estopa, trapo, plásticos, cartón, madera, brochas, papel, cepillo, etc., impregnados con pinturas, grasas, aceites, hidrocarburos",0.01
Puebla,Tecamachalco,2023,Petrolífero,Pequeño Generador,Lodos,Lodos aceitosos,0.3
Puebla,Tecamachalco,2023,Petrolífero,Pequeño Generador,Residuos sólidos,"Estopa, trapo, plásticos, cartón, madera, brochas, papel, cepillo, etc., impregnados con pinturas, grasas, aceites, hidrocarburos",0.2
Puebla,Tehuacán,2023,Petrolífero,Pequeño Generador,Aceites gastados,Lubricantes,0.29
Puebla,Tehuacán,2023,Petrolífero,Pequeño Generador,Lodos,Lodos aceitosos,0.28
Puebla,Tehuacán,2023,Petrolífero,Pequeño Generador,Residuos sólidos,"Estopa, trapo, plásticos, cartón, madera, brochas, papel, cepillo, etc., impregnados con pinturas, grasas, aceites, hidrocarburos",0.18
Puebla,Tochtepec,2023,Petrolífero,Microgenerador,Residuos sólidos,"Estopa, trapo, plásticos, cartón, madera, brochas, papel, cepillo, etc., impregnados con pinturas, grasas, aceites, hidrocarburos",0.05
Puebla,Amozoc,2024,Petrolífero,Microgenerador,Aceites gastados,Lubricantes,0.05
Puebla,Amozoc,2024,Petrolífero,Microgenerador,Lodos,Lodos aceitosos,0.1
Puebla,Atlixco,2024,Petrolífero,Microgenerador,Aceites gastados,Hidráulicos,0.03
Puebla,Atlixco,2024,Petrolífero,Microgenerador,Aceites gastados,Lubricantes,0.01
Puebla,Atlixco,2024,Petrolífero,Microgenerador,Lodos,Lodos aceitosos,0.47
Puebla,Atlixco,2024,Petrolífero,Microgenerador,Residuos sólidos,"Estopa, trapo, plásticos, cartón, madera, brochas, papel, cepillo, etc., impregnados con pinturas, grasas, aceites, hidrocarburos",0.02
Puebla,Coronango,2024,Petrolífero,Microgenerador,Aceites gastados,Hidráulicos,0.16
Puebla,Coronango,2024,Petrolífero,Microgenerador,Lodos,Lodos aceitosos,0.02
Puebla,Cuyoaco,2024,Petrolífero,Pequeño Generador,Aceites gastados,Hidráulicos,2.52
Puebla,Cuyoaco,2024,Petrolífero,Pequeño Generador,Residuos sólidos,"Estopa, trapo, plásticos, cartón, madera, brochas, papel, cepillo, etc., impregnados con pinturas, grasas, aceites, hidrocarburos",0.8
Puebla,Chignahuapan,2024,Petrolífero,Microgenerador,Lodos,Lodos aceitosos,0.23
Puebla,Chignahuapan,2024,Petrolífero,Microgenerador,Residuos sólidos,"Estopa, trapo, plásticos, cartón, madera, brochas, papel, cepillo, etc., impregnados con pinturas, grasas, aceites, hidrocarburos",0.02
Puebla,Chignahuapan,2024,Petrolífero,Pequeño Generador,Lodos,Lodos aceitosos,0.72
Puebla,Chignahuapan,2024,Petrolífero,Pequeño Generador,Residuos sólidos,"Estopa, trapo, plásticos, cartón, madera, brochas, papel, cepillo, etc., impregnados con pinturas, grasas, aceites, hidrocarburos",0.61
Puebla,Chignahuapan,2024,Petrolífero,Pequeño Generador,Residuos sólidos,"Lámparas fluorescentes, lámparas de vapor de mercurio",0.06
Puebla,General Felipe Ángeles,2024,Petrolífero,Microgenerador,Lodos,Lodos aceitosos,0.06
Puebla,General Felipe Ángeles,2024,Petrolífero,Microgenerador,Residuos sólidos,"Estopa, trapo, plásticos, cartón, madera, brochas, papel, cepillo, etc., impregnados con pinturas, grasas, aceites, hidrocarburos",0.02
Puebla,Huaquechula,2024,Petrolífero,Microgenerador,Gasolina y otros combustibles,"Gasolina, diesel y naftas gastados o sucios",0.21
Puebla,Huaquechula,2024,Petrolífero,Microgenerador,Residuos sólidos,"Estopa, trapo, plásticos, cartón, madera, brochas, papel, cepillo, etc., impregnados con pinturas, grasas, aceites, hidrocarburos",0.06
Puebla,Huejotzingo,2024,Petrolífero,Microgenerador,Lodos,Lodos aceitosos,0.24
Puebla,Huejotzingo,2024,Petrolífero,Microgenerador,Residuos sólidos,"Estopa, trapo, plásticos, cartón, madera, brochas, papel, cepillo, etc., impregnados con pinturas, grasas, aceites, hidrocarburos",0.08
Puebla,Izúcar de Matamoros,2024,Petrolífero,Pequeño Generador,Aceites gastados,Lubricantes,0.32
Puebla,Izúcar de Matamoros,2024,Petrolífero,Pequeño Generador,Residuos sólidos,"Estopa, trapo, plásticos, cartón, madera, brochas, papel, cepillo, etc., impregnados con pinturas, grasas, aceites, hidrocarburos",0.12
Puebla,Juan C. Bonilla,2024,Petrolífero,Pequeño Generador,Aceites gastados,Lubricantes,0.21
Puebla,Juan C. Bonilla,2024,Petrolífero,Pequeño Generador,Lodos,Lodos aceitosos,0.59
Puebla,Juan C. Bonilla,2024,Petrolífero,Pequeño Generador,Residuos sólidos,"Estopa, trapo, plásticos, cartón, madera, brochas, papel, cepillo, etc., impregnados con pinturas, grasas, aceites, hidrocarburos",0.51
Puebla,Mazapiltepec de Juárez,2024,Petrolífero,Microgenerador,Lodos,Lodos aceitosos,0.1
Puebla,Mazapiltepec de Juárez,2024,Petrolífero,Microgenerador,Residuos sólidos,"Estopa, trapo, plásticos, cartón, madera, brochas, papel, cepillo, etc., impregnados con pinturas, grasas, aceites, hidrocarburos",0.02
Puebla,Oriental,2024,Petrolífero,Microgenerador,Lodos,Lodos aceitosos,0.08
Puebla,Oriental,2024,Petrolífero,Microgenerador,Residuos sólidos,"Estopa, trapo, plásticos, cartón, madera, brochas, papel, cepillo, etc., impregnados con pinturas, grasas, aceites, hidrocarburos",0.03
Puebla,Puebla,2024,Petrolífero,Microgenerador,Agua contaminada,"Agua contaminada con hidrocarburos, combustibles, aceite o grasa",0.04
Puebla,Puebla,2024,Petrolífero,Microgenerador,"Baterías, celdas, pilas, balastras","Baterias, pilas, acumuladores, balastras",0.02
Puebla,Puebla,2024,Petrolífero,Microgenerador,Lodos,Lodos aceitosos,1.49
Puebla,Puebla,2024,Petrolífero,Microgenerador,Residuos sólidos,"Estopa, trapo, plásticos, cartón, madera, brochas, papel, cepillo, etc., impregnados con pinturas, grasas, aceites, hidrocarburos",0.58
Puebla,Puebla,2024,Petrolífero,Pequeño Generador,Aceites gastados,Lubricantes,1.7
Puebla,Puebla,2024,Petrolífero,Pequeño Generador,"Baterías, celdas, pilas, balastras","Baterias, pilas, acumuladores, balastras",0.1
Puebla,Puebla,2024,Petrolífero,Pequeño Generador,Lodos,Lodos aceitosos,2
Puebla,Puebla,2024,Petrolífero,Pequeño Generador,Residuos sólidos,"Estopa, trapo, plásticos, cartón, madera, brochas, papel, cepillo, etc., impregnados con pinturas, grasas, aceites, hidrocarburos",1.08
Puebla,Puebla,2024,Petrolífero,Pequeño Generador,Residuos sólidos,"Lámparas fluorescentes, lámparas de vapor de mercurio",0.05
Puebla,Quecholac,2024,Petrolífero,Microgenerador,Gasolina y otros combustibles,"Gasolina, diesel y naftas gastados o sucios",0.1
Puebla,Quecholac,2024,Petrolífero,Microgenerador,Residuos sólidos,"Estopa, trapo, plásticos, cartón, madera, brochas, papel, cepillo, etc., impregnados con pinturas, grasas, aceites, hidrocarburos",0.05
Puebla,San Andrés Cholula,2024,Petrolífero,Microgenerador,Lodos,Lodos aceitosos,0.29
Puebla,San Andrés Cholula,2024,Petrolífero,Microgenerador,Residuos sólidos,"Estopa, trapo, plásticos, cartón, madera, brochas, papel, cepillo, etc., impregnados con pinturas, grasas, aceites, hidrocarburos",0.01
Puebla,San Martín Texmelucan,2024,Petrolífero,Microgenerador,Lodos,Lodos aceitosos,0.16
Puebla,San Pedro Cholula,2024,Petrolífero,Microgenerador,Lodos,Lodos aceitosos,0.08
Puebla,San Pedro Cholula,2024,Petrolífero,Microgenerador,Residuos sólidos,"Estopa, trapo, plásticos, cartón, madera, brochas, papel, cepillo, etc., impregnados con pinturas, grasas, aceites, hidrocarburos",0.02
Puebla,San Salvador El Seco,2024,Petrolífero,Microgenerador,Lodos,Lodos aceitosos,0.1
Puebla,San Salvador El Seco,2024,Petrolífero,Microgenerador,Residuos sólidos,"Estopa, trapo, plásticos, cartón, madera, brochas, papel, cepillo, etc., impregnados con pinturas, grasas, aceites, hidrocarburos",0.01
Puebla,Tecali de Herrera,2024,Petrolífero,Pequeño Generador,Aceites gastados,Lubricantes,1.4
Puebla,Tecali de Herrera,2024,Petrolífero,Pequeño Generador,Residuos sólidos,"Estopa, trapo, plásticos, cartón, madera, brochas, papel, cepillo, etc., impregnados con pinturas, grasas, aceites, hidrocarburos",0.6
Puebla,Tecamachalco,2024,Petrolífero,Microgenerador,Lodos,Lodos aceitosos,0.02
Puebla,Tecamachalco,2024,Petrolífero,Microgenerador,Residuos sólidos,"Estopa, trapo, plásticos, cartón, madera, brochas, papel, cepillo, etc., impregnados con pinturas, grasas, aceites, hidrocarburos",0.12
Puebla,Tecamachalco,2024,Petrolífero,Pequeño Generador,Aceites gastados,Lubricantes,0.13
Puebla,Tecamachalco,2024,Petrolífero,Pequeño Generador,Lodos,Lodos aceitosos,0.28
Puebla,Tecamachalco,2024,Petrolífero,Pequeño Generador,Residuos sólidos,"Estopa, trapo, plásticos, cartón, madera, brochas, papel, cepillo, etc., impregnados con pinturas, grasas, aceites, hidrocarburos",0.37
Puebla,Tehuacán,2024,Petrolífero,Pequeño Generador,Aceites gastados,Lubricantes,1.6
Puebla,Tehuacán,2024,Petrolífero,Pequeño Generador,Residuos sólidos,"Estopa, trapo, plásticos, cartón, madera, brochas, papel, cepillo, etc., impregnados con pinturas, grasas, aceites, hidrocarburos",0.39
Puebla,Tepeaca,2024,Petrolífero,Microgenerador,Lodos,Lodos aceitosos,0.06
Puebla,Tetela de Ocampo,2024,Petrolífero,Microgenerador,Lodos,Lodos aceitosos,0.02
Puebla,Tetela de Ocampo,2024,Petrolífero,Microgenerador,Residuos sólidos,"Estopa, trapo, plásticos, cartón, madera, brochas, papel, cepillo, etc., impregnados con pinturas, grasas, aceites, hidrocarburos",0
Puebla,Venustiano Carranza,2024,Petrolífero,Microgenerador,Lodos,Lodos aceitosos,0.3
Puebla,Venustiano Carranza,2024,Petrolífero,Microgenerador,Residuos sólidos,"Estopa, trapo, plásticos, cartón, madera, brochas, papel, cepillo, etc., impregnados con pinturas, grasas, aceites, hidrocarburos",0.02
Puebla,Xicotepec,2024,Petrolífero,Microgenerador,Lodos,Lodos aceitosos,0.22
Puebla,Xicotepec,2024,Petrolífero,Microgenerador,Residuos sólidos,"Estopa, trapo, plásticos, cartón, madera, brochas, papel, cepillo, etc., impregnados con pinturas, grasas, aceites, hidrocarburos",0.12
Puebla,Zacapoaxtla,2024,Petrolífero,Microgenerador,Agua contaminada,"Agua contaminada con hidrocarburos, combustibles, aceite o grasa",0.04
Puebla,Zacapoaxtla,2024,Petrolífero,Microgenerador,"Baterías, celdas, pilas, balastras","Baterias, pilas, acumuladores, balastras",0.02
Puebla,Zacapoaxtla,2024,Petrolífero,Microgenerador,Lodos,Lodos aceitosos,0.15
Puebla,Zacapoaxtla,2024,Petrolífero,Microgenerador,Residuos sólidos,"Estopa, trapo, plásticos, cartón, madera, brochas, papel, cepillo, etc., impregnados con pinturas, grasas, aceites, hidrocarburos",0.08
Querétaro,Sin Dato,2017,Petrolero,Microgenerador,Aceites gastados,Lubricantes,0.12
Querétaro,Sin Dato,2017,Petrolero,Microgenerador,"Gasolina, diesel y naftas gastados o sucios provenientes de estaciones de servicio y talleres automotrices","Gasolina, diesel y naftas gastados o sucios provenientes de estaciones de servicio y talleres automotrices",0.29
Querétaro,Sin Dato,2017,Petrolero,Microgenerador,Liquidos de proceso,"Agua contaminada con hidrocarburos, combustibles, aceite o grasa",0.69
Querétaro,Sin Dato,2017,Petrolero,Microgenerador,Lodos,Lodos provenientes de tanques de almacenaniento,0.18
Querétaro,Sin Dato,2017,Petrolero,Microgenerador,Lodos aceitosos,"Con contaminacion de hidrocarburos, combustibles, aceite",0.05
Querétaro,Sin Dato,2017,Petrolero,Microgenerador,Lodos aceitosos,Lodos procedentes de trampas de grasas e hidrocarburos,0.22
Querétaro,Sin Dato,2017,Petrolero,Microgenerador,Lodos aceitosos,Otros lodos,1.2
Querétaro,Sin Dato,2017,Petrolero,Microgenerador,Material textil,"Telas, felpas, estopas",0.01
Querétaro,Sin Dato,2017,Petrolero,Microgenerador,Residuos solidos,"Botes o recipientes que contuvieron contaminantes diversos, latas de pintura, aerosoles",0.44
Querétaro,Sin Dato,2017,Petrolero,Microgenerador,Residuos solidos,"Estopa, trapo, plasticos, carton, madera, brochas, papel, cepillo, etc., impregnados con pinturas, grasas, aceites, hidrocarburos",1.21
Querétaro,Sin Dato,2017,Petrolero,Microgenerador,Otros,"Pilas, baterias, focos",0.18
Querétaro,Sin Dato,2017,Petrolero,Pequeno Generador,Aceites gastados,Lubricantes,0.37
Querétaro,Sin Dato,2017,Petrolero,Pequeno Generador,"Gasolina, diesel y naftas gastados o sucios provenientes de estaciones de servicio y talleres automotrices","Gasolina, diesel y naftas gastados o sucios provenientes de estaciones de servicio y talleres automotrices",1.97
Querétaro,Sin Dato,2017,Petrolero,Pequeno Generador,"Gasolina, diesel y naftas gastados o sucios provenientes de estaciones de servicio y talleres automotrices","Mezclas de combustibles sucios, mezclas de hidrocarburos, naftas",0.16
Querétaro,Sin Dato,2017,Petrolero,Pequeno Generador,Liquidos de proceso,"Agua contaminada con hidrocarburos, combustibles, aceite o grasa",0.2
Querétaro,Sin Dato,2017,Petrolero,Pequeno Generador,Lodos,Lodos provenientes de tanques de almacenaniento,1.06
Querétaro,Sin Dato,2017,Petrolero,Pequeno Generador,Lodos,Otros lodos,0.1
Querétaro,Sin Dato,2017,Petrolero,Pequeno Generador,Lodos aceitosos,Lodos procedentes de trampas de grasas e hidrocarburos,1.2
Querétaro,Sin Dato,2017,Petrolero,Pequeno Generador,Lodos aceitosos,Otros lodos,3.47
Querétaro,Sin Dato,2017,Petrolero,Pequeno Generador,Material textil,"Telas, felpas, estopas",0.46
Querétaro,Sin Dato,2017,Petrolero,Pequeno Generador,Residuos solidos,"Botes o recipientes que contuvieron contaminantes diversos, latas de pintura, aerosoles",1.14
Querétaro,Sin Dato,2017,Petrolero,Pequeno Generador,Residuos solidos,De mantenimiento automotríz,0.08
Querétaro,Sin Dato,2017,Petrolero,Pequeno Generador,Residuos solidos,"Estopa, trapo, plasticos, carton, madera, brochas, papel, cepillo, etc., impregnados con pinturas, grasas, aceites, hidrocarburos",2.04
Querétaro,Sin Dato,2017,Petrolero,Pequeno Generador,Residuos solidos,Lampara fluorescentes,0.05
Querétaro,Sin Dato,2017,Petrolero,Pequeno Generador,Residuos solidos,No especificado,0.3
Querétaro,Sin Dato,2017,Petrolero,Pequeno Generador,Otros,"Pilas, baterias, focos",0.04
Querétaro,Sin Dato,2017,Petroleo y petroquimica,Microgenerador,Aceites gastados,Lubricantes,0
Querétaro,Sin Dato,2017,Petroleo y petroquimica,Microgenerador,"Baterias, celdas y pilas",Pilas alcalinas,0
Querétaro,Sin Dato,2017,Petroleo y petroquimica,Microgenerador,"Baterias, celdas y pilas","Pilas, baterias, acumuladores, celdas de desecho: niquel-cadmio, plomo, mercurio",0
Querétaro,Sin Dato,2017,Petroleo y petroquimica,Microgenerador,Liquidos de proceso,"Con contaminacion de gas natural, mercaptano",0
Querétaro,Sin Dato,2017,Petroleo y petroquimica,Microgenerador,Residuos solidos,"Botes o recipientes que contuvieron contaminantes diversos, latas de pintura, aerosoles",0
Querétaro,Sin Dato,2017,Petroleo y petroquimica,Microgenerador,Residuos solidos,"Con contaminacion de gas natural, mercaptano",0
Querétaro,Sin Dato,2017,Petroleo y petroquimica,Microgenerador,Residuos solidos,"Estopa, trapo, plasticos, carton, madera, brochas, papel, cepillo, etc., impregnados con pinturas, grasas, aceites, hidrocarburos",0
Querétaro,Sin Dato,2018,Petrolifero,Microgenerador,Aceites gastados (Hidraulicos),Aceite gastado hidraulico,0.3
Querétaro,Sin Dato,2018,Petrolifero,Microgenerador,Aceites gastados (Lubricantes),Aceites gastados lubricantes,0.65
Querétaro,Sin Dato,2018,Petrolifero,Microgenerador,Lamparas fluorescentes y de vapor de mercurio,Lamparas fluorescentes y de vapor de mercurio,0.16
Querétaro,Sin Dato,2018,Petrolifero,Microgenerador,Filtro de aire o aceite contaminados,Filtros de aire usados,0.01
Querétaro,Sin Dato,2018,Petrolifero,Microgenerador,Liquidos residuales de proceso corrosivos,Agua con hidrocaruros,0.33
Querétaro,Sin Dato,2018,Petrolifero,Microgenerador,Lodos Contaminados con Hidrocarburos,Lodos con aceite y restos de hidrocarburos,3.89
Querétaro,Sin Dato,2018,Petrolifero,Microgenerador,Pilas o Baterias con Litio o Cadmio,Pilas Niquel-Cadmio,0.11
Querétaro,Sin Dato,2018,Petrolifero,Microgenerador,Solidos contaminados con hidrocarburos diversos,"Filtros, mangueras, envases, botes, cubetas, contenedores, trapos, guantes, carton, aserrin, material absorbente,Estopas y trapos impregnados con combustible, Envases vacios impregnados de aceite",2.15
Querétaro,Sin Dato,2018,Petrolifero,Pequeno generador,Aceites gastados (Hidraulicos),Aceite gastado hidraulico,0.51
Querétaro,Sin Dato,2018,Petrolifero,Pequeno generador,Aceites gastados (Lubricantes),Aceites gastados lubricantes,3.59
Querétaro,Sin Dato,2018,Petrolifero,Pequeno generador,Baterias alcalinas,Pilas alcalinas,0.01
Querétaro,Sin Dato,2018,Petrolifero,Pequeno generador,Botes de Presurizados,Envases de aerosol,1
Querétaro,Sin Dato,2018,Petrolifero,Pequeno generador,Filtro de aire o aceite contaminados,Filtros de aire usados,0.9
Querétaro,Sin Dato,2018,Petrolifero,Pequeno generador,"Gasolina, Diesel y Naftas gastados o sucios","Gasolina, Diesel y Naftas gastados o sucios provenientes de Estaciones de Servicio y Talleres Automotrices",3.49
Querétaro,Sin Dato,2018,Petrolifero,Pequeno generador,Lamparas fluorescentes y de vapor de mercurio,Lamparas fluorescentes y de vapor de mercurio,0.22
Querétaro,Sin Dato,2018,Petrolifero,Pequeno generador,Liquidos residuales de proceso no corrosivos,Agua con hidrocaruros,20.91
Querétaro,Sin Dato,2018,Petrolifero,Pequeno generador,Lodos Contaminados con Hidrocarburos,Lodos con aceite y restos de hidrocarburos,43.24
Querétaro,Sin Dato,2018,Petrolifero,Pequeno generador,Pilas o Baterias con Litio o Cadmio,Pilas Niquel-Cadmio,0.1
Querétaro,Sin Dato,2018,Petrolifero,Pequeno generador,Residuos de pinturas y esmaltes,Residuos de Pigmentos,0.01
Querétaro,Sin Dato,2018,Petrolifero,Pequeno generador,Residuos No Anatomicos,Residuos No Anatomicos,0.04
Querétaro,Sin Dato,2018,Petrolifero,Pequeno generador,Solidos contaminados con hidrocarburos diversos,"Filtros, mangueras, envases, botes, cubetas, contenedores, trapos, guantes, carton, aserrin, material absorbente,Estopas y trapos impregnados con combustible, Envases vacios impregnados de aceite",6.27
Querétaro,Sin Dato,2018,Petrolifero,Pequeno generador,Solventes Gastados,Residuos de solventes,0.9
Querétaro,Sin Dato,2018,Petrolero,Microgenerador,Aceites gastados,Aceites gastados lubricantes,0
Querétaro,Sin Dato,2018,Petrolero,Microgenerador,Pinturas y productos relacionados,Felpas impregnadas de pigmentos de cromo y plomo,0
Querétaro,Sin Dato,2018,Petrolero,Microgenerador,Pinturas y productos relacionados,Residuos de pigmentos base cromo y base plomo,0
Querétaro,Sin Dato,2018,Petrolero,Microgenerador,Solidos,Solidos con metales pesados,0
Querétaro,Sin Dato,2018,Petrolero,Microgenerador,Solidos,Solidos de mantenimiento automotriz,0
Querétaro,Sin Dato,2018,Petrolero,Microgenerador,Solidos,Solidos otros,0
Querétaro,Sin Dato,2019,Petrolero,Microgenerador,ACEITES GASTADOS,ACEITES GASTADOS LUBRICANTES,0.0005
Querétaro,Sin Dato,2019,Petrolero,Microgenerador,PINTURAS Y PRODUCTOS RELACIONADOS,RESIDUOS DE PIGMENTOS BASE CROMO Y BASE PLOMO,0.002
Querétaro,Sin Dato,2019,Petrolero,Microgenerador,PINTURAS Y PRODUCTOS RELACIONADOS,FELPAS IMPREGNADAS DE PIGMENTOS DE CROMO Y PLOMO,0.001
Querétaro,Sin Dato,2019,Petrolero,Microgenerador,solidos,solidos OTROS (CARTUCHOS INTERNOS DE FILTROS IMPREGNADOS CON HOLLÍN),0.001
Querétaro,Sin Dato,2019,Petrolero,Microgenerador,solidos,solidos CON METALES PESADOS,0.003
Querétaro,Sin Dato,2019,Petrolero,Microgenerador,solidos,solidos OTROS (baterias ALCALINAS USADAS),0.001
Querétaro,Sin Dato,2019,Petrolero,Microgenerador,solidos,solidos DE MANTENIMIENTO AUTOMOTRIZ,0.0032
Querétaro,Sin Dato,2019,Petrolero,Microgenerador,solidos,solidos OTROS (SUELO CONTAMINADO CON ACEITE LUBRICANTE GASTADO.),0.0001
Querétaro,Sin Dato,2019,Petrolero,Microgenerador,Aceites gastados,Lubricantes,0
Querétaro,Sin Dato,2019,Petrolero,Microgenerador,Pinturas y productos relacionados,"Estopa, trapo, plásticos, cartón, madera, brochas, papel, cepillo, etc., impregnados con pinturas, grasas, aceites, hidrocarburos",0
Querétaro,Sin Dato,2019,Petrolero,Microgenerador,Pinturas y productos relacionados,Residuos de pigmentos base cromo y base plomo,0
Querétaro,Sin Dato,2019,Petrolero,Microgenerador,Residuos solidos,Con metales pesados,0
Querétaro,Sin Dato,2019,Petrolero,Microgenerador,Residuos solidos,De mantenimiento automotríz,0
Querétaro,Sin Dato,2019,Petrolero,Microgenerador,Residuos solidos,Otros solidos,0
Querétaro,Sin Dato,2019,Petrolero,Pequeno Generador,ACEITES GASTADOS,ACEITES GASTADOS LUBRICANTES,0.1
Querétaro,Sin Dato,2019,Petrolero,Pequeno Generador,OTROS,"OTROS (MATERIALES ABSORBENTES COMO ESTOPAS, TRAPOS, PAPEL Y CARTÓN CONTAMINADOS CON GASOLINA Y DIÉSEL)",0.3
Querétaro,Sin Dato,2019,Petrolero,Pequeno Generador,OTROS,OTROS (CONTENEDORES VACÍOS IMPREGNADOS CON HIDROCARBUROS Y FILTROS DE ACEITE),0.1
Querétaro,Sin Dato,2019,Petrolero,Pequeno Generador,OTROS,OTROS (PARTÍCULAS DE TIERRA IMPREGNADAS CON HIDROCARBUROS Y ACEITE.),0.5
Querétaro,Sin Dato,2019,Petrolifero,Microgenerador,Aceites gastados,hidraulicos,0
Querétaro,Sin Dato,2019,Petrolifero,Microgenerador,Aceites gastados,Lubricantes,0
Querétaro,Sin Dato,2019,Petrolifero,Microgenerador,"Baterias, celdas y pilas",Pilas o baterias de Niquel - Cadmio,0
Querétaro,Sin Dato,2019,Petrolifero,Microgenerador,Liquidos de proceso,Corrosivos,0
Querétaro,Sin Dato,2019,Petrolifero,Microgenerador,Lodos,Lodos aceitosos,0.09
Querétaro,Sin Dato,2019,Petrolifero,Microgenerador,Residuos solidos,"Estopa, trapo, plásticos, cartón, madera, brochas, papel, cepillo, etc., impregnados con pinturas, grasas, aceites, hidrocarburos",0.002
Querétaro,Sin Dato,2019,Petrolifero,Microgenerador,Residuos solidos,Filtro de aire o de aceite contaminados,0
Querétaro,Sin Dato,2019,Petrolifero,Microgenerador,Residuos solidos,Lámpara fluorescentes,0
Querétaro,Sin Dato,2019,Petrolifero,Pequeno Generador,Aceites gastados,hidraulicos,0
Querétaro,Sin Dato,2019,Petrolifero,Pequeno Generador,Aceites gastados,Lubricantes,0.2
Querétaro,Sin Dato,2019,Petrolifero,Pequeno Generador,"Baterias, celdas y pilas",Pilas alcalinas,0
Querétaro,Sin Dato,2019,Petrolifero,Pequeno Generador,"Baterias, celdas y pilas",Pilas o baterias de Niquel - Cadmio,0
Querétaro,Sin Dato,2019,Petrolifero,Pequeno Generador,Biologico-infecciosos,Residuos no anatómicos,0
Querétaro,Sin Dato,2019,Petrolifero,Pequeno Generador,"Gasolina, diesel y naftas gastados o sucios provenientes de estaciónes de servicio y talleres automotrices","Gasolina, diesel y naftas gastados o sucios provenientes de estaciones de servicio y talleres automotrices",0
Querétaro,Sin Dato,2019,Petrolifero,Pequeno Generador,Liquidos de proceso,Liquidos con residuos de hidrocarburos,0
Querétaro,Sin Dato,2019,Petrolifero,Pequeno Generador,Lodos,Lodos aceitosos,0.3
Querétaro,Sin Dato,2019,Petrolifero,Pequeno Generador,Pinturas y productos relacionados,Otros residuos,0
Querétaro,Sin Dato,2019,Petrolifero,Pequeno Generador,Residuos solidos,"Botes o recipientes que contuvieron contaminantes diversos, latas de pintura, aerosoles",0
Querétaro,Sin Dato,2019,Petrolifero,Pequeno Generador,Residuos solidos,"Estopa, trapo, plásticos, cartón, madera, brochas, papel, cepillo, etc., impregnados con pinturas, grasas, aceites, hidrocarburos",0.5
Querétaro,Sin Dato,2019,Petrolifero,Pequeno Generador,Residuos solidos,Filtro de aire o de aceite contaminados,0
Querétaro,Sin Dato,2019,Petrolifero,Pequeno Generador,Residuos solidos,Lámpara fluorescentes,0
Querétaro,Sin Dato,2019,Petrolifero,Pequeno Generador,Solventes,Residuos de solventes,0
Querétaro,Sin Dato,2020,Petrolifero,Microgenerador,Aceites hidraúlicos,Aceites gastados hidráulicos,0.01
Querétaro,Sin Dato,2020,Petrolifero,Microgenerador,Aceites lubricantes,Aceites gastados lubricantes,0.28528
Querétaro,Sin Dato,2020,Petrolifero,Microgenerador,Líquidos de proceso,Aguas aceitosas,0.25
Querétaro,Sin Dato,2020,Petrolifero,Microgenerador,"Baterias, pilas y balastras","Baterias, pilas y balastras",0.025
Querétaro,Sin Dato,2020,Petrolifero,Microgenerador,"Gasollina, diésel y naftas gastados","Gasollina, diésel y naftas gastados",0.132
Querétaro,Sin Dato,2020,Petrolifero,Microgenerador,Lámparas fluorescentes y de vapor de mercurio,Lámparas fluorescentes y de vapor de mercurio,0.0606
Querétaro,Sin Dato,2020,Petrolifero,Microgenerador,Lodos,Lodos aceitosos,3.05091
Querétaro,Sin Dato,2020,Petrolifero,Microgenerador,Residuos sólidos,"Estopa, trapo, plásticos, cartón, madera, brochas, papel, cepillo, etc., impregnados con pinturas, grasas, aceites, hidrocarburos",2.7596
Querétaro,Sin Dato,2020,Petrolifero,Microgenerador,Solventes,Solventes,0.034
Querétaro,Sin Dato,2020,Petrolifero,Pequeno Generador,Aceites lubricantes,Aceites gastados lubricantes,7.60218
Querétaro,Sin Dato,2020,Petrolifero,Pequeno Generador,"Gasollina, diésel y naftas gastados","Gasollina, diésel y naftas gastados",1.91
Querétaro,Sin Dato,2020,Petrolifero,Pequeno Generador,Lámparas fluorescentes y de vapor de mercurio,Lámparas fluorescentes y de vapor de mercurio,0.019
Querétaro,Sin Dato,2020,Petrolifero,Pequeno Generador,Lodos,Lodos aceitosos,11.829
Querétaro,Sin Dato,2020,Petrolifero,Pequeno Generador,Natas de pintura,Natas de pintura,17.9785
Querétaro,Sin Dato,2021,Petrolifero,Microgenerador,Aceites gastados,hidraulicos,0.01
Querétaro,Sin Dato,2021,Petrolifero,Microgenerador,Aceites gastados,Lubricantes,0.29
Querétaro,Sin Dato,2021,Petrolifero,Microgenerador,"baterias, celdas y pilas","Baterias, pilas y balastras",0.03
Querétaro,Sin Dato,2021,Petrolifero,Microgenerador,"Gasolina, diésel y naftas gastados o sucios provenientes de estaciones de servicio y talleres automotrices","Gasolina, diesel y naftas gastados o sucios",0.13
Querétaro,Sin Dato,2021,Petrolifero,Microgenerador,Otros,"Agua oleosa, agua contaminada",0.25
Querétaro,Sin Dato,2021,Petrolifero,Microgenerador,Residuos solidos,"Estopa, trapo, plásticos, cartón, madera, brochas, papel, cepillo, etc., impregnados con pinturas, grasas, aceites, hidrocarburos",2.76
Querétaro,Sin Dato,2021,Petrolifero,Microgenerador,Residuos solidos,"Lámparas fluorescentes, lámparas de vapor de mercurio",0.06
Querétaro,Sin Dato,2021,Petrolifero,Microgenerador,Solventes,Solventes orgánicos usados,0.03
Querétaro,Sin Dato,2021,Petrolifero,Microgenerador,Lodos,Lodos aceitosos,3.05
Querétaro,Sin Dato,2021,Petrolifero,Pequeno Generador,Aceites gastados,Lubricantes,7.6
Querétaro,Sin Dato,2021,Petrolifero,Pequeno Generador,"Gasolina, diésel y naftas gastados o sucios provenientes de estaciones de servicio y talleres automotrices","Gasolina, diesel y naftas gastados o sucios",1.91
Querétaro,Sin Dato,2021,Petrolifero,Pequeno Generador,Pinturas y productos relacionados,"Residuos de pinturas, pinturas caducadas",17.98
Querétaro,Sin Dato,2021,Petrolifero,Pequeno Generador,Residuos solidos,"Lámparas fluorescentes, lámparas de vapor de mercurio",0.02
Querétaro,Sin Dato,2021,Petrolifero,Pequeno Generador,Lodos,Lodos aceitosos,11.83
Querétaro,Corregidora,2022,Petrolífero,Microgenerador,Aceites gastados,Lubricantes,0.3
Querétaro,Corregidora,2022,Petrolífero,Microgenerador,Residuos sólidos,"Estopa, trapo, plásticos, cartón, madera, brochas, papel, cepillo, etc., impregnados con pinturas, grasas, aceites, hidrocarburos",0.1
Querétaro,Ezequiel Montes,2022,Petrolífero,Microgenerador,Lodos,Lodos aceitosos,0.07
Querétaro,Ezequiel Montes,2022,Petrolífero,Microgenerador,Residuos sólidos,"Estopa, trapo, plásticos, cartón, madera, brochas, papel, cepillo, etc., impregnados con pinturas, grasas, aceites, hidrocarburos",0.08
Querétaro,Huimilpan,2022,Petrolífero,Microgenerador,Lodos,Lodos aceitosos,0.38
Querétaro,Huimilpan,2022,Petrolífero,Microgenerador,Residuos sólidos,"Estopa, trapo, plásticos, cartón, madera, brochas, papel, cepillo, etc., impregnados con pinturas, grasas, aceites, hidrocarburos",0.4
Querétaro,El Marqués,2022,Petrolífero,Pequeño Generador,Lodos,Lodos aceitosos,0.85
Querétaro,El Marqués,2022,Petrolífero,Pequeño Generador,Residuos sólidos,"Estopa, trapo, plásticos, cartón, madera, brochas, papel, cepillo, etc., impregnados con pinturas, grasas, aceites, hidrocarburos",0.16
Querétaro,Querétaro,2022,Petrolífero,Microgenerador,Lodos,Lodos aceitosos,0.17
Querétaro,Querétaro,2022,Petrolífero,Microgenerador,Residuos sólidos,"Estopa, trapo, plásticos, cartón, madera, brochas, papel, cepillo, etc., impregnados con pinturas, grasas, aceites, hidrocarburos",0.16
Querétaro,Querétaro,2022,Petrolífero,Pequeño Generador,Lodos,Lodos aceitosos,0.5
Querétaro,Querétaro,2022,Petrolífero,Pequeño Generador,Residuos sólidos,"Estopa, trapo, plásticos, cartón, madera, brochas, papel, cepillo, etc., impregnados con pinturas, grasas, aceites, hidrocarburos",0.85
Querétaro,San Juan del Río,2022,Petrolífero,Microgenerador,Lodos,Lodos aceitosos,0.04
Querétaro,San Juan del Río,2022,Petrolífero,Microgenerador,Residuos sólidos,"Estopa, trapo, plásticos, cartón, madera, brochas, papel, cepillo, etc., impregnados con pinturas, grasas, aceites, hidrocarburos",0.16
Querétaro,San Juan del Río,2022,Petrolífero,Microgenerador,Residuos sólidos,"Lámparas fluorescentes, lámparas de vapor de mercurio",0.12
Querétaro,Colón,2023,Petrolífero,Microgenerador,Lodos,Lodos aceitosos,0.09
Querétaro,Colón,2023,Petrolífero,Microgenerador,Residuos sólidos,"Estopa, trapo, plásticos, cartón, madera, brochas, papel, cepillo, etc., impregnados con pinturas, grasas, aceites, hidrocarburos",0.06
Querétaro,Corregidora,2023,Petrolífero,Microgenerador,Lodos,Lodos aceitosos,0.1
Querétaro,Corregidora,2023,Petrolífero,Microgenerador,Residuos sólidos,"Estopa, trapo, plásticos, cartón, madera, brochas, papel, cepillo, etc., impregnados con pinturas, grasas, aceites, hidrocarburos",0.07
Querétaro,Ezequiel Montes,2023,Petrolífero,Microgenerador,Agua contaminada,"Agua contaminada con hidrocarburos, combustibles, aceite o grasa",0.07
Querétaro,Ezequiel Montes,2023,Petrolífero,Microgenerador,Lodos,Lodos aceitosos,0.1
Querétaro,Ezequiel Montes,2023,Petrolífero,Microgenerador,Residuos sólidos,"Estopa, trapo, plásticos, cartón, madera, brochas, papel, cepillo, etc., impregnados con pinturas, grasas, aceites, hidrocarburos",0.03
Querétaro,El Marqués,2023,Petrolífero,Microgenerador,Lodos,Lodos aceitosos,0.57
Querétaro,El Marqués,2023,Petrolífero,Microgenerador,Residuos sólidos,"Estopa, trapo, plásticos, cartón, madera, brochas, papel, cepillo, etc., impregnados con pinturas, grasas, aceites, hidrocarburos",0.09
Querétaro,El Marqués,2023,Petrolífero,Pequeño Generador,Lodos,Lodos aceitosos,0.3
Querétaro,El Marqués,2023,Petrolífero,Pequeño Generador,Residuos sólidos,"Estopa, trapo, plásticos, cartón, madera, brochas, papel, cepillo, etc., impregnados con pinturas, grasas, aceites, hidrocarburos",0.25
Querétaro,Pedro Escobedo,2023,Petrolífero,Microgenerador,Lodos,Lodos aceitosos,0.06
Querétaro,Pedro Escobedo,2023,Petrolífero,Microgenerador,Residuos sólidos,"Estopa, trapo, plásticos, cartón, madera, brochas, papel, cepillo, etc., impregnados con pinturas, grasas, aceites, hidrocarburos",0.06
Querétaro,Querétaro,2023,Petrolífero,Microgenerador,Aceites gastados,Lubricantes,0.23
Querétaro,Querétaro,2023,Petrolífero,Microgenerador,Agua contaminada,"Agua contaminada con hidrocarburos, combustibles, aceite o grasa",0.05
Querétaro,Querétaro,2023,Petrolífero,Microgenerador,"Baterías, celdas y pilas","Baterias, pilas y balastras",0
Querétaro,Querétaro,2023,Petrolífero,Microgenerador,Lodos,Lodos aceitosos,0.76
Querétaro,Querétaro,2023,Petrolífero,Microgenerador,Residuos sólidos,"Estopa, trapo, plásticos, cartón, madera, brochas, papel, cepillo, etc., impregnados con pinturas, grasas, aceites, hidrocarburos",0.65
Querétaro,Querétaro,2023,Petrolífero,Pequeño Generador,"Gasolina, diésel y naftas gastados o sucios provenientes de estaciones de servicio y talleres automotrices","Gasolina, diesel y naftas gastados o sucios",0.48
Querétaro,Querétaro,2023,Petrolífero,Pequeño Generador,Lodos,Lodos aceitosos,3.8
Querétaro,Querétaro,2023,Petrolífero,Pequeño Generador,Residuos sólidos,"Estopa, trapo, plásticos, cartón, madera, brochas, papel, cepillo, etc., impregnados con pinturas, grasas, aceites, hidrocarburos",1.26
Querétaro,Querétaro,2023,Petrolífero,Pequeño Generador,Residuos sólidos,"Lámparas fluorescentes, lámparas de vapor de mercurio",0.14
Querétaro,San Juan del Río,2023,Petrolífero,Microgenerador,Aceites gastados,Hidráulicos,0.32
Querétaro,San Juan del Río,2023,Petrolífero,Microgenerador,Agua contaminada,"Agua contaminada con hidrocarburos, combustibles, aceite o grasa",0.06
Querétaro,San Juan del Río,2023,Petrolífero,Microgenerador,Lodos,Lodos aceitosos,0.04
Querétaro,San Juan del Río,2023,Petrolífero,Microgenerador,Residuos sólidos,"Estopa, trapo, plásticos, cartón, madera, brochas, papel, cepillo, etc., impregnados con pinturas, grasas, aceites, hidrocarburos",0.12
Querétaro,Cadereyta de Montes,2024,Petrolífero,Microgenerador,Lodos,Lodos aceitosos,0.02
Querétaro,Cadereyta de Montes,2024,Petrolífero,Microgenerador,Residuos sólidos,"Estopa, trapo, plásticos, cartón, madera, brochas, papel, cepillo, etc., impregnados con pinturas, grasas, aceites, hidrocarburos",0.02
Querétaro,Corregidora,2024,Petrolífero,Microgenerador,Agua contaminada,"Agua contaminada con hidrocarburos, combustibles, aceite o grasa",0.04
Querétaro,Corregidora,2024,Petrolífero,Microgenerador,Lodos,Lodos aceitosos,0.03
Querétaro,Corregidora,2024,Petrolífero,Microgenerador,Residuos sólidos,"Estopa, trapo, plásticos, cartón, madera, brochas, papel, cepillo, etc., impregnados con pinturas, grasas, aceites, hidrocarburos",0.06
Querétaro,El Marqués,2024,Petrolífero,Microgenerador,"Baterías, celdas, pilas, balastras","Baterias, pilas, acumuladores, balastras",0.01
Querétaro,El Marqués,2024,Petrolífero,Microgenerador,Lodos,Lodos aceitosos,0.15
Querétaro,El Marqués,2024,Petrolífero,Microgenerador,Residuos sólidos,"Estopa, trapo, plásticos, cartón, madera, brochas, papel, cepillo, etc., impregnados con pinturas, grasas, aceites, hidrocarburos",0.1
Querétaro,Querétaro,2024,Petrolífero,Microgenerador,Aceites gastados,Hidráulicos,0.48
Querétaro,Querétaro,2024,Petrolífero,Microgenerador,Gasolina y otros combustibles,"Gasolina, diesel y naftas gastados o sucios",0.18
Querétaro,Querétaro,2024,Petrolífero,Microgenerador,Lodos,Lodos aceitosos,0.19
Querétaro,Querétaro,2024,Petrolífero,Microgenerador,Residuos sólidos,"Estopa, trapo, plásticos, cartón, madera, brochas, papel, cepillo, etc., impregnados con pinturas, grasas, aceites, hidrocarburos",0.13
Querétaro,Querétaro,2024,Petrolífero,Pequeño Generador,Lodos,Lodos aceitosos,0.7
Querétaro,Querétaro,2024,Petrolífero,Pequeño Generador,Residuos sólidos,"Estopa, trapo, plásticos, cartón, madera, brochas, papel, cepillo, etc., impregnados con pinturas, grasas, aceites, hidrocarburos",0.8
Querétaro,San Juan del Río,2024,Petrolífero,Microgenerador,Lodos,Lodos aceitosos,0.28
Querétaro,San Juan del Río,2024,Petrolífero,Microgenerador,Residuos sólidos,"Estopa, trapo, plásticos, cartón, madera, brochas, papel, cepillo, etc., impregnados con pinturas, grasas, aceites, hidrocarburos",0.11
Quintana Roo,Sin Dato,2017,Petrolero,Microgenerador,Aceites gastados,Lubricantes,0.46
Quintana Roo,Sin Dato,2017,Petrolero,Microgenerador,Lodos aceitosos,"Con contaminacion de hidrocarburos, combustibles, aceite",0.16
Quintana Roo,Sin Dato,2017,Petrolero,Microgenerador,Lodos aceitosos,Lodos procedentes de trampas de grasas e hidrocarburos,0.32
Quintana Roo,Sin Dato,2017,Petrolero,Microgenerador,Lodos aceitosos,Otros lodos,1.42
Quintana Roo,Sin Dato,2017,Petrolero,Microgenerador,Residuos solidos,"Botes o recipientes que contuvieron contaminantes diversos, latas de pintura, aerosoles",0.05
Quintana Roo,Sin Dato,2017,Petrolero,Microgenerador,Residuos solidos,"Estopa, trapo, plasticos, carton, madera, brochas, papel, cepillo, etc., impregnados con pinturas, grasas, aceites, hidrocarburos",0.23
Quintana Roo,Sin Dato,2017,Petrolero,Microgenerador,Otros,Otros: Varios,0.53
Quintana Roo,Sin Dato,2017,Petrolero,Pequeno Generador,Aceites gastados,Lubricantes,2
Quintana Roo,Sin Dato,2017,Petrolero,Pequeno Generador,"Gasolina, diesel y naftas gastados o sucios provenientes de estaciónes de servicio y talleres automotrices","Gasolina, diesel y naftas gastados o sucios provenientes de estaciones de servicio y talleres automotrices",0.6
Quintana Roo,Sin Dato,2017,Petrolero,Pequeno Generador,Liquidos de proceso,"Agua contaminada con hidrocarburos, combustibles, aceite o grasa",0.15
Quintana Roo,Sin Dato,2017,Petrolero,Pequeno Generador,Lodos aceitosos,"Con contaminacion de hidrocarburos, combustibles, aceite",0.1
Quintana Roo,Sin Dato,2017,Petrolero,Pequeno Generador,Lodos aceitosos,Lodos procedentes de trampas de grasas e hidrocarburos,0.32
Quintana Roo,Sin Dato,2017,Petrolero,Pequeno Generador,Lodos aceitosos,Otros lodos,0.4
Quintana Roo,Sin Dato,2017,Petrolero,Pequeno Generador,Residuos solidos,"Botes o recipientes que contuvieron contaminantes diversos, latas de pintura, aerosoles",0.1
Quintana Roo,Sin Dato,2017,Petrolero,Pequeno Generador,Residuos solidos,De mantenimiento automotríz,0.2
Quintana Roo,Sin Dato,2017,Petrolero,Pequeno Generador,Residuos solidos,"Estopa, trapo, plasticos, carton, madera, brochas, papel, cepillo, etc., impregnados con pinturas, grasas, aceites, hidrocarburos",0.14
Quintana Roo,Sin Dato,2017,Petrolero,Pequeno Generador,Residuos solidos,Otros solidos,0.2
Quintana Roo,Sin Dato,2017,Petrolero,Microgenerador,Solventes,Solventes organicos usados,0.29
Quintana Roo,Sin Dato,2018,Petrolifero,Microgenerador,Aceites gastados (Lubricantes),Aceites gastados lubricantes,0.14
Quintana Roo,Sin Dato,2018,Petrolifero,Microgenerador,Botes de Presurizados,Envases de aerosol,0.01
Quintana Roo,Sin Dato,2018,Petrolifero,Microgenerador,Filtro de aire o aceite contaminados,Filtros de aire usados,0
Quintana Roo,Sin Dato,2018,Petrolifero,Microgenerador,Lamparas fluorescentes y de vapor de mercurio,Lamparas fluorescentes y de vapor de mercurio,0
Quintana Roo,Sin Dato,2018,Petrolifero,Microgenerador,Liquidos residuales de proceso no corrosivos,Agua con hidrocaruros,0.05
Quintana Roo,Sin Dato,2018,Petrolifero,Microgenerador,Lodos Contaminados con Hidrocarburos,Lodos aceitosos,1.78
Quintana Roo,Sin Dato,2018,Petrolifero,Microgenerador,Solidos contaminados con hidrocarburos diversos,"Filtros, mangueras, envases, botes, cubetas, contenedores, trapos, guantes, carton, aserrin, material absorbente,Estopas y trapos impregnados con combustible, Envases vacios impregnados de aceite",0.71
Quintana Roo,Sin Dato,2018,Petrolifero,Microgenerador,Solventes Gastados,Residuos de solventes,0.02
Quintana Roo,Sin Dato,2018,Petrolifero,Pequeno generador,Aceites gastados (Hidraulicos),Aceite gastado hidraulico,9
Quintana Roo,Sin Dato,2018,Petrolifero,Pequeno generador,Aceites gastados (Lubricantes),Aceites gastados lubricantes,0.99
Quintana Roo,Sin Dato,2018,Petrolifero,Pequeno generador,Aguas y lodos contaminados con hidrocarburos,Agua contaminada con gasolina,0.5
Quintana Roo,Sin Dato,2018,Petrolifero,Pequeno generador,Baterias alcalinas,Pilas alcalinas,0.01
Quintana Roo,Sin Dato,2018,Petrolifero,Pequeno generador,Filtro de aire o aceite contaminados,Filtros de aire usados,0.37
Quintana Roo,Sin Dato,2018,Petrolifero,Pequeno generador,"Gasolina, Diesel y Naftas gastados o sucios","Gasolina, Diesel y Naftas gastados o sucios provenientes de Estaciones de Servicio y Talleres Automotrices",1.8
Quintana Roo,Sin Dato,2018,Petrolifero,Pequeno generador,Lamparas fluorescentes y de vapor de mercurio,Lamparas fluorescentes y de vapor de mercurio,0.01
Quintana Roo,Sin Dato,2018,Petrolifero,Pequeno generador,Liquidos residuales de proceso no corrosivos,Agua con hidrocaruros,6.7
Quintana Roo,Sin Dato,2018,Petrolifero,Pequeno generador,Lodos Contaminados con Hidrocarburos,Lodos aceitosos,27.34
Quintana Roo,Sin Dato,2018,Petrolifero,Pequeno generador,Pilas o Baterias con Litio o Cadmio,Pilas Niquel-Cadmio,0.04
Quintana Roo,Sin Dato,2018,Petrolifero,Pequeno generador,Solidos contaminados con hidrocarburos diversos,"Filtros, mangueras, envases, botes, cubetas, contenedores, trapos, guantes, carton, aserrin, material absorbente,Estopas y trapos impregnados con combustible, Envases vacios impregnados de aceite",1.45
Quintana Roo,Sin Dato,2019,Petrolifero,Microgenerador,Aceites gastados,Lubricantes,0
Quintana Roo,Sin Dato,2019,Petrolifero,Microgenerador,Liquidos de proceso,Liquidos con residuos de hidrocarburos,0
Quintana Roo,Sin Dato,2019,Petrolifero,Microgenerador,Lodos,Lodos aceitosos,0
Quintana Roo,Sin Dato,2019,Petrolifero,Microgenerador,Residuos solidos,"Botes o recipientes que contuvieron contaminantes diversos, latas de pintura, aerosoles",0
Quintana Roo,Sin Dato,2019,Petrolifero,Microgenerador,Residuos solidos,"Estopa, trapo, plásticos, cartón, madera, brochas, papel, cepillo, etc., impregnados con pinturas, grasas, aceites, hidrocarburos",0
Quintana Roo,Sin Dato,2019,Petrolifero,Microgenerador,Residuos solidos,Filtro de aire o de aceite contaminados,0
Quintana Roo,Sin Dato,2019,Petrolifero,Microgenerador,Residuos solidos,Lámpara fluorescentes,0
Quintana Roo,Sin Dato,2019,Petrolifero,Microgenerador,Solventes,Residuos de solventes,0
Quintana Roo,Sin Dato,2019,Petrolifero,Pequeno Generador,Aceites gastados,hidraulicos,0
Quintana Roo,Sin Dato,2019,Petrolifero,Pequeno Generador,Aceites gastados,Lubricantes,0
Quintana Roo,Sin Dato,2019,Petrolifero,Pequeno Generador,"Baterias, celdas y pilas",Pilas alcalinas,0
Quintana Roo,Sin Dato,2019,Petrolifero,Pequeno Generador,"Baterias, celdas y pilas",Pilas o baterias de Niquel - Cadmio,0
Quintana Roo,Sin Dato,2019,Petrolifero,Pequeno Generador,"Gasolina, diesel y naftas gastados o sucios provenientes de estaciónes de servicio y talleres automotrices","Gasolina, diesel y naftas gastados o sucios provenientes de estaciones de servicio y talleres automotrices",0
Quintana Roo,Sin Dato,2019,Petrolifero,Pequeno Generador,Liquidos de proceso,Liquidos con residuos de hidrocarburos,0
Quintana Roo,Sin Dato,2019,Petrolifero,Pequeno Generador,Lodos,Lodos aceitosos,0
Quintana Roo,Sin Dato,2019,Petrolifero,Pequeno Generador,Residuos Liquidos,"Agua contaminada con hidrocarburos, combustibles, aceite o grasa",0
Quintana Roo,Sin Dato,2019,Petrolifero,Pequeno Generador,Residuos solidos,"Estopa, trapo, plásticos, cartón, madera, brochas, papel, cepillo, etc., impregnados con pinturas, grasas, aceites, hidrocarburos",0
Quintana Roo,Sin Dato,2019,Petrolifero,Pequeno Generador,Residuos solidos,Filtro de aire o de aceite contaminados,0
Quintana Roo,Sin Dato,2019,Petrolifero,Pequeno Generador,Residuos solidos,Lámpara fluorescentes,0
Quintana Roo,Sin Dato,2020,Petrolifero,Microgenerador,Aceites lubricantes,Aceites gastados lubricantes,0.05
Quintana Roo,Sin Dato,2020,Petrolifero,Microgenerador,Líquidos de proceso,Aguas aceitosas,0.065
Quintana Roo,Sin Dato,2020,Petrolifero,Microgenerador,"Baterias, pilas y balastras","Baterias, pilas y balastras",0.003
Quintana Roo,Sin Dato,2020,Petrolifero,Microgenerador,Lámparas fluorescentes y de vapor de mercurio,Lámparas fluorescentes y de vapor de mercurio,0.005
Quintana Roo,Sin Dato,2020,Petrolifero,Microgenerador,Lodos,Lodos aceitosos,0.935
Quintana Roo,Sin Dato,2020,Petrolifero,Microgenerador,Residuos sólidos,"Estopa, trapo, plásticos, cartón, madera, brochas, papel, cepillo, etc., impregnados con pinturas, grasas, aceites, hidrocarburos",3.7174
Quintana Roo,Sin Dato,2020,Petrolifero,Pequeno Generador,Aceites hidraúlicos,Aceites gastados hidráulicos,0.043
Quintana Roo,Sin Dato,2020,Petrolifero,Pequeno Generador,Aceites lubricantes,Aceites gastados lubricantes,4.26
Quintana Roo,Sin Dato,2020,Petrolifero,Pequeno Generador,Líquidos de proceso,Aguas aceitosas,16.6
Quintana Roo,Sin Dato,2020,Petrolifero,Pequeno Generador,"Baterias, pilas y balastras","Baterias, pilas y balastras",0.018
Quintana Roo,Sin Dato,2020,Petrolifero,Pequeno Generador,"Gasollina, diésel y naftas gastados","Gasollina, diésel y naftas gastados",0.37
Quintana Roo,Sin Dato,2020,Petrolifero,Pequeno Generador,Lámparas fluorescentes y de vapor de mercurio,Lámparas fluorescentes y de vapor de mercurio,0.003
Quintana Roo,Sin Dato,2020,Petrolifero,Pequeno Generador,Lodos,Lodos aceitosos,4.01
Quintana Roo,Sin Dato,2020,Petrolifero,Pequeno Generador,Residuos sólidos,"Estopa, trapo, plásticos, cartón, madera, brochas, papel, cepillo, etc., impregnados con pinturas, grasas, aceites, hidrocarburos",3.2476
Quintana Roo,Sin Dato,2021,Petrolifero,Microgenerador,Aceites gastados,Lubricantes,0.05
Quintana Roo,Sin Dato,2021,Petrolifero,Microgenerador,"baterias, celdas y pilas","Baterias, pilas y balastras",0
Quintana Roo,Sin Dato,2021,Petrolifero,Microgenerador,Otros,"Agua oleosa, agua contaminada",0.07
Quintana Roo,Sin Dato,2021,Petrolifero,Microgenerador,Residuos solidos,"Estopa, trapo, plásticos, cartón, madera, brochas, papel, cepillo, etc., impregnados con pinturas, grasas, aceites, hidrocarburos",3.72
Quintana Roo,Sin Dato,2021,Petrolifero,Microgenerador,Residuos solidos,"Lámparas fluorescentes, lámparas de vapor de mercurio",0.01
Quintana Roo,Sin Dato,2021,Petrolifero,Microgenerador,Lodos,Lodos aceitosos,0.94
Quintana Roo,Sin Dato,2021,Petrolifero,Pequeno Generador,Aceites gastados,hidraulicos,0.04
Quintana Roo,Sin Dato,2021,Petrolifero,Pequeno Generador,Aceites gastados,Lubricantes,4.26
Quintana Roo,Sin Dato,2021,Petrolifero,Pequeno Generador,"baterias, celdas y pilas","Baterias, pilas y balastras",0.02
Quintana Roo,Sin Dato,2021,Petrolifero,Pequeno Generador,"Gasolina, diésel y naftas gastados o sucios provenientes de estaciones de servicio y talleres automotrices","Gasolina, diesel y naftas gastados o sucios",0.37
Quintana Roo,Sin Dato,2021,Petrolifero,Pequeno Generador,Otros,"Agua oleosa, agua contaminada",16.6
Quintana Roo,Sin Dato,2021,Petrolifero,Pequeno Generador,Residuos solidos,"Estopa, trapo, plásticos, cartón, madera, brochas, papel, cepillo, etc., impregnados con pinturas, grasas, aceites, hidrocarburos",3.25
Quintana Roo,Sin Dato,2021,Petrolifero,Pequeno Generador,Residuos solidos,"Lámparas fluorescentes, lámparas de vapor de mercurio",0
Quintana Roo,Sin Dato,2021,Petrolifero,Pequeno Generador,Lodos,Lodos aceitosos,4.01
Quintana Roo,Othón P. Blanco,2022,Petrolífero,Microgenerador,Lodos,Lodos aceitosos,0.2
Quintana Roo,Othón P. Blanco,2022,Petrolífero,Microgenerador,Residuos sólidos,"Estopa, trapo, plásticos, cartón, madera, brochas, papel, cepillo, etc., impregnados con pinturas, grasas, aceites, hidrocarburos",0.09
Quintana Roo,Lázaro Cárdenas,2022,Petrolífero,Microgenerador,"Gasolina, diésel y naftas gastados o sucios provenientes de estaciones de servicio y talleres automotrices","Gasolina, diesel y naftas gastados o sucios",0.1
Quintana Roo,Lázaro Cárdenas,2022,Petrolífero,Microgenerador,Lodos,Lodos aceitosos,0.2
Quintana Roo,Lázaro Cárdenas,2022,Petrolífero,Microgenerador,Residuos sólidos,"Estopa, trapo, plásticos, cartón, madera, brochas, papel, cepillo, etc., impregnados con pinturas, grasas, aceites, hidrocarburos",0.1
Quintana Roo,Solidaridad,2022,Petrolífero,Microgenerador,Aceites gastados,Lubricantes,0
Quintana Roo,Solidaridad,2022,Petrolífero,Microgenerador,"Baterías, celdas y pilas","Baterias, pilas y balastras",0
Quintana Roo,Solidaridad,2022,Petrolífero,Microgenerador,"Gasolina, diésel y naftas gastados o sucios provenientes de estaciones de servicio y talleres automotrices","Gasolina, diesel y naftas gastados o sucios",0.1
Quintana Roo,Solidaridad,2022,Petrolífero,Microgenerador,Lodos,Lodos aceitosos,0.35
Quintana Roo,Solidaridad,2022,Petrolífero,Microgenerador,Residuos sólidos,"Estopa, trapo, plásticos, cartón, madera, brochas, papel, cepillo, etc., impregnados con pinturas, grasas, aceites, hidrocarburos",0.68
Quintana Roo,Solidaridad,2022,Petrolífero,Pequeño Generador,Aceites gastados,Lubricantes,0.05
Quintana Roo,Solidaridad,2022,Petrolífero,Pequeño Generador,Lodos,Lodos aceitosos,0.2
Quintana Roo,Solidaridad,2022,Petrolífero,Pequeño Generador,Residuos sólidos,"Estopa, trapo, plásticos, cartón, madera, brochas, papel, cepillo, etc., impregnados con pinturas, grasas, aceites, hidrocarburos",0.59
Quintana Roo,Benito Juárez,2023,Petrolífero,Microgenerador,Lodos,Lodos aceitosos,0.78
Quintana Roo,Benito Juárez,2023,Petrolífero,Microgenerador,Residuos sólidos,"Estopa, trapo, plásticos, cartón, madera, brochas, papel, cepillo, etc., impregnados con pinturas, grasas, aceites, hidrocarburos",0.27
Quintana Roo,Benito Juárez,2023,Petrolífero,Pequeño Generador,Aceites gastados,Lubricantes,0.96
Quintana Roo,Benito Juárez,2023,Petrolífero,Pequeño Generador,Agua contaminada,"Agua contaminada con hidrocarburos, combustibles, aceite o grasa",0.72
Quintana Roo,Benito Juárez,2023,Petrolífero,Pequeño Generador,"Baterías, celdas y pilas","Baterias, pilas y balastras",0.01
Quintana Roo,Benito Juárez,2023,Petrolífero,Pequeño Generador,Lodos,Lodos aceitosos,0.4
Quintana Roo,Benito Juárez,2023,Petrolífero,Pequeño Generador,Residuos sólidos,"Estopa, trapo, plásticos, cartón, madera, brochas, papel, cepillo, etc., impregnados con pinturas, grasas, aceites, hidrocarburos",2.34
Quintana Roo,Benito Juárez,2023,Petrolífero,Pequeño Generador,Residuos sólidos,"Lámparas fluorescentes, lámparas de vapor de mercurio",0.02
Quintana Roo,Solidaridad,2023,Petrolífero,Microgenerador,Lodos,Lodos aceitosos,0.25
Quintana Roo,Tulum,2023,Petrolífero,Microgenerador,Lodos,Lodos aceitosos,0.2
Quintana Roo,Tulum,2023,Petrolífero,Microgenerador,Residuos sólidos,"Estopa, trapo, plásticos, cartón, madera, brochas, papel, cepillo, etc., impregnados con pinturas, grasas, aceites, hidrocarburos",0.04
Quintana Roo,Benito Juárez,2024,Petrolífero,Microgenerador,Gasolina y otros combustibles,"Gasolina, diesel y naftas gastados o sucios",0.2
Quintana Roo,Benito Juárez,2024,Petrolífero,Microgenerador,Lodos,Lodos aceitosos,0.92
Quintana Roo,Benito Juárez,2024,Petrolífero,Microgenerador,Residuos sólidos,"Estopa, trapo, plásticos, cartón, madera, brochas, papel, cepillo, etc., impregnados con pinturas, grasas, aceites, hidrocarburos",0.43
Quintana Roo,Benito Juárez,2024,Petrolífero,Pequeño Generador,"Baterías, celdas, pilas, balastras","Baterias, pilas, acumuladores, balastras",0.05
Quintana Roo,Benito Juárez,2024,Petrolífero,Pequeño Generador,Lodos,Lodos aceitosos,0.8
Quintana Roo,Benito Juárez,2024,Petrolífero,Pequeño Generador,Residuos sólidos,"Estopa, trapo, plásticos, cartón, madera, brochas, papel, cepillo, etc., impregnados con pinturas, grasas, aceites, hidrocarburos",0.1
Quintana Roo,José María Morelos,2024,Petrolífero,Microgenerador,"Baterías, celdas, pilas, balastras","Baterias, pilas, acumuladores, balastras",0.09
Quintana Roo,José María Morelos,2024,Petrolífero,Microgenerador,Lodos,Lodos aceitosos,0.1
Quintana Roo,José María Morelos,2024,Petrolífero,Microgenerador,Residuos sólidos,"Estopa, trapo, plásticos, cartón, madera, brochas, papel, cepillo, etc., impregnados con pinturas, grasas, aceites, hidrocarburos",0.2
Quintana Roo,José María Morelos,2024,Petrolífero,Gran Generador,Lodos,Lodos aceitosos,4.49
Quintana Roo,José María Morelos,2024,Petrolífero,Gran Generador,Residuos sólidos,"Estopa, trapo, plásticos, cartón, madera, brochas, papel, cepillo, etc., impregnados con pinturas, grasas, aceites, hidrocarburos",9.8
Quintana Roo,Lázaro Cárdenas,2024,Petrolífero,Microgenerador,Lodos,Lodos aceitosos,0.05
Quintana Roo,Lázaro Cárdenas,2024,Petrolífero,Microgenerador,Residuos sólidos,"Estopa, trapo, plásticos, cartón, madera, brochas, papel, cepillo, etc., impregnados con pinturas, grasas, aceites, hidrocarburos",0.05
Quintana Roo,Solidaridad,2024,Petrolífero,Microgenerador,Gasolina y otros combustibles,"Gasolina, diesel y naftas gastados o sucios",0.2
Quintana Roo,Solidaridad,2024,Petrolífero,Microgenerador,Lodos,Lodos aceitosos,1.02
Quintana Roo,Solidaridad,2024,Petrolífero,Microgenerador,Residuos sólidos,"Estopa, trapo, plásticos, cartón, madera, brochas, papel, cepillo, etc., impregnados con pinturas, grasas, aceites, hidrocarburos",0.41
Quintana Roo,Tulum,2024,Petrolífero,Microgenerador,Lodos,Lodos aceitosos,0.2
Quintana Roo,Tulum,2024,Petrolífero,Microgenerador,Residuos sólidos,"Estopa, trapo, plásticos, cartón, madera, brochas, papel, cepillo, etc., impregnados con pinturas, grasas, aceites, hidrocarburos",0.04
Quintana Roo,Bacalar,2024,Petrolífero,Microgenerador,Lodos,Lodos aceitosos,0.17
Quintana Roo,Bacalar,2024,Petrolífero,Microgenerador,Residuos sólidos,"Estopa, trapo, plásticos, cartón, madera, brochas, papel, cepillo, etc., impregnados con pinturas, grasas, aceites, hidrocarburos",0.08
Quintana Roo,Puerto Morelos,2024,Petrolífero,Gran Generador,Lodos,Lodos aceitosos,3.56
Quintana Roo,Puerto Morelos,2024,Petrolífero,Gran Generador,Residuos sólidos,"Estopa, trapo, plásticos, cartón, madera, brochas, papel, cepillo, etc., impregnados con pinturas, grasas, aceites, hidrocarburos",8.01
San Luis Potosí,Sin Dato,2017,Petroleo y petroquimica,Pequeno Generador,Biologico-infecciosos,Residuos no anatomicos,0.01
San Luis Potosí,Sin Dato,2017,Petrolero,Microgenerador,Aceites gastados,Lubricantes,0.2
San Luis Potosí,Sin Dato,2017,Petrolero,Microgenerador,Lodos,Lodos provenientes de tanques de almacenaniento,0.62
San Luis Potosí,Sin Dato,2017,Petrolero,Microgenerador,Lodos aceitosos,"Con contaminacion de hidrocarburos, combustibles, aceite",0.24
San Luis Potosí,Sin Dato,2017,Petrolero,Microgenerador,Lodos aceitosos,Lodos procedentes de trampas de grasas e hidrocarburos,0.03
San Luis Potosí,Sin Dato,2017,Petrolero,Microgenerador,Lodos aceitosos,Otros lodos,0.34
San Luis Potosí,Sin Dato,2017,Petrolero,Microgenerador,Material textil,"Telas, felpas, estopas",0.53
San Luis Potosí,Sin Dato,2017,Petrolero,Microgenerador,Residuos solidos,"Botes o recipientes que contuvieron contaminantes diversos, latas de pintura, aerosoles",0.35
San Luis Potosí,Sin Dato,2017,Petrolero,Microgenerador,Residuos solidos,"Estopa, trapo, plasticos, carton, madera, brochas, papel, cepillo, etc., impregnados con pinturas, grasas, aceites, hidrocarburos",0.47
San Luis Potosí,Sin Dato,2017,Petrolero,Microgenerador,Residuos solidos,Lampara fluorescentes,0.03
San Luis Potosí,Sin Dato,2017,Petrolero,Microgenerador,Residuos solidos,"Mangueras, pistolas o filtros para despacho de combustibles, descarga de contaminantes",0.04
San Luis Potosí,Sin Dato,2017,Petrolero,Microgenerador,Residuos solidos,No especificado,0.11
San Luis Potosí,Sin Dato,2017,Petrolero,Pequeno Generador,Aceites gastados,Hidraulicos,0.07
San Luis Potosí,Sin Dato,2017,Petrolero,Pequeno Generador,Aceites gastados,Lubricantes,2.19
San Luis Potosí,Sin Dato,2017,Petrolero,Pequeno Generador,Lodos,Lodos provenientes de tanques de almacenaniento,2.44
San Luis Potosí,Sin Dato,2017,Petrolero,Pequeno Generador,Lodos,Otros lodos,6
San Luis Potosí,Sin Dato,2017,Petrolero,Pequeno Generador,Lodos aceitosos,"Con contaminacion de hidrocarburos, combustibles, aceite",2.91
San Luis Potosí,Sin Dato,2017,Petrolero,Pequeno Generador,Lodos aceitosos,"Lodos residuales de proceso, de tratamiento de aguas residuales",0.4
San Luis Potosí,Sin Dato,2017,Petrolero,Pequeno Generador,Lodos aceitosos,Otros lodos,3.3
San Luis Potosí,Sin Dato,2017,Petrolero,Pequeno Generador,Material textil,"Telas, felpas, estopas",0.54
San Luis Potosí,Sin Dato,2017,Petrolero,Pequeno Generador,Residuos solidos,"Botes o recipientes que contuvieron contaminantes diversos, latas de pintura, aerosoles",3.15
San Luis Potosí,Sin Dato,2017,Petrolero,Pequeno Generador,Residuos solidos,De mantenimiento automotríz,0.22
San Luis Potosí,Sin Dato,2017,Petrolero,Pequeno Generador,Residuos solidos,"Estopa, trapo, plasticos, carton, madera, brochas, papel, cepillo, etc., impregnados con pinturas, grasas, aceites, hidrocarburos",3.42
San Luis Potosí,Sin Dato,2017,Petrolero,Pequeno Generador,Residuos solidos,Lampara fluorescentes,0.07
San Luis Potosí,Sin Dato,2017,Petrolero,Pequeno Generador,Residuos solidos,"Mangueras, pistolas o filtros para despacho de combustibles, descarga de contaminantes",0.09
San Luis Potosí,Sin Dato,2017,Petrolero,Pequeno Generador,Residuos solidos,No especificado,0.1
San Luis Potosí,Sin Dato,2017,Petroleo y petroquimica,Pequeno Generador,Aceites gastados,Lubricantes,0.5
San Luis Potosí,Sin Dato,2017,Petroleo y petroquimica,Pequeno Generador,Biologico-infecciosos,Objetos punzocortantes,0.01
San Luis Potosí,Sin Dato,2017,Petroleo y petroquimica,Pequeno Generador,Material textil,"Telas, felpas, estopas",2
San Luis Potosí,Sin Dato,2017,Petroleo y petroquimica,Pequeno Generador,Pinturas y productos relacionados,"Residuos de pinturas, pinturas caducadas",0.5
San Luis Potosí,Sin Dato,2017,Petroleo y petroquimica,Pequeno Generador,Residuos solidos,"Botes o recipientes que contuvieron contaminantes diversos, latas de pintura, aerosoles",1
San Luis Potosí,Sin Dato,2017,Petroleo y petroquimica,Pequeno Generador,Residuos solidos,"Estopa, trapo, plasticos, carton, madera, brochas, papel, cepillo, etc., impregnados con pinturas, grasas, aceites, hidrocarburos",4
San Luis Potosí,Sin Dato,2017,Petroleo y petroquimica,Pequeno Generador,Residuos solidos,Lampara fluorescentes,0.01
San Luis Potosí,Sin Dato,2017,Petroleo y petroquimica,Gran Generador,Aceites gastados,Lubricantes,1.59
San Luis Potosí,Sin Dato,2017,Petroleo y petroquimica,Gran Generador,"Baterias, celdas y pilas","Pilas, baterias, acumuladores, celdas de desecho: niquel-cadmio, plomo, mercurio",0.78
San Luis Potosí,Sin Dato,2017,Petroleo y petroquimica,Gran Generador,Lodos,"Lodos residuales de proceso, de tratamiento de aguas residuales",2.16
San Luis Potosí,Sin Dato,2017,Petroleo y petroquimica,Gran Generador,Lodos aceitosos,"Con contaminacion de hidrocarburos, combustibles, aceite",2.2
San Luis Potosí,Sin Dato,2017,Petroleo y petroquimica,Gran Generador,Pinturas y productos relacionados,"Residuos de pinturas, pinturas caducadas",0.15
San Luis Potosí,Sin Dato,2017,Petroleo y petroquimica,Gran Generador,Residuos solidos,Asbesto,2.49
San Luis Potosí,Sin Dato,2017,Petroleo y petroquimica,Gran Generador,Residuos solidos,"Estopa, trapo, plasticos, carton, madera, brochas, papel, cepillo, etc., impregnados con pinturas, grasas, aceites, hidrocarburos",0.3
San Luis Potosí,Sin Dato,2017,Petroleo y petroquimica,Gran Generador,Residuos solidos,Lampara fluorescentes,0.02
San Luis Potosí,Sin Dato,2017,Petroleo y petroquimica,Gran Generador,Residuos solidos,Otros solidos,1.3
San Luis Potosí,Sin Dato,2017,Petrolero,Pequeno Generador,Solventes,Solventes organicos usados,0.04
San Luis Potosí,Sin Dato,2018,Petrolifero,Microgenerador,Aceites gastados (Hidraulicos),Aceite gastado hidraulico,0.19
San Luis Potosí,Sin Dato,2018,Petrolifero,Microgenerador,Aceites gastados (Lubricantes),Aceites gastados lubricantes,1.33
San Luis Potosí,Sin Dato,2018,Petrolifero,Microgenerador,"Gasolina, Diesel y Naftas gastados o sucios","Gasolina, Diesel y Naftas gastados o sucios provenientes de Estaciones de Servicio y Talleres Automotrices",0.05
San Luis Potosí,Sin Dato,2018,Petrolifero,Microgenerador,Liquidos residuales de proceso no corrosivos,Agua con hidrocaruros,0.04
San Luis Potosí,Sin Dato,2018,Petrolifero,Microgenerador,Lodos Contaminados con Hidrocarburos,Lodos con aceite y restos de hidrocarburos,5.65
San Luis Potosí,Sin Dato,2018,Petrolifero,Microgenerador,Pilas o Baterias con Litio o Cadmio,Pilas Niquel-Cadmio,0.02
San Luis Potosí,Sin Dato,2018,Petrolifero,Microgenerador,Solidos contaminados con hidrocarburos diversos,"Filtros, mangueras, envases, botes, cubetas, contenedores, trapos, guantes, carton, aserrin, material absorbente,Estopas y trapos impregnados con combustible, Envases vacios impregnados de aceite",2.42
San Luis Potosí,Sin Dato,2018,Petrolifero,Pequeno generador,Aceites gastados (Hidraulicos),Aceite gastado hidraulico,0.58
San Luis Potosí,Sin Dato,2018,Petrolifero,Pequeno generador,Aceites gastados (Lubricantes),Aceites gastados lubricantes,1.66
San Luis Potosí,Sin Dato,2018,Petrolifero,Pequeno generador,Baterias alcalinas,Pilas alcalinas,0
San Luis Potosí,Sin Dato,2018,Petrolifero,Pequeno generador,Filtro de aire o aceite contaminados,Filtros de aire usados,0.32
San Luis Potosí,Sin Dato,2018,Petrolifero,Pequeno generador,Lamparas fluorescentes y de vapor de mercurio,Lamparas fluorescentes y de vapor de mercurio,0.09
San Luis Potosí,Sin Dato,2018,Petrolifero,Pequeno generador,Lodos Contaminados con Hidrocarburos,Lodos aceitosos,22.05
San Luis Potosí,Sin Dato,2018,Petrolifero,Pequeno generador,Pilas o Baterias con Litio o Cadmio,Pilas Niquel-Cadmio,0.05
San Luis Potosí,Sin Dato,2018,Petrolifero,Pequeno generador,Residuos de pinturas y esmaltes,Residuos de Pigmentos,0.01
San Luis Potosí,Sin Dato,2018,Petrolifero,Pequeno generador,Solidos contaminados con hidrocarburos diversos,"Filtros, mangueras, envases, botes, cubetas, contenedores, trapos, guantes, carton, aserrin, material absorbente,Estopas y trapos impregnados con combustible, Envases vacios impregnados de aceite",26.41
San Luis Potosí,Sin Dato,2018,Petrolifero,Pequeno generador,Solventes Gastados,Residuos de solventes,0.56
San Luis Potosí,Sin Dato,2018,Petrolero,Microgenerador,Aceites gastados,Aceites gastados hidraulicos,0.28
San Luis Potosí,Sin Dato,2018,Petrolero,Microgenerador,Solidos,Solidos de mantenimiento automotriz,0
San Luis Potosí,Sin Dato,2018,Petrolero,Microgenerador,Solidos,Solidos otros,0.01
San Luis Potosí,Sin Dato,2018,Petrolero,Gran generador,Aceites gastados,Aceites gastados otros,2
San Luis Potosí,Sin Dato,2018,Petrolero,Gran generador,Otros residuos peligrosos,Otros residuos peligrosos,7.03
San Luis Potosí,Sin Dato,2018,Petrolero,Gran generador,Solidos,Solidos otros,7.5
San Luis Potosí,Sin Dato,2018,Petrolero,Gran generador,Sustancias corrosivas,Sustancias corrosivas acidos,0.01
San Luis Potosí,Sin Dato,2018,Petrolero,Gran generador,Sustancias corrosivas,Sustancias corrosivas alcalis,0.01
San Luis Potosí,Sin Dato,2019,Petrolero,Microgenerador,Aceites gastados,hidraulicos,0
San Luis Potosí,Sin Dato,2019,Petrolero,Microgenerador,Residuos solidos,De mantenimiento automotríz,0
San Luis Potosí,Sin Dato,2019,Petrolero,Microgenerador,Residuos solidos,Otros solidos,0
San Luis Potosí,Sin Dato,2019,Petrolero,Gran Generador,Aceites gastados,Otros aceites,0
San Luis Potosí,Sin Dato,2019,Petrolero,Gran Generador,Otros,Otros residuos,0
San Luis Potosí,Sin Dato,2019,Petrolero,Gran Generador,Residuos solidos,Otros solidos,0
San Luis Potosí,Sin Dato,2019,Petrolero,Gran Generador,Sustancias corrosivas,Ácidos,0
San Luis Potosí,Sin Dato,2019,Petrolero,Gran Generador,Sustancias corrosivas,Alcalis,0
San Luis Potosí,Sin Dato,2019,Petrolero,Pequeno Generador,ACEITES GASTADOS,ACEITES GASTADOS hidraulicos,0.1
San Luis Potosí,Sin Dato,2019,Petrolero,Pequeno Generador,ACEITES GASTADOS,ACEITES GASTADOS LUBRICANTES,0.1
San Luis Potosí,Sin Dato,2019,Petrolero,Pequeno Generador,ACEITES GASTADOS,Otros,0.5
San Luis Potosí,Sin Dato,2019,Petrolero,Pequeno Generador,OTROS,OTROS (LÁMPARAS FLUORESCENTES),0.01
San Luis Potosí,Sin Dato,2019,Petrolero,Pequeno Generador,OTROS,OTROS (Liquidos DE PINTURA Y THINER),0.03
San Luis Potosí,Sin Dato,2019,Petrolero,Pequeno Generador,OTROS,OTROS (Liquidos CONDENSADOS DE GAS NATURAL),1
San Luis Potosí,Sin Dato,2019,Petrolero,Pequeno Generador,OTROS,OTROS (MEZCLA DE GLICOLES),0.05
San Luis Potosí,Sin Dato,2019,Petrolero,Pequeno Generador,OTROS,Otros residuos,1
San Luis Potosí,Sin Dato,2019,Petrolero,Pequeno Generador,OTROS,Otros residuos,0.5
San Luis Potosí,Sin Dato,2019,Petrolero,Pequeno Generador,solidos,"solidos OTROS (solidos CONTAMINADOS CON HIDROCARBUROS DIVERSOS (FILTROS, MANGUERAS, ENVASES, BOTES, CUBETAS, CONTENEDORES, TRAPOS, GUANTES, CARTÓN, ASERRÍN, MATERIAL ABSORBENTE))",0.51
San Luis Potosí,Sin Dato,2019,Petrolero,Pequeno Generador,solidos,solidos OTROS (solidos CONTAMINADOS CON ACETATO DE PLOMO),0.003
San Luis Potosí,Sin Dato,2019,Petrolero,Pequeno Generador,solidos,solidos OTROS (solidos CONTAMINADOS CON HIDROCARBUROS (POLVO NEGRO)),0.3
San Luis Potosí,Sin Dato,2019,Petrolero,Pequeno Generador,solidos,solidos CON METALES PESADOS,0.2
San Luis Potosí,Sin Dato,2019,Petrolero,Pequeno Generador,solidos,Otros,5.2
San Luis Potosí,Sin Dato,2019,Petrolero,Pequeno Generador,solidos,Otros,1
San Luis Potosí,Sin Dato,2019,Petrolero,Pequeno Generador,Lodos,Otros,1
San Luis Potosí,Sin Dato,2019,Petrolero,Gran Generador,ACEITES GASTADOS,ACEITES GASTADOS OTROS (ACEITE GASTADO),2
San Luis Potosí,Sin Dato,2019,Petrolero,Gran Generador,ACEITES GASTADOS,ACEITES GASTADOS LUBRICANTES,13.206
San Luis Potosí,Sin Dato,2019,Petrolero,Gran Generador,OTROS,OTROS (AGUA CONTAMINADA CON DIÉSEL Y/O GASOLINA),1
San Luis Potosí,Sin Dato,2019,Petrolero,Gran Generador,OTROS,OTROS (LÁMPARAS FLUORESCENTES),0.01
San Luis Potosí,Sin Dato,2019,Petrolero,Gran Generador,OTROS,OTROS (BALASTRAS),0.01
San Luis Potosí,Sin Dato,2019,Petrolero,Gran Generador,OTROS,OTROS (LATAS DE AEROSOL),0.01
San Luis Potosí,Sin Dato,2019,Petrolero,Gran Generador,OTROS,OTROS (DIÉSEL GASTADO O FUERA DE ESPECIFICACIÓN),3
San Luis Potosí,Sin Dato,2019,Petrolero,Gran Generador,OTROS,OTROS (GASOLINA GASTADA O FUERA DE ESPECIFICACIÓN),3
San Luis Potosí,Sin Dato,2019,Petrolero,Gran Generador,solidos,solidos OTROS (TIERRA CONTAMINADA CON DIESEL Y/ GASOLINA),1.5
San Luis Potosí,Sin Dato,2019,Petrolero,Gran Generador,solidos,"solidos OTROS (FILTROS DE LOCOMOTORA, TRAPOS, PLÁSTICO, MANGUERAS Y CARTÓN CONTAMINADO CON DIÉSEL Y/O GASOLINA)",2.5
San Luis Potosí,Sin Dato,2019,Petrolero,Gran Generador,solidos,solidos OTROS (BALASTO CONTAMINADO CON DIÉSEL Y/O GASOLINA),2
San Luis Potosí,Sin Dato,2019,Petrolero,Gran Generador,solidos,solidos OTROS (BOTELLAS DE VIDRIO CONTAMINADO CON DIÉSEL Y/O GASOLINA),1.5
San Luis Potosí,Sin Dato,2019,Petrolero,Gran Generador,solidos,solidos OTROS (FILTROS USADOS CONTAMINADOS CON ACEITE GASTADO),0.168
San Luis Potosí,Sin Dato,2019,Petrolero,Gran Generador,solidos,"solidos OTROS (solidos CONTAMINADOS CON ACEITE GASTADO (TRAPOS, ESPONJA, BASURA))",0.341
San Luis Potosí,Sin Dato,2019,Petrolero,Gran Generador,SUSTANCIAS CORROSIVAS,SUSTANCIAS CORROSIVAS ACIDOS,0.01
San Luis Potosí,Sin Dato,2019,Petrolero,Gran Generador,SUSTANCIAS CORROSIVAS,SUSTANCIAS CORROSIVAS ALCALIS,0.01
San Luis Potosí,Sin Dato,2019,Petrolifero,Microgenerador,Aceites gastados,hidraulicos,0
San Luis Potosí,Sin Dato,2019,Petrolifero,Microgenerador,Aceites gastados,Lubricantes,0.33
San Luis Potosí,Sin Dato,2019,Petrolifero,Microgenerador,"Baterias, celdas y pilas",Pilas o baterias de Niquel - Cadmio,0
San Luis Potosí,Sin Dato,2019,Petrolifero,Microgenerador,"Gasolina, diesel y naftas gastados o sucios provenientes de estaciónes de servicio y talleres automotrices","Gasolina, diesel y naftas gastados o sucios provenientes de estaciones de servicio y talleres automotrices",0
San Luis Potosí,Sin Dato,2019,Petrolifero,Microgenerador,Liquidos de proceso,Liquidos con residuos de hidrocarburos,0
San Luis Potosí,Sin Dato,2019,Petrolifero,Microgenerador,Lodos,Lodos aceitosos,0.57
San Luis Potosí,Sin Dato,2019,Petrolifero,Microgenerador,Residuos solidos,"Estopa, trapo, plásticos, cartón, madera, brochas, papel, cepillo, etc., impregnados con pinturas, grasas, aceites, hidrocarburos",0.63
San Luis Potosí,Sin Dato,2019,Petrolifero,Pequeno Generador,Aceites gastados,hidraulicos,0
San Luis Potosí,Sin Dato,2019,Petrolifero,Pequeno Generador,Aceites gastados,Lubricantes,0
San Luis Potosí,Sin Dato,2019,Petrolifero,Pequeno Generador,"Baterias, celdas y pilas",Pilas alcalinas,0
San Luis Potosí,Sin Dato,2019,Petrolifero,Pequeno Generador,"Baterias, celdas y pilas",Pilas o baterias de Niquel - Cadmio,0
San Luis Potosí,Sin Dato,2019,Petrolifero,Pequeno Generador,Lodos,Lodos aceitosos,0.47
San Luis Potosí,Sin Dato,2019,Petrolifero,Pequeno Generador,Pinturas y productos relacionados,Otros residuos,0
San Luis Potosí,Sin Dato,2019,Petrolifero,Pequeno Generador,Residuos solidos,"Estopa, trapo, plásticos, cartón, madera, brochas, papel, cepillo, etc., impregnados con pinturas, grasas, aceites, hidrocarburos",2.6645
San Luis Potosí,Sin Dato,2019,Petrolifero,Pequeno Generador,Residuos solidos,Filtro de aire o de aceite contaminados,0
San Luis Potosí,Sin Dato,2019,Petrolifero,Pequeno Generador,Residuos solidos,Lámpara fluorescentes,0
San Luis Potosí,Sin Dato,2019,Petrolifero,Pequeno Generador,Solventes,Residuos de solventes,0
San Luis Potosí,Sin Dato,2020,Petrolero,Pequeno Generador,Aceites gastados,Aceites gastados lubricantes,0.2
San Luis Potosí,Sin Dato,2020,Petrolero,Pequeno Generador,Aceites gastados,ACEITES GASTADOS OTROS,0.05
San Luis Potosí,Sin Dato,2020,Petrolero,Pequeno Generador,OTROS,"ENVASES VACÍOS (ACEITE, PINTURA, REFRIGERANTE)",0.1
San Luis Potosí,Sin Dato,2020,Petrolero,Pequeno Generador,SÓLIDOS,SÓLIDOS CON METALES PESADOS,0.01
San Luis Potosí,Sin Dato,2020,Petrolero,Pequeno Generador,SÓLIDOS,SÓLIDOS OTROS,0.2
San Luis Potosí,Sin Dato,2020,Petrolifero,Microgenerador,Aceites hidraúlicos,Aceites gastados hidráulicos,0.031
San Luis Potosí,Sin Dato,2020,Petrolifero,Microgenerador,Aceites lubricantes,Aceites gastados lubricantes,1.0261
San Luis Potosí,Sin Dato,2020,Petrolifero,Microgenerador,Lámparas fluorescentes y de vapor de mercurio,Lámparas fluorescentes y de vapor de mercurio,0.0048
San Luis Potosí,Sin Dato,2020,Petrolifero,Microgenerador,Lodos,Lodos aceitosos,4.8028
San Luis Potosí,Sin Dato,2020,Petrolifero,Microgenerador,Residuos sólidos,"Estopa, trapo, plásticos, cartón, madera, brochas, papel, cepillo, etc., impregnados con pinturas, grasas, aceites, hidrocarburos",0.09608
San Luis Potosí,Sin Dato,2020,Petrolifero,Pequeno Generador,Aceites hidraúlicos,Aceites gastados hidráulicos,0.004
San Luis Potosí,Sin Dato,2020,Petrolifero,Pequeno Generador,Aceites lubricantes,Aceites gastados lubricantes,1.9852
San Luis Potosí,Sin Dato,2020,Petrolifero,Pequeno Generador,"Baterias, pilas y balastras","Baterias, pilas y balastras",0.006
San Luis Potosí,Sin Dato,2020,Petrolifero,Pequeno Generador,Lámparas fluorescentes y de vapor de mercurio,Lámparas fluorescentes y de vapor de mercurio,0.002
San Luis Potosí,Sin Dato,2020,Petrolifero,Pequeno Generador,Lodos,Lodos aceitosos,3.8756
San Luis Potosí,Sin Dato,2020,Petrolifero,Pequeno Generador,Residuos sólidos,"Estopa, trapo, plásticos, cartón, madera, brochas, papel, cepillo, etc., impregnados con pinturas, grasas, aceites, hidrocarburos",2.235
San Luis Potosí,Sin Dato,2020,Petrolifero,Pequeno Generador,Solventes,Solventes,0.078
San Luis Potosí,Sin Dato,2021,Petrolero,Pequeno Generador,Aceites gastados,Lubricantes,0.2
San Luis Potosí,Sin Dato,2021,Petrolero,Pequeno Generador,Aceites gastados,Otros aceites,0.05
San Luis Potosí,Sin Dato,2021,Petrolero,Pequeno Generador,Residuos solidos,"Botes o recipientes que contuvieron contaminantes diversos, latas de pintura, aerosoles",0.1
San Luis Potosí,Sin Dato,2021,Petrolero,Pequeno Generador,Residuos solidos,Con metales pesados,0.01
San Luis Potosí,Sin Dato,2021,Petrolero,Pequeno Generador,Residuos solidos,Otros solidos,0.2
San Luis Potosí,Sin Dato,2021,Petrolifero,Microgenerador,Aceites gastados,hidraulicos,0.03
San Luis Potosí,Sin Dato,2021,Petrolifero,Microgenerador,Aceites gastados,Lubricantes,1.03
San Luis Potosí,Sin Dato,2021,Petrolifero,Microgenerador,Residuos solidos,"Estopa, trapo, plásticos, cartón, madera, brochas, papel, cepillo, etc., impregnados con pinturas, grasas, aceites, hidrocarburos",0.1
San Luis Potosí,Sin Dato,2021,Petrolifero,Microgenerador,Residuos solidos,"Lámparas fluorescentes, lámparas de vapor de mercurio",0
San Luis Potosí,Sin Dato,2021,Petrolifero,Microgenerador,Lodos,Lodos aceitosos,4.8
San Luis Potosí,Sin Dato,2021,Petrolifero,Pequeno Generador,Aceites gastados,hidraulicos,0
San Luis Potosí,Sin Dato,2021,Petrolifero,Pequeno Generador,Aceites gastados,Lubricantes,1.99
San Luis Potosí,Sin Dato,2021,Petrolifero,Pequeno Generador,"baterias, celdas y pilas","Baterias, pilas y balastras",0.01
San Luis Potosí,Sin Dato,2021,Petrolifero,Pequeno Generador,Residuos solidos,"Estopa, trapo, plásticos, cartón, madera, brochas, papel, cepillo, etc., impregnados con pinturas, grasas, aceites, hidrocarburos",2.24
San Luis Potosí,Sin Dato,2021,Petrolifero,Pequeno Generador,Residuos solidos,"Lámparas fluorescentes, lámparas de vapor de mercurio",0
San Luis Potosí,Sin Dato,2021,Petrolifero,Pequeno Generador,Solventes,Solventes orgánicos usados,0.08
San Luis Potosí,Sin Dato,2021,Petrolifero,Pequeno Generador,Lodos,Lodos aceitosos,3.88
San Luis Potosí,Cerritos,2022,Petrolífero,Microgenerador,"Gasolina, diésel y naftas gastados o sucios provenientes de estaciones de servicio y talleres automotrices","Gasolina, diesel y naftas gastados o sucios",0.2
San Luis Potosí,Cerritos,2022,Petrolífero,Microgenerador,Lodos,Lodos aceitosos,0.4
San Luis Potosí,Cerritos,2022,Petrolífero,Microgenerador,Residuos sólidos,"Estopa, trapo, plásticos, cartón, madera, brochas, papel, cepillo, etc., impregnados con pinturas, grasas, aceites, hidrocarburos",0.2
San Luis Potosí,Ciudad Fernández,2022,Petrolífero,Pequeño Generador,Lodos,Lodos aceitosos,0.3
San Luis Potosí,Ciudad Fernández,2022,Petrolífero,Pequeño Generador,Residuos sólidos,"Estopa, trapo, plásticos, cartón, madera, brochas, papel, cepillo, etc., impregnados con pinturas, grasas, aceites, hidrocarburos",0.18
San Luis Potosí,Ciudad Valles,2022,Petrolífero,Microgenerador,Aceites gastados,Lubricantes,0.02
San Luis Potosí,Ciudad Valles,2022,Petrolífero,Microgenerador,Lodos,Lodos aceitosos,0.45
San Luis Potosí,Ciudad Valles,2022,Petrolífero,Microgenerador,Residuos sólidos,"Estopa, trapo, plásticos, cartón, madera, brochas, papel, cepillo, etc., impregnados con pinturas, grasas, aceites, hidrocarburos",0
San Luis Potosí,Ciudad Valles,2022,Petrolífero,Microgenerador,Residuos sólidos,"Lámparas fluorescentes, lámparas de vapor de mercurio",0.02
San Luis Potosí,Matehuala,2022,Petrolífero,Microgenerador,Aceites gastados,Lubricantes,0.01
San Luis Potosí,Matehuala,2022,Petrolífero,Microgenerador,Residuos sólidos,"Estopa, trapo, plásticos, cartón, madera, brochas, papel, cepillo, etc., impregnados con pinturas, grasas, aceites, hidrocarburos",0.03
San Luis Potosí,Matehuala,2022,Petrolífero,Microgenerador,Residuos sólidos,"Lámparas fluorescentes, lámparas de vapor de mercurio",0.01
San Luis Potosí,San Luis Potosí,2022,Petrolífero,Microgenerador,Lodos,Lodos aceitosos,0.35
San Luis Potosí,San Luis Potosí,2022,Petrolífero,Microgenerador,Residuos sólidos,"Estopa, trapo, plásticos, cartón, madera, brochas, papel, cepillo, etc., impregnados con pinturas, grasas, aceites, hidrocarburos",0.07
San Luis Potosí,San Luis Potosí,2022,Petrolífero,Pequeño Generador,Aceites gastados,Lubricantes,0.25
San Luis Potosí,San Luis Potosí,2022,Petrolífero,Pequeño Generador,Agua contaminada,"Agua contaminada con hidrocarburos, combustibles, aceite o grasa",0.05
San Luis Potosí,San Luis Potosí,2022,Petrolífero,Pequeño Generador,Lodos,Lodos aceitosos,0.5
San Luis Potosí,San Luis Potosí,2022,Petrolífero,Pequeño Generador,Residuos sólidos,"Estopa, trapo, plásticos, cartón, madera, brochas, papel, cepillo, etc., impregnados con pinturas, grasas, aceites, hidrocarburos",0.3
San Luis Potosí,Villa de Reyes,2022,Petrolífero,Microgenerador,Aceites gastados,Lubricantes,0.29
San Luis Potosí,Villa de Reyes,2022,Petrolífero,Microgenerador,Lodos,Lodos aceitosos,0.22
San Luis Potosí,Villa de Reyes,2022,Petrolífero,Microgenerador,Residuos sólidos,"Estopa, trapo, plásticos, cartón, madera, brochas, papel, cepillo, etc., impregnados con pinturas, grasas, aceites, hidrocarburos",0.19
San Luis Potosí,Aquismón,2023,Petrolífero,Microgenerador,Lodos,Lodos aceitosos,0.17
San Luis Potosí,Aquismón,2023,Petrolífero,Microgenerador,Residuos sólidos,"Estopa, trapo, plásticos, cartón, madera, brochas, papel, cepillo, etc., impregnados con pinturas, grasas, aceites, hidrocarburos",0.04
San Luis Potosí,San Luis Potosí,2023,Petrolífero,Microgenerador,Aceites gastados,Lubricantes,0.16
San Luis Potosí,San Luis Potosí,2023,Petrolífero,Microgenerador,Lodos,Lodos aceitosos,0.04
San Luis Potosí,San Luis Potosí,2023,Petrolífero,Microgenerador,Residuos sólidos,"Estopa, trapo, plásticos, cartón, madera, brochas, papel, cepillo, etc., impregnados con pinturas, grasas, aceites, hidrocarburos",0.01
San Luis Potosí,San Luis Potosí,2023,Petrolífero,Pequeño Generador,Aceites gastados,Lubricantes,0.07
San Luis Potosí,San Luis Potosí,2023,Petrolífero,Pequeño Generador,Lodos,Lodos aceitosos,2.86
San Luis Potosí,San Luis Potosí,2023,Petrolífero,Pequeño Generador,Residuos sólidos,"Estopa, trapo, plásticos, cartón, madera, brochas, papel, cepillo, etc., impregnados con pinturas, grasas, aceites, hidrocarburos",0.45
San Luis Potosí,San Luis Potosí,2023,Petrolífero,Pequeño Generador,Residuos sólidos,"Lámparas fluorescentes, lámparas de vapor de mercurio",0
San Luis Potosí,Soledad de Graciano Sánchez,2023,Petrolífero,Microgenerador,Lodos,Lodos aceitosos,0.05
San Luis Potosí,Soledad de Graciano Sánchez,2023,Petrolífero,Microgenerador,Residuos sólidos,"Estopa, trapo, plásticos, cartón, madera, brochas, papel, cepillo, etc., impregnados con pinturas, grasas, aceites, hidrocarburos",0.27
San Luis Potosí,Ciudad Valles,2024,Petrolífero,Pequeño Generador,Aceites gastados,Hidráulicos,0.11
San Luis Potosí,Ciudad Valles,2024,Petrolífero,Pequeño Generador,Aceites gastados,Lubricantes,0.07
San Luis Potosí,Ciudad Valles,2024,Petrolífero,Pequeño Generador,"Baterías, celdas, pilas, balastras","Baterias, pilas, acumuladores, balastras",0.05
San Luis Potosí,Ciudad Valles,2024,Petrolífero,Pequeño Generador,Lodos,Lodos aceitosos,2.86
San Luis Potosí,Ciudad Valles,2024,Petrolífero,Pequeño Generador,Residuos sólidos,"Estopa, trapo, plásticos, cartón, madera, brochas, papel, cepillo, etc., impregnados con pinturas, grasas, aceites, hidrocarburos",0.05
San Luis Potosí,Ciudad Valles,2024,Petrolífero,Pequeño Generador,Residuos sólidos,"Lámparas fluorescentes, lámparas de vapor de mercurio",0
San Luis Potosí,Ebano,2024,Petrolífero,Microgenerador,Aceites gastados,Lubricantes,0.11
San Luis Potosí,Ebano,2024,Petrolífero,Microgenerador,Lodos,Lodos aceitosos,0.19
San Luis Potosí,Ebano,2024,Petrolífero,Microgenerador,Residuos sólidos,"Estopa, trapo, plásticos, cartón, madera, brochas, papel, cepillo, etc., impregnados con pinturas, grasas, aceites, hidrocarburos",0.09
San Luis Potosí,Rayón,2024,Petrolífero,Microgenerador,Residuos sólidos,"Estopa, trapo, plásticos, cartón, madera, brochas, papel, cepillo, etc., impregnados con pinturas, grasas, aceites, hidrocarburos",0.16
San Luis Potosí,Rioverde,2024,Petrolífero,Microgenerador,Lodos,Lodos aceitosos,0.16
San Luis Potosí,Rioverde,2024,Petrolífero,Pequeño Generador,Lodos,Lodos aceitosos,0.84
San Luis Potosí,Rioverde,2024,Petrolífero,Pequeño Generador,Residuos sólidos,"Estopa, trapo, plásticos, cartón, madera, brochas, papel, cepillo, etc., impregnados con pinturas, grasas, aceites, hidrocarburos",0.24
San Luis Potosí,San Luis Potosí,2024,Petrolero,Pequeño Generador,Aceites gastados,Lubricantes,0.45
San Luis Potosí,San Luis Potosí,2024,Petrolero,Pequeño Generador,Otros,Otros residuos,0.8
San Luis Potosí,San Luis Potosí,2024,Petrolero,Pequeño Generador,Otros,Otros residuos,0.9
San Luis Potosí,San Luis Potosí,2024,Petrolero,Pequeño Generador,Residuos sólidos,Otros sólidos,0.81
San Luis Potosí,San Luis Potosí,2024,Petrolero,Pequeño Generador,Residuos sólidos,Otros sólidos,0.5
San Luis Potosí,San Luis Potosí,2024,Petrolero,Pequeño Generador,Solventes,Orgánicos,0.15
San Luis Potosí,San Luis Potosí,2024,Petrolífero,Microgenerador,Aceites gastados,Hidráulicos,0.48
San Luis Potosí,San Luis Potosí,2024,Petrolífero,Microgenerador,Gasolina y otros combustibles,"Gasolina, diesel y naftas gastados o sucios",0.18
San Luis Potosí,San Luis Potosí,2024,Petrolífero,Microgenerador,Lodos,Lodos aceitosos,0.06
San Luis Potosí,San Luis Potosí,2024,Petrolífero,Microgenerador,Residuos sólidos,"Estopa, trapo, plásticos, cartón, madera, brochas, papel, cepillo, etc., impregnados con pinturas, grasas, aceites, hidrocarburos",0.09
San Luis Potosí,San Luis Potosí,2024,Petrolífero,Pequeño Generador,Aceites gastados,Lubricantes,0.57
San Luis Potosí,San Luis Potosí,2024,Petrolífero,Pequeño Generador,Agua contaminada,"Agua contaminada con hidrocarburos, combustibles, aceite o grasa",1
San Luis Potosí,San Luis Potosí,2024,Petrolífero,Pequeño Generador,"Baterías, celdas, pilas, balastras","Baterias, pilas, acumuladores, balastras",0.05
San Luis Potosí,San Luis Potosí,2024,Petrolífero,Pequeño Generador,Lodos,Lodos aceitosos,4.06
San Luis Potosí,San Luis Potosí,2024,Petrolífero,Pequeño Generador,Residuos sólidos,"Estopa, trapo, plásticos, cartón, madera, brochas, papel, cepillo, etc., impregnados con pinturas, grasas, aceites, hidrocarburos",4.31
San Luis Potosí,San Luis Potosí,2024,Petrolífero,Pequeño Generador,Residuos sólidos,"Lámparas fluorescentes, lámparas de vapor de mercurio",0.2
San Luis Potosí,San Luis Potosí,2024,Petrolífero,Pequeño Generador,Solventes,Residuos de solventes,0.2
San Luis Potosí,Santa María del Río,2024,Petrolífero,Microgenerador,Lodos,Lodos aceitosos,0.06
San Luis Potosí,Santa María del Río,2024,Petrolífero,Microgenerador,Residuos sólidos,"Estopa, trapo, plásticos, cartón, madera, brochas, papel, cepillo, etc., impregnados con pinturas, grasas, aceites, hidrocarburos",0.02
San Luis Potosí,Santo Domingo,2024,Petrolífero,Microgenerador,Aceites gastados,Lubricantes,0.03
San Luis Potosí,Santo Domingo,2024,Petrolífero,Microgenerador,Lodos,Lodos aceitosos,0.28
San Luis Potosí,Soledad de Graciano Sánchez,2024,Petrolífero,Microgenerador,Aceites gastados,Hidráulicos,0.26
San Luis Potosí,Soledad de Graciano Sánchez,2024,Petrolífero,Microgenerador,Gasolina y otros combustibles,"Gasolina, diesel y naftas gastados o sucios",0.06
San Luis Potosí,Soledad de Graciano Sánchez,2024,Petrolífero,Microgenerador,Lodos,Lodos aceitosos,0.02
San Luis Potosí,Soledad de Graciano Sánchez,2024,Petrolífero,Microgenerador,Residuos sólidos,"Estopa, trapo, plásticos, cartón, madera, brochas, papel, cepillo, etc., impregnados con pinturas, grasas, aceites, hidrocarburos",0.07
San Luis Potosí,Soledad de Graciano Sánchez,2024,Petrolífero,Pequeño Generador,Aceites gastados,Hidráulicos,0.03
San Luis Potosí,Soledad de Graciano Sánchez,2024,Petrolífero,Pequeño Generador,Aceites gastados,Lubricantes,1.15
San Luis Potosí,Soledad de Graciano Sánchez,2024,Petrolífero,Pequeño Generador,Agua contaminada,"Agua contaminada con hidrocarburos, combustibles, aceite o grasa",0.6
San Luis Potosí,Soledad de Graciano Sánchez,2024,Petrolífero,Pequeño Generador,"Baterías, celdas, pilas, balastras","Baterias, pilas, acumuladores, balastras",0.05
San Luis Potosí,Soledad de Graciano Sánchez,2024,Petrolífero,Pequeño Generador,Lodos,Lodos aceitosos,3.27
San Luis Potosí,Soledad de Graciano Sánchez,2024,Petrolífero,Pequeño Generador,Residuos sólidos,"Estopa, trapo, plásticos, cartón, madera, brochas, papel, cepillo, etc., impregnados con pinturas, grasas, aceites, hidrocarburos",1.3
San Luis Potosí,Soledad de Graciano Sánchez,2024,Petrolífero,Pequeño Generador,Residuos sólidos,"Lámparas fluorescentes, lámparas de vapor de mercurio",0
San Luis Potosí,Villa de Arriaga,2024,Petrolífero,Microgenerador,Lodos,Lodos aceitosos,0.1
San Luis Potosí,Villa de Arriaga,2024,Petrolífero,Microgenerador,Residuos sólidos,"Estopa, trapo, plásticos, cartón, madera, brochas, papel, cepillo, etc., impregnados con pinturas, grasas, aceites, hidrocarburos",0.03
San Luis Potosí,Xilitla,2024,Petrolífero,Pequeño Generador,Lodos,Lodos aceitosos,0.26
San Luis Potosí,Xilitla,2024,Petrolífero,Pequeño Generador,Residuos sólidos,"Estopa, trapo, plásticos, cartón, madera, brochas, papel, cepillo, etc., impregnados con pinturas, grasas, aceites, hidrocarburos",0.41
San Luis Potosí,Xilitla,2024,Petrolífero,Pequeño Generador,Residuos sólidos,"Lámparas fluorescentes, lámparas de vapor de mercurio",0.12
Sinaloa,Sin Dato,2017,Petrolero,Microgenerador,Aceites gastados,Hidraulicos,0.05
Sinaloa,Sin Dato,2017,Petrolero,Microgenerador,Aceites gastados,Lubricantes,0.56
Sinaloa,Sin Dato,2017,Petrolero,Microgenerador,"Gasolina, diesel y naftas gastados o sucios provenientes de estaciónes de servicio y talleres automotrices","Gasolina, diesel y naftas gastados o sucios provenientes de estaciones de servicio y talleres automotrices",0.27
Sinaloa,Sin Dato,2017,Petrolero,Microgenerador,Liquidos de proceso,"Agua contaminada con hidrocarburos, combustibles, aceite o grasa",0.24
Sinaloa,Sin Dato,2017,Petrolero,Microgenerador,Lodos,Lodos procedentes de trampas de grasas e hidrocarburos,0.37
Sinaloa,Sin Dato,2017,Petrolero,Microgenerador,Lodos,Lodos provenientes de tanques de almacenaniento,0.1
Sinaloa,Sin Dato,2017,Petrolero,Microgenerador,Lodos aceitosos,Lodos procedentes de trampas de grasas e hidrocarburos,0.34
Sinaloa,Sin Dato,2017,Petrolero,Microgenerador,Lodos aceitosos,Otros lodos,0.66
Sinaloa,Sin Dato,2017,Petrolero,Microgenerador,Pinturas y productos relacionados,"Residuos de pinturas, pinturas caducadas",0.04
Sinaloa,Sin Dato,2017,Petrolero,Microgenerador,Residuos solidos,"Botes o recipientes que contuvieron contaminantes diversos, latas de pintura, aerosoles",0.08
Sinaloa,Sin Dato,2017,Petrolero,Microgenerador,Residuos solidos,De mantenimiento automotríz,0.08
Sinaloa,Sin Dato,2017,Petrolero,Microgenerador,Residuos solidos,"Estopa, trapo, plasticos, carton, madera, brochas, papel, cepillo, etc., impregnados con pinturas, grasas, aceites, hidrocarburos",2.59
Sinaloa,Sin Dato,2017,Petrolero,Pequeno Generador,Aceites gastados,Hidraulicos,0.53
Sinaloa,Sin Dato,2017,Petrolero,Pequeno Generador,Aceites gastados,Lubricantes,2.33
Sinaloa,Sin Dato,2017,Petrolero,Pequeno Generador,"Gasolina, diesel y naftas gastados o sucios provenientes de estaciónes de servicio y talleres automotrices","Mezclas de combustibles sucios, mezclas de hidrocarburos, naftas",0.14
Sinaloa,Sin Dato,2017,Petrolero,Pequeno Generador,Liquidos de proceso,"Agua contaminada con hidrocarburos, combustibles, aceite o grasa",0.13
Sinaloa,Sin Dato,2017,Petrolero,Pequeno Generador,Lodos,Lodos provenientes de tanques de almacenaniento,0.52
Sinaloa,Sin Dato,2017,Petrolero,Pequeno Generador,Lodos aceitosos,"Con contaminacion de hidrocarburos, combustibles, aceite",0.28
Sinaloa,Sin Dato,2017,Petrolero,Pequeno Generador,Lodos aceitosos,Otros lodos,7.5
Sinaloa,Sin Dato,2017,Petrolero,Pequeno Generador,Pinturas y productos relacionados,"Residuos de pinturas, pinturas caducadas",0.42
Sinaloa,Sin Dato,2017,Petrolero,Pequeno Generador,Residuos solidos,"Botes o recipientes que contuvieron contaminantes diversos, latas de pintura, aerosoles",1.65
Sinaloa,Sin Dato,2017,Petrolero,Pequeno Generador,Residuos solidos,De mantenimiento automotríz,0.4
Sinaloa,Sin Dato,2017,Petrolero,Pequeno Generador,Residuos solidos,"Estopa, trapo, plasticos, carton, madera, brochas, papel, cepillo, etc., impregnados con pinturas, grasas, aceites, hidrocarburos",0.82
Sinaloa,Sin Dato,2017,Petrolero,Pequeno Generador,Residuos solidos,"Mangueras, pistolas o filtros para despacho de combustibles, descarga de contaminantes",0.24
Sinaloa,Sin Dato,2017,Petroleo y petroquimica,Pequeno Generador,Aceites gastados,Hidraulicos,0.05
Sinaloa,Sin Dato,2017,Petroleo y petroquimica,Pequeno Generador,Aceites gastados,Lubricantes,4
Sinaloa,Sin Dato,2017,Petroleo y petroquimica,Pequeno Generador,"Baterias, celdas y pilas","Pilas, baterias, acumuladores, celdas de desecho: niquel-cadmio, plomo, mercurio",0.98
Sinaloa,Sin Dato,2017,Petroleo y petroquimica,Pequeno Generador,Lodos aceitosos,"Con contaminacion de hidrocarburos, combustibles, aceite",8
Sinaloa,Sin Dato,2017,Petroleo y petroquimica,Pequeno Generador,Residuos solidos,"Botes o recipientes que contuvieron contaminantes diversos, latas de pintura, aerosoles",2
Sinaloa,Sin Dato,2017,Petroleo y petroquimica,Pequeno Generador,Residuos solidos,"Estopa, trapo, plasticos, carton, madera, brochas, papel, cepillo, etc., impregnados con pinturas, grasas, aceites, hidrocarburos",2.56
Sinaloa,Sin Dato,2017,Petroleo y petroquimica,Pequeno Generador,Residuos solidos,Lampara fluorescentes,0.1
Sinaloa,Sin Dato,2017,Petroleo y petroquimica,Pequeno Generador,Residuos solidos,Otros solidos,2
Sinaloa,Sin Dato,2018,Petrolifero,Microgenerador,Aceites gastados (Hidraulicos),Aceite gastado hidraulico,1.3
Sinaloa,Sin Dato,2018,Petrolifero,Microgenerador,Aceites gastados (Lubricantes),Aceites gastados lubricantes,1.46
Sinaloa,Sin Dato,2018,Petrolifero,Microgenerador,Baterias alcalinas,Pilas alcalinas,0.01
Sinaloa,Sin Dato,2018,Petrolifero,Microgenerador,Filtro de aire o aceite contaminados,Filtros de aire usados,0
Sinaloa,Sin Dato,2018,Petrolifero,Microgenerador,Lamparas fluorescentes y de vapor de mercurio,Lamparas fluorescentes y de vapor de mercurio,0.06
Sinaloa,Sin Dato,2018,Petrolifero,Microgenerador,Liquidos residuales de proceso no corrosivos,Agua con hidrocaruros,1.07
Sinaloa,Sin Dato,2018,Petrolifero,Microgenerador,Pilas o Baterias con Litio o Cadmio,Pilas Niquel-Cadmio,0.05
Sinaloa,Sin Dato,2018,Petrolifero,Microgenerador,Solidos contaminados con hidrocarburos diversos,"Filtros, mangueras, envases, botes, cubetas, contenedores, trapos, guantes, carton, aserrin, material absorbente,Estopas y trapos impregnados con combustible, Envases vacios impregnados de aceite",2
Sinaloa,Sin Dato,2018,Petrolifero,Pequeno generador,Residuos de pinturas y esmaltes,Felpas impregnadas de Pigmentos,0.01
Sinaloa,Sin Dato,2018,Petrolifero,Pequeno generador,Aceites gastados (Lubricantes),Aceites gastados lubricantes,0.56
Sinaloa,Sin Dato,2018,Petrolifero,Pequeno generador,Baterias alcalinas,Pilas alcalinas,0.09
Sinaloa,Sin Dato,2018,Petrolifero,Pequeno generador,Filtro de aire o aceite contaminados,Filtros de aire usados,0.13
Sinaloa,Sin Dato,2018,Petrolifero,Pequeno generador,Lamparas fluorescentes y de vapor de mercurio,Lamparas fluorescentes y de vapor de mercurio,0.15
Sinaloa,Sin Dato,2018,Petrolifero,Pequeno generador,Liquidos residuales de proceso no corrosivos,Agua con hidrocaruros,4.49
Sinaloa,Sin Dato,2018,Petrolifero,Pequeno generador,Lodos Contaminados con Hidrocarburos,Lodos aceitosos,3.34
Sinaloa,Sin Dato,2018,Petrolifero,Pequeno generador,Pilas o Baterias con Litio o Cadmio,Pilas Niquel-Cadmio,0.08
Sinaloa,Sin Dato,2018,Petrolifero,Pequeno generador,Solidos contaminados con hidrocarburos diversos,"Filtros, mangueras, envases, botes, cubetas, contenedores, trapos, guantes, carton, aserrin, material absorbente,Estopas y trapos impregnados con combustible, Envases vacios impregnados de aceite",1.88
Sinaloa,Sin Dato,2018,Petrolifero,Microgenerador,Botes de Presurizados,Envases de aerosol,0.01
Sinaloa,Sin Dato,2018,Petrolifero,Microgenerador,Lodos Contaminados con Hidrocarburos,Lodos con aceite y restos de hidrocarburos,18.29
Sinaloa,Sin Dato,2018,Petrolifero,Microgenerador,Residuos de pinturas y esmaltes,Nata de Pintura,0.01
Sinaloa,Sin Dato,2018,Petrolero,Pequeno generador,Aceites gastados,Aceites gastados dielectricos,0.2
Sinaloa,Sin Dato,2018,Petrolero,Pequeno generador,Aceites gastados,Aceites gastados hidraulicos,0.2
Sinaloa,Sin Dato,2018,Petrolero,Pequeno generador,Aceites gastados,Aceites gastados lubricantes,0.2
Sinaloa,Sin Dato,2018,Petrolero,Pequeno generador,Solidos,Solidos con metales pesados,0.15
Sinaloa,Sin Dato,2018,Petrolero,Pequeno generador,Solidos,Solidos otros,2.75
Sinaloa,Sin Dato,2019,Petrolero,Pequeno Generador,Aceites gastados,hidraulicos,0
Sinaloa,Sin Dato,2019,Petrolero,Pequeno Generador,Aceites gastados,Lubricantes,0
Sinaloa,Sin Dato,2019,Petrolero,Pequeno Generador,Residuos solidos,Con metales pesados,0
Sinaloa,Sin Dato,2019,Petrolero,Pequeno Generador,Residuos solidos,Otros solidos,0
Sinaloa,Sin Dato,2019,Petrolifero,Microgenerador,Aceites gastados,hidraulicos,0.025
Sinaloa,Sin Dato,2019,Petrolifero,Microgenerador,Aceites gastados,Lubricantes,0.025
Sinaloa,Sin Dato,2019,Petrolifero,Microgenerador,"Baterias, celdas y pilas",Pilas alcalinas,0
Sinaloa,Sin Dato,2019,Petrolifero,Microgenerador,"Baterias, celdas y pilas",Pilas o baterias de Niquel - Cadmio,0
Sinaloa,Sin Dato,2019,Petrolifero,Microgenerador,Liquidos de proceso,Liquidos con residuos de hidrocarburos,0
Sinaloa,Sin Dato,2019,Petrolifero,Microgenerador,Lodos,Lodos aceitosos,0.4
Sinaloa,Sin Dato,2019,Petrolifero,Microgenerador,Pinturas y productos relacionados,"Residuos de pinturas, pinturas caducadas",0
Sinaloa,Sin Dato,2019,Petrolifero,Microgenerador,Residuos solidos,"Botes o recipientes que contuvieron contaminantes diversos, latas de pintura, aerosoles",0
Sinaloa,Sin Dato,2019,Petrolifero,Microgenerador,Residuos solidos,"Estopa, trapo, plásticos, cartón, madera, brochas, papel, cepillo, etc., impregnados con pinturas, grasas, aceites, hidrocarburos",0.05
Sinaloa,Sin Dato,2019,Petrolifero,Microgenerador,Residuos solidos,Filtro de aire o de aceite contaminados,0
Sinaloa,Sin Dato,2019,Petrolifero,Microgenerador,Residuos solidos,Lámpara fluorescentes,0
Sinaloa,Sin Dato,2019,Petrolifero,Pequeno Generador,Aceites gastados,Lubricantes,0
Sinaloa,Sin Dato,2019,Petrolifero,Pequeno Generador,"Baterias, celdas y pilas",Pilas alcalinas,0
Sinaloa,Sin Dato,2019,Petrolifero,Pequeno Generador,"Baterias, celdas y pilas",Pilas o baterias de Niquel - Cadmio,0
Sinaloa,Sin Dato,2019,Petrolifero,Pequeno Generador,Liquidos de proceso,Liquidos con residuos de hidrocarburos,0
Sinaloa,Sin Dato,2019,Petrolifero,Pequeno Generador,Lodos,Lodos aceitosos,0
Sinaloa,Sin Dato,2019,Petrolifero,Pequeno Generador,Pinturas y productos relacionados,"Estopa, trapo, plásticos, cartón, madera, brochas, papel, cepillo, etc., impregnados con pinturas, grasas, aceites, hidrocarburos",0
Sinaloa,Sin Dato,2019,Petrolifero,Pequeno Generador,Residuos solidos,"Estopa, trapo, plásticos, cartón, madera, brochas, papel, cepillo, etc., impregnados con pinturas, grasas, aceites, hidrocarburos",0
Sinaloa,Sin Dato,2019,Petrolifero,Pequeno Generador,Residuos solidos,Filtro de aire o de aceite contaminados,0
Sinaloa,Sin Dato,2019,Petrolifero,Pequeno Generador,Residuos solidos,Lámpara fluorescentes,0
Sinaloa,Sin Dato,2020,Petrolero,Gran Generador,Aceites gastados,Aceites gastados lubricantes,5
Sinaloa,Sin Dato,2020,Petrolero,Gran Generador,Biológico-infecciosos,BIOLÓGICO- INFECCIOSOS OBJETOS PUNZOCORTANTES,0.005
Sinaloa,Sin Dato,2020,Petrolero,Gran Generador,Biológico-infecciosos,BIOLÓGICO- INFECCIOSOS RESIDUOS NO ANATÓMICOS,0.02
Sinaloa,Sin Dato,2020,Petrolero,Gran Generador,Biológico-infecciosos,BIOLÓGICO- INFECCIOSOS SANGRE,0.005
Sinaloa,Sin Dato,2020,Petrolero,Gran Generador,OTROS,NATAS DE PINTURA ANTICORROSIVA/EPÓXICA,1
Sinaloa,Sin Dato,2020,Petrolero,Gran Generador,OTROS,AGUA CONTAMINADA CON DIESEL,0.15
Sinaloa,Sin Dato,2020,Petrolero,Gran Generador,OTROS,AGUA CONTAMINADA CON GASOLINA,0.1
Sinaloa,Sin Dato,2020,Petrolero,Gran Generador,OTROS,AGUA CONTAMINADA CON ACEITE LUBRICANTE GASTADO,0.15
Sinaloa,Sin Dato,2020,Petrolero,Gran Generador,OTROS,AGUA CONTAMINADA CON ACEITE HIDRÁULICO,0.1
Sinaloa,Sin Dato,2020,Petrolero,Gran Generador,SÓLIDOS,SÓLIDOS CON METALES PESADOS,0.05
Sinaloa,Sin Dato,2020,Petrolero,Gran Generador,SÓLIDOS,SÓLIDOS DE MANTENIMIENTO AUTOMOTRIZ,0.3
Sinaloa,Sin Dato,2020,Petrolero,Gran Generador,SÓLIDOS,SÓLIDOS OTROS,6.8
Sinaloa,Sin Dato,2020,Petrolero,Gran Generador,SÓLIDOS,SÓLIDOS OTROS,1
Sinaloa,Sin Dato,2020,Petrolero,Gran Generador,SÓLIDOS,SÓLIDOS OTROS,0.5
Sinaloa,Sin Dato,2020,Petrolero,Gran Generador,SÓLIDOS,SÓLIDOS OTROS,1
Sinaloa,Sin Dato,2020,Petrolero,Gran Generador,SÓLIDOS,SÓLIDOS OTROS,0.3
Sinaloa,Sin Dato,2020,Petrolero,Gran Generador,SÓLIDOS,SÓLIDOS OTROS,0.2
Sinaloa,Sin Dato,2020,Petrolero,Gran Generador,SÓLIDOS,SÓLIDOS OTROS,0.25
Sinaloa,Sin Dato,2020,Petrolero,Gran Generador,SÓLIDOS,SÓLIDOS OTROS,0.25
Sinaloa,Sin Dato,2020,Petrolero,Gran Generador,SÓLIDOS,SÓLIDOS OTROS,1
Sinaloa,Sin Dato,2020,Petrolero,Gran Generador,SOLVENTES,SOLVENTES ORGÁNICOS,0.2
Sinaloa,Sin Dato,2020,Petrolero,Gran Generador,SUSTANCIAS CORROSIVAS,SUSTANCIAS CORROSIVAS ACIDOS,0.4
Sinaloa,Sin Dato,2020,Petrolifero,Microgenerador,Aceites hidraúlicos,Aceites gastados hidráulicos,0.385
Sinaloa,Sin Dato,2020,Petrolifero,Microgenerador,Aceites lubricantes,Aceites gastados lubricantes,0.595
Sinaloa,Sin Dato,2020,Petrolifero,Microgenerador,Líquidos de proceso,Aguas aceitosas,0.3
Sinaloa,Sin Dato,2020,Petrolifero,Microgenerador,"Baterias, pilas y balastras","Baterias, pilas y balastras",0.05
Sinaloa,Sin Dato,2020,Petrolifero,Microgenerador,Lámparas fluorescentes y de vapor de mercurio,Lámparas fluorescentes y de vapor de mercurio,0.0274
Sinaloa,Sin Dato,2020,Petrolifero,Microgenerador,Lodos,Lodos aceitosos,9.002
Sinaloa,Sin Dato,2020,Petrolifero,Microgenerador,Residuos sólidos,"Estopa, trapo, plásticos, cartón, madera, brochas, papel, cepillo, etc., impregnados con pinturas, grasas, aceites, hidrocarburos",3.242
Sinaloa,Sin Dato,2020,Petrolifero,Pequeno Generador,Aceites hidraúlicos,Aceites gastados hidráulicos,0.15
Sinaloa,Sin Dato,2020,Petrolifero,Pequeno Generador,Aceites lubricantes,Aceites gastados lubricantes,7.7687
Sinaloa,Sin Dato,2020,Petrolifero,Pequeno Generador,Líquidos de proceso,Aguas aceitosas,11.01
Sinaloa,Sin Dato,2020,Petrolifero,Pequeno Generador,"Baterias, pilas y balastras","Baterias, pilas y balastras",0.0145
Sinaloa,Sin Dato,2020,Petrolifero,Pequeno Generador,"Gasollina, diésel y naftas gastados","Gasollina, diésel y naftas gastados",1
Sinaloa,Sin Dato,2020,Petrolifero,Pequeno Generador,Lámparas fluorescentes y de vapor de mercurio,Lámparas fluorescentes y de vapor de mercurio,0.556
Sinaloa,Sin Dato,2020,Petrolifero,Pequeno Generador,Lodos,Lodos aceitosos,3.789
Sinaloa,Sin Dato,2020,Petrolifero,Pequeno Generador,Residuos sólidos,"Estopa, trapo, plásticos, cartón, madera, brochas, papel, cepillo, etc., impregnados con pinturas, grasas, aceites, hidrocarburos",18.9279
Sinaloa,Sin Dato,2021,Petrolero,Gran Generador,Aceites gastados,Lubricantes,5
Sinaloa,Sin Dato,2021,Petrolero,Gran Generador,Biológico-infecciosos,Objetos punzocortantes,0.01
Sinaloa,Sin Dato,2021,Petrolero,Gran Generador,Biológico-infecciosos,Residuos no anatómicos,0.02
Sinaloa,Sin Dato,2021,Petrolero,Gran Generador,Biológico-infecciosos,Sangre,0.01
Sinaloa,Sin Dato,2021,Petrolero,Gran Generador,Otros,"Agua contaminada con hidrocarburos, combustibles, aceite o grasa",0.5
Sinaloa,Sin Dato,2021,Petrolero,Gran Generador,Pinturas y productos relacionados,"Residuos de pinturas, pinturas caducadas",1
Sinaloa,Sin Dato,2021,Petrolero,Gran Generador,Residuos solidos,Con metales pesados,0.05
Sinaloa,Sin Dato,2021,Petrolero,Gran Generador,Residuos solidos,"De mantenimiento automotríz, mantenimiento a maquinaria o equipos",0.3
Sinaloa,Sin Dato,2021,Petrolero,Gran Generador,Residuos solidos,Otros solidos,7.8
Sinaloa,Sin Dato,2021,Petrolero,Gran Generador,Residuos solidos,Sin dato,3.5
Sinaloa,Sin Dato,2021,Petrolero,Gran Generador,Solventes,Solventes orgánicos usados,0.2
Sinaloa,Sin Dato,2021,Petrolero,Gran Generador,Sustancias corrosivas,Corrosivos,0.4
Sinaloa,Sin Dato,2021,Petrolifero,Microgenerador,Aceites gastados,hidraulicos,0.39
Sinaloa,Sin Dato,2021,Petrolifero,Microgenerador,Aceites gastados,Lubricantes,0.59
Sinaloa,Sin Dato,2021,Petrolifero,Microgenerador,"baterias, celdas y pilas","Baterias, pilas y balastras",0.05
Sinaloa,Sin Dato,2021,Petrolifero,Microgenerador,Otros,"Agua oleosa, agua contaminada",0.3
Sinaloa,Sin Dato,2021,Petrolifero,Microgenerador,Residuos solidos,"Estopa, trapo, plásticos, cartón, madera, brochas, papel, cepillo, etc., impregnados con pinturas, grasas, aceites, hidrocarburos",3.24
Sinaloa,Sin Dato,2021,Petrolifero,Microgenerador,Residuos solidos,"Lámparas fluorescentes, lámparas de vapor de mercurio",0.03
Sinaloa,Sin Dato,2021,Petrolifero,Microgenerador,Lodos,Lodos aceitosos,9
Sinaloa,Sin Dato,2021,Petrolifero,Pequeno Generador,Aceites gastados,hidraulicos,0.15
Sinaloa,Sin Dato,2021,Petrolifero,Pequeno Generador,Aceites gastados,Lubricantes,7.77
Sinaloa,Sin Dato,2021,Petrolifero,Pequeno Generador,"baterias, celdas y pilas","Baterias, pilas y balastras",0.01
Sinaloa,Sin Dato,2021,Petrolifero,Pequeno Generador,"Gasolina, diésel y naftas gastados o sucios provenientes de estaciones de servicio y talleres automotrices","Gasolina, diesel y naftas gastados o sucios",1
Sinaloa,Sin Dato,2021,Petrolifero,Pequeno Generador,Otros,"Agua oleosa, agua contaminada",11.01
Sinaloa,Sin Dato,2021,Petrolifero,Pequeno Generador,Residuos solidos,"Estopa, trapo, plásticos, cartón, madera, brochas, papel, cepillo, etc., impregnados con pinturas, grasas, aceites, hidrocarburos",18.93
Sinaloa,Sin Dato,2021,Petrolifero,Pequeno Generador,Residuos solidos,"Lámparas fluorescentes, lámparas de vapor de mercurio",0.56
Sinaloa,Sin Dato,2021,Petrolifero,Pequeno Generador,Lodos,Lodos aceitosos,3.79
Sinaloa,Ahome,2022,Petrolífero,Microgenerador,Lodos,Lodos aceitosos,0.19
Sinaloa,Ahome,2022,Petrolífero,Microgenerador,Residuos sólidos,"Estopa, trapo, plásticos, cartón, madera, brochas, papel, cepillo, etc., impregnados con pinturas, grasas, aceites, hidrocarburos",0.2
Sinaloa,Angostura,2022,Petrolífero,Pequeño Generador,Aceites gastados,Lubricantes,0.02
Sinaloa,Angostura,2022,Petrolífero,Pequeño Generador,Lodos,Lodos aceitosos,1.7
Sinaloa,Angostura,2022,Petrolífero,Pequeño Generador,Residuos sólidos,"Estopa, trapo, plásticos, cartón, madera, brochas, papel, cepillo, etc., impregnados con pinturas, grasas, aceites, hidrocarburos",0.3
Sinaloa,Concordia,2022,Petrolífero,Pequeño Generador,Aceites gastados,Lubricantes,0.02
Sinaloa,Concordia,2022,Petrolífero,Pequeño Generador,Agua contaminada,"Agua contaminada con hidrocarburos, combustibles, aceite o grasa",0.4
Sinaloa,Concordia,2022,Petrolífero,Pequeño Generador,"Baterías, celdas y pilas","Baterias, pilas y balastras",0
Sinaloa,Concordia,2022,Petrolífero,Pequeño Generador,Lodos,Lodos aceitosos,0.14
Sinaloa,Concordia,2022,Petrolífero,Pequeño Generador,Residuos sólidos,"Estopa, trapo, plásticos, cartón, madera, brochas, papel, cepillo, etc., impregnados con pinturas, grasas, aceites, hidrocarburos",0.03
Sinaloa,Concordia,2022,Petrolífero,Pequeño Generador,Residuos sólidos,"Lámparas fluorescentes, lámparas de vapor de mercurio",0.01
Sinaloa,Cosalá,2022,Petrolífero,Microgenerador,Aceites gastados,Lubricantes,0.04
Sinaloa,Cosalá,2022,Petrolífero,Microgenerador,Lodos,Lodos aceitosos,0.3
Sinaloa,Cosalá,2022,Petrolífero,Microgenerador,Residuos sólidos,"Estopa, trapo, plásticos, cartón, madera, brochas, papel, cepillo, etc., impregnados con pinturas, grasas, aceites, hidrocarburos",0.12
Sinaloa,Culiacán,2022,Petrolífero,Microgenerador,Aceites gastados,Lubricantes,0.18
Sinaloa,Culiacán,2022,Petrolífero,Microgenerador,Agua contaminada,"Agua contaminada con hidrocarburos, combustibles, aceite o grasa",0.02
Sinaloa,Culiacán,2022,Petrolífero,Microgenerador,"Baterías, celdas y pilas","Baterias, pilas y balastras",0.08
Sinaloa,Culiacán,2022,Petrolífero,Microgenerador,Lodos,Lodos aceitosos,2.01
Sinaloa,Culiacán,2022,Petrolífero,Microgenerador,Residuos sólidos,"Estopa, trapo, plásticos, cartón, madera, brochas, papel, cepillo, etc., impregnados con pinturas, grasas, aceites, hidrocarburos",0.8
Sinaloa,Culiacán,2022,Petrolífero,Microgenerador,Residuos sólidos,"Lámparas fluorescentes, lámparas de vapor de mercurio",0
Sinaloa,Choix,2022,Petrolífero,Microgenerador,Aceites gastados,Lubricantes,0.04
Sinaloa,Choix,2022,Petrolífero,Microgenerador,Lodos,Lodos aceitosos,0.3
Sinaloa,Choix,2022,Petrolífero,Microgenerador,Residuos sólidos,"Estopa, trapo, plásticos, cartón, madera, brochas, papel, cepillo, etc., impregnados con pinturas, grasas, aceites, hidrocarburos",0.06
Sinaloa,Escuinapa,2022,Petrolífero,Microgenerador,Aceites gastados,Lubricantes,0.04
Sinaloa,Escuinapa,2022,Petrolífero,Microgenerador,Lodos,Lodos aceitosos,0.3
Sinaloa,Escuinapa,2022,Petrolífero,Microgenerador,Residuos sólidos,"Estopa, trapo, plásticos, cartón, madera, brochas, papel, cepillo, etc., impregnados con pinturas, grasas, aceites, hidrocarburos",0.06
Sinaloa,El Fuerte,2022,Petrolífero,Microgenerador,Aceites gastados,Lubricantes,0.09
Sinaloa,El Fuerte,2022,Petrolífero,Microgenerador,"Baterías, celdas y pilas","Baterias, pilas y balastras",0
Sinaloa,El Fuerte,2022,Petrolífero,Microgenerador,Lodos,Lodos aceitosos,0.44
Sinaloa,El Fuerte,2022,Petrolífero,Microgenerador,Lodos,Otros lodos,0.05
Sinaloa,El Fuerte,2022,Petrolífero,Microgenerador,Otros,Otros residuos,0.05
Sinaloa,El Fuerte,2022,Petrolífero,Microgenerador,Residuos sólidos,"Estopa, trapo, plásticos, cartón, madera, brochas, papel, cepillo, etc., impregnados con pinturas, grasas, aceites, hidrocarburos",0.08
Sinaloa,El Fuerte,2022,Petrolífero,Microgenerador,Residuos sólidos,"Lámparas fluorescentes, lámparas de vapor de mercurio",0.01
Sinaloa,El Fuerte,2022,Petrolífero,Microgenerador,Residuos sólidos,Otros sólidos,0.05
Sinaloa,El Fuerte,2022,Petrolífero,Microgenerador,Residuos sólidos,Otros sólidos,0.04
Sinaloa,El Fuerte,2022,Petrolífero,Microgenerador,Residuos sólidos,Otros sólidos,0.18
Sinaloa,Mazatlán,2022,Petrolífero,Microgenerador,Aceites gastados,Lubricantes,0.02
Sinaloa,Mazatlán,2022,Petrolífero,Microgenerador,Agua contaminada,"Agua contaminada con hidrocarburos, combustibles, aceite o grasa",0.02
Sinaloa,Mazatlán,2022,Petrolífero,Microgenerador,"Baterías, celdas y pilas","Baterias, pilas y balastras",0.08
Sinaloa,Mazatlán,2022,Petrolífero,Microgenerador,Lodos,Lodos aceitosos,0.01
Sinaloa,Mazatlán,2022,Petrolífero,Microgenerador,Residuos sólidos,"Estopa, trapo, plásticos, cartón, madera, brochas, papel, cepillo, etc., impregnados con pinturas, grasas, aceites, hidrocarburos",0.24
Sinaloa,Mazatlán,2022,Petrolífero,Microgenerador,Residuos sólidos,"Lámparas fluorescentes, lámparas de vapor de mercurio",0
Sinaloa,Mazatlán,2022,Petrolífero,Pequeño Generador,Aceites gastados,Lubricantes,0.02
Sinaloa,Mazatlán,2022,Petrolífero,Pequeño Generador,Lodos,Lodos aceitosos,1.1
Sinaloa,Mazatlán,2022,Petrolífero,Pequeño Generador,Residuos sólidos,"Estopa, trapo, plásticos, cartón, madera, brochas, papel, cepillo, etc., impregnados con pinturas, grasas, aceites, hidrocarburos",0.24
Sinaloa,Rosario,2022,Petrolífero,Pequeño Generador,Aceites gastados,Lubricantes,0.01
Sinaloa,Rosario,2022,Petrolífero,Pequeño Generador,Lodos,Lodos aceitosos,0.65
Sinaloa,Rosario,2022,Petrolífero,Pequeño Generador,Residuos sólidos,"Estopa, trapo, plásticos, cartón, madera, brochas, papel, cepillo, etc., impregnados con pinturas, grasas, aceites, hidrocarburos",0.25
Sinaloa,Salvador Alvarado,2022,Petrolífero,Microgenerador,Aceites gastados,Lubricantes,0.4
Sinaloa,Salvador Alvarado,2022,Petrolífero,Microgenerador,Lodos,Lodos aceitosos,0.35
Sinaloa,Salvador Alvarado,2022,Petrolífero,Pequeño Generador,Aceites gastados,Lubricantes,0.02
Sinaloa,Salvador Alvarado,2022,Petrolífero,Pequeño Generador,Agua contaminada,"Agua contaminada con hidrocarburos, combustibles, aceite o grasa",0.2
Sinaloa,Salvador Alvarado,2022,Petrolífero,Pequeño Generador,"Baterías, celdas y pilas","Baterias, pilas y balastras",0.02
Sinaloa,Salvador Alvarado,2022,Petrolífero,Pequeño Generador,Lodos,Lodos aceitosos,0.1
Sinaloa,Salvador Alvarado,2022,Petrolífero,Pequeño Generador,Residuos sólidos,"Estopa, trapo, plásticos, cartón, madera, brochas, papel, cepillo, etc., impregnados con pinturas, grasas, aceites, hidrocarburos",0.06
Sinaloa,Salvador Alvarado,2022,Petrolífero,Pequeño Generador,Residuos sólidos,"Lámparas fluorescentes, lámparas de vapor de mercurio",0.01
Sinaloa,Sinaloa,2022,Petrolífero,Microgenerador,Aceites gastados,Lubricantes,0.2
Sinaloa,Sinaloa,2022,Petrolífero,Microgenerador,Lodos,Lodos aceitosos,0.05
Sinaloa,Sinaloa,2022,Petrolífero,Microgenerador,Residuos sólidos,"Estopa, trapo, plásticos, cartón, madera, brochas, papel, cepillo, etc., impregnados con pinturas, grasas, aceites, hidrocarburos",0.1
Sinaloa,Navolato,2022,Petrolífero,Microgenerador,Aceites gastados,Lubricantes,0.02
Sinaloa,Navolato,2022,Petrolífero,Microgenerador,Agua contaminada,"Agua contaminada con hidrocarburos, combustibles, aceite o grasa",0.02
Sinaloa,Navolato,2022,Petrolífero,Microgenerador,"Baterías, celdas y pilas","Baterias, pilas y balastras",0.08
Sinaloa,Navolato,2022,Petrolífero,Microgenerador,Lodos,Lodos aceitosos,0.01
Sinaloa,Navolato,2022,Petrolífero,Microgenerador,Residuos sólidos,"Estopa, trapo, plásticos, cartón, madera, brochas, papel, cepillo, etc., impregnados con pinturas, grasas, aceites, hidrocarburos",0.24
Sinaloa,Navolato,2022,Petrolífero,Microgenerador,Residuos sólidos,"Lámparas fluorescentes, lámparas de vapor de mercurio",0
Sinaloa,Ahome,2023,Petrolífero,Microgenerador,Lodos,Lodos aceitosos,0.03
Sinaloa,Ahome,2023,Petrolífero,Microgenerador,Residuos sólidos,"Estopa, trapo, plásticos, cartón, madera, brochas, papel, cepillo, etc., impregnados con pinturas, grasas, aceites, hidrocarburos",0.19
Sinaloa,Ahome,2023,Petrolífero,Pequeño Generador,Aceites gastados,Lubricantes,0.02
Sinaloa,Ahome,2023,Petrolífero,Pequeño Generador,Agua contaminada,"Agua contaminada con hidrocarburos, combustibles, aceite o grasa",0.4
Sinaloa,Ahome,2023,Petrolífero,Pequeño Generador,"Baterías, celdas y pilas","Baterias, pilas y balastras",0.01
Sinaloa,Ahome,2023,Petrolífero,Pequeño Generador,Lodos,Lodos aceitosos,0.14
Sinaloa,Ahome,2023,Petrolífero,Pequeño Generador,Residuos sólidos,"Estopa, trapo, plásticos, cartón, madera, brochas, papel, cepillo, etc., impregnados con pinturas, grasas, aceites, hidrocarburos",0.03
Sinaloa,Ahome,2023,Petrolífero,Pequeño Generador,Residuos sólidos,"Lámparas fluorescentes, lámparas de vapor de mercurio",0.01
Sinaloa,Culiacán,2023,Petrolífero,Microgenerador,Aceites gastados,Hidráulicos,0.14
Sinaloa,Culiacán,2023,Petrolífero,Microgenerador,Aceites gastados,Lubricantes,0.14
Sinaloa,Culiacán,2023,Petrolífero,Microgenerador,Lodos,Lodos aceitosos,2.05
Sinaloa,Culiacán,2023,Petrolífero,Microgenerador,Residuos sólidos,"Estopa, trapo, plásticos, cartón, madera, brochas, papel, cepillo, etc., impregnados con pinturas, grasas, aceites, hidrocarburos",0.06
Sinaloa,Culiacán,2023,Petrolífero,Pequeño Generador,Residuos sólidos,"Estopa, trapo, plásticos, cartón, madera, brochas, papel, cepillo, etc., impregnados con pinturas, grasas, aceites, hidrocarburos",1.59
Sinaloa,Culiacán,2023,Petrolífero,Pequeño Generador,Residuos sólidos,"Estopa, trapo, plásticos, cartón, madera, brochas, papel, cepillo, etc., impregnados con pinturas, grasas, aceites, hidrocarburos",2.4
Sinaloa,El Fuerte,2023,Petrolífero,Microgenerador,Aceites gastados,Lubricantes,0.02
Sinaloa,El Fuerte,2023,Petrolífero,Microgenerador,Agua contaminada,"Agua contaminada con hidrocarburos, combustibles, aceite o grasa",0.4
Sinaloa,El Fuerte,2023,Petrolífero,Microgenerador,"Baterías, celdas y pilas","Baterias, pilas y balastras",0.04
Sinaloa,El Fuerte,2023,Petrolífero,Microgenerador,Lodos,Lodos aceitosos,0.02
Sinaloa,El Fuerte,2023,Petrolífero,Microgenerador,Residuos sólidos,"Estopa, trapo, plásticos, cartón, madera, brochas, papel, cepillo, etc., impregnados con pinturas, grasas, aceites, hidrocarburos",0.06
Sinaloa,El Fuerte,2023,Petrolífero,Microgenerador,Residuos sólidos,"Lámparas fluorescentes, lámparas de vapor de mercurio",0.02
Sinaloa,El Fuerte,2023,Petrolífero,Pequeño Generador,Aceites gastados,Lubricantes,0.02
Sinaloa,El Fuerte,2023,Petrolífero,Pequeño Generador,Agua contaminada,"Agua contaminada con hidrocarburos, combustibles, aceite o grasa",0.48
Sinaloa,El Fuerte,2023,Petrolífero,Pequeño Generador,"Baterías, celdas y pilas","Baterias, pilas y balastras",0.02
Sinaloa,El Fuerte,2023,Petrolífero,Pequeño Generador,Lodos,Lodos aceitosos,0.24
Sinaloa,El Fuerte,2023,Petrolífero,Pequeño Generador,Residuos sólidos,"Estopa, trapo, plásticos, cartón, madera, brochas, papel, cepillo, etc., impregnados con pinturas, grasas, aceites, hidrocarburos",0.05
Sinaloa,El Fuerte,2023,Petrolífero,Pequeño Generador,Residuos sólidos,"Lámparas fluorescentes, lámparas de vapor de mercurio",0.02
Sinaloa,Guasave,2023,Petrolífero,Microgenerador,Aceites gastados,Hidráulicos,0.16
Sinaloa,Guasave,2023,Petrolífero,Microgenerador,Aceites gastados,Lubricantes,0.04
Sinaloa,Guasave,2023,Petrolífero,Microgenerador,Agua contaminada,"Agua contaminada con hidrocarburos, combustibles, aceite o grasa",0.25
Sinaloa,Guasave,2023,Petrolífero,Microgenerador,"Baterías, celdas y pilas","Baterias, pilas y balastras",0.09
Sinaloa,Guasave,2023,Petrolífero,Microgenerador,Lodos,Lodos aceitosos,0.13
Sinaloa,Guasave,2023,Petrolífero,Microgenerador,Residuos sólidos,"Estopa, trapo, plásticos, cartón, madera, brochas, papel, cepillo, etc., impregnados con pinturas, grasas, aceites, hidrocarburos",0.35
Sinaloa,Guasave,2023,Petrolífero,Microgenerador,Residuos sólidos,"Lámparas fluorescentes, lámparas de vapor de mercurio",0.01
Sinaloa,Guasave,2023,Petrolífero,Pequeño Generador,Aceites gastados,Lubricantes,0.07
Sinaloa,Guasave,2023,Petrolífero,Pequeño Generador,Agua contaminada,"Agua contaminada con hidrocarburos, combustibles, aceite o grasa",1.21
Sinaloa,Guasave,2023,Petrolífero,Pequeño Generador,"Baterías, celdas y pilas","Baterias, pilas y balastras",0.04
Sinaloa,Guasave,2023,Petrolífero,Pequeño Generador,Lodos,Lodos aceitosos,0.63
Sinaloa,Guasave,2023,Petrolífero,Pequeño Generador,Residuos sólidos,"Estopa, trapo, plásticos, cartón, madera, brochas, papel, cepillo, etc., impregnados con pinturas, grasas, aceites, hidrocarburos",0.18
Sinaloa,Guasave,2023,Petrolífero,Pequeño Generador,Residuos sólidos,"Lámparas fluorescentes, lámparas de vapor de mercurio",0.04
Sinaloa,Mazatlán,2023,Petrolífero,Microgenerador,Aceites gastados,Hidráulicos,0.03
Sinaloa,Mazatlán,2023,Petrolífero,Microgenerador,Aceites gastados,Lubricantes,0.03
Sinaloa,Mazatlán,2023,Petrolífero,Microgenerador,Lodos,Lodos aceitosos,0.35
Sinaloa,Salvador Alvarado,2023,Petrolífero,Microgenerador,Aceites gastados,Hidráulicos,0.07
Sinaloa,Salvador Alvarado,2023,Petrolífero,Microgenerador,Aceites gastados,Lubricantes,0.07
Sinaloa,Salvador Alvarado,2023,Petrolífero,Microgenerador,Lodos,Lodos aceitosos,1
Sinaloa,Salvador Alvarado,2023,Petrolífero,Microgenerador,Residuos sólidos,"Estopa, trapo, plásticos, cartón, madera, brochas, papel, cepillo, etc., impregnados con pinturas, grasas, aceites, hidrocarburos",0.06
Sinaloa,Salvador Alvarado,2023,Petrolífero,Pequeño Generador,Lodos,Lodos aceitosos,0.8
Sinaloa,Navolato,2023,Petrolífero,Microgenerador,Lodos,Lodos aceitosos,0.32
Sinaloa,Navolato,2023,Petrolífero,Microgenerador,Residuos sólidos,"Estopa, trapo, plásticos, cartón, madera, brochas, papel, cepillo, etc., impregnados con pinturas, grasas, aceites, hidrocarburos",0.06
Sinaloa,Navolato,2023,Petrolífero,Pequeño Generador,Aceites gastados,Lubricantes,0.02
Sinaloa,Navolato,2023,Petrolífero,Pequeño Generador,Agua contaminada,"Agua contaminada con hidrocarburos, combustibles, aceite o grasa",0.2
Sinaloa,Navolato,2023,Petrolífero,Pequeño Generador,"Baterías, celdas y pilas","Baterias, pilas y balastras",0.02
Sinaloa,Navolato,2023,Petrolífero,Pequeño Generador,Lodos,Lodos aceitosos,0.1
Sinaloa,Navolato,2023,Petrolífero,Pequeño Generador,Residuos sólidos,"Estopa, trapo, plásticos, cartón, madera, brochas, papel, cepillo, etc., impregnados con pinturas, grasas, aceites, hidrocarburos",0.06
Sinaloa,Navolato,2023,Petrolífero,Pequeño Generador,Residuos sólidos,"Lámparas fluorescentes, lámparas de vapor de mercurio",0.01
Sinaloa,Ahome,2024,Petrolífero,Microgenerador,Aceites gastados,Lubricantes,0.01
Sinaloa,Ahome,2024,Petrolífero,Microgenerador,"Baterías, celdas, pilas, balastras","Baterias, pilas, acumuladores, balastras",0
Sinaloa,Ahome,2024,Petrolífero,Microgenerador,Residuos sólidos,"Estopa, trapo, plásticos, cartón, madera, brochas, papel, cepillo, etc., impregnados con pinturas, grasas, aceites, hidrocarburos",0.01
Sinaloa,Ahome,2024,Petrolífero,Microgenerador,Residuos sólidos,"Lámparas fluorescentes, lámparas de vapor de mercurio",0
Sinaloa,Culiacán,2024,Petrolífero,Microgenerador,Aceites gastados,Hidráulicos,0.07
Sinaloa,Culiacán,2024,Petrolífero,Microgenerador,Aceites gastados,Lubricantes,0.1
Sinaloa,Culiacán,2024,Petrolífero,Microgenerador,"Baterías, celdas, pilas, balastras","Baterias, pilas, acumuladores, balastras",0
Sinaloa,Culiacán,2024,Petrolífero,Microgenerador,Lodos,Lodos aceitosos,1.52
Sinaloa,Culiacán,2024,Petrolífero,Microgenerador,Residuos sólidos,"Estopa, trapo, plásticos, cartón, madera, brochas, papel, cepillo, etc., impregnados con pinturas, grasas, aceites, hidrocarburos",0.34
Sinaloa,Culiacán,2024,Petrolífero,Microgenerador,Residuos sólidos,"Lámparas fluorescentes, lámparas de vapor de mercurio",0
Sinaloa,El Fuerte,2024,Petrolífero,Microgenerador,Lodos,Lodos aceitosos,0.16
Sinaloa,El Fuerte,2024,Petrolífero,Microgenerador,Residuos sólidos,"Estopa, trapo, plásticos, cartón, madera, brochas, papel, cepillo, etc., impregnados con pinturas, grasas, aceites, hidrocarburos",0
Sinaloa,El Fuerte,2024,Petrolífero,Pequeño Generador,Aceites gastados,Lubricantes,0.02
Sinaloa,El Fuerte,2024,Petrolífero,Pequeño Generador,Agua contaminada,"Agua contaminada con hidrocarburos, combustibles, aceite o grasa",0.4
Sinaloa,El Fuerte,2024,Petrolífero,Pequeño Generador,"Baterías, celdas, pilas, balastras","Baterias, pilas, acumuladores, balastras",0
Sinaloa,El Fuerte,2024,Petrolífero,Pequeño Generador,Lodos,Lodos aceitosos,0.14
Sinaloa,El Fuerte,2024,Petrolífero,Pequeño Generador,Residuos sólidos,"Estopa, trapo, plásticos, cartón, madera, brochas, papel, cepillo, etc., impregnados con pinturas, grasas, aceites, hidrocarburos",0.02
Sinaloa,El Fuerte,2024,Petrolífero,Pequeño Generador,Residuos sólidos,"Lámparas fluorescentes, lámparas de vapor de mercurio",0.01
Sinaloa,Guasave,2024,Petrolífero,Microgenerador,"Baterías, celdas, pilas, balastras","Baterias, pilas, acumuladores, balastras",0
Sinaloa,Guasave,2024,Petrolífero,Microgenerador,Lodos,Lodos aceitosos,0.15
Sinaloa,Guasave,2024,Petrolífero,Microgenerador,Residuos sólidos,"Estopa, trapo, plásticos, cartón, madera, brochas, papel, cepillo, etc., impregnados con pinturas, grasas, aceites, hidrocarburos",0.2
Sinaloa,Guasave,2024,Petrolífero,Microgenerador,Residuos sólidos,"Lámparas fluorescentes, lámparas de vapor de mercurio",0.01
Sinaloa,Mazatlán,2024,Petrolífero,Microgenerador,Aceites gastados,Lubricantes,0.01
Sinaloa,Mazatlán,2024,Petrolífero,Microgenerador,Lodos,Lodos aceitosos,0.15
Sinaloa,Mazatlán,2024,Petrolífero,Microgenerador,Residuos sólidos,"Estopa, trapo, plásticos, cartón, madera, brochas, papel, cepillo, etc., impregnados con pinturas, grasas, aceites, hidrocarburos",0.16
Sinaloa,Mazatlán,2024,Petrolífero,Microgenerador,Residuos sólidos,"Lámparas fluorescentes, lámparas de vapor de mercurio",0
Sinaloa,Mazatlán,2024,Petrolífero,Pequeño Generador,Aceites gastados,Hidráulicos,0.5
Sinaloa,Mazatlán,2024,Petrolífero,Pequeño Generador,Gasolina y otros combustibles,"Gasolina, diesel y naftas gastados o sucios",1
Sinaloa,Mazatlán,2024,Petrolífero,Pequeño Generador,Lodos,Lodos aceitosos,1
Sinaloa,Mazatlán,2024,Petrolífero,Pequeño Generador,Residuos sólidos,"Estopa, trapo, plásticos, cartón, madera, brochas, papel, cepillo, etc., impregnados con pinturas, grasas, aceites, hidrocarburos",1.1
Sinaloa,Navolato,2024,Petrolífero,Microgenerador,Aceites gastados,Lubricantes,0.02
Sinaloa,Navolato,2024,Petrolífero,Microgenerador,Residuos sólidos,"Estopa, trapo, plásticos, cartón, madera, brochas, papel, cepillo, etc., impregnados con pinturas, grasas, aceites, hidrocarburos",0.04
Sonora,Sin Dato,2017,Petrolero,Microgenerador,Aceites gastados,Lubricantes,1.83
Sonora,Sin Dato,2017,Petrolero,Microgenerador,"Gasolina, diesel y naftas gastados o sucios provenientes de estaciónes de servicio y talleres automotrices",Diesel sucio,0.05
Sonora,Sin Dato,2017,Petrolero,Microgenerador,"Gasolina, diesel y naftas gastados o sucios provenientes de estaciónes de servicio y talleres automotrices",Gasolinas sucias,0.3
Sonora,Sin Dato,2017,Petrolero,Microgenerador,Liquidos de proceso,Liquidos con residuos de hidrocarburos,0.61
Sonora,Sin Dato,2017,Petrolero,Microgenerador,Lodos,Otros lodos,0
Sonora,Sin Dato,2017,Petrolero,Microgenerador,Lodos aceitosos,"Con contaminacion de hidrocarburos, combustibles, aceite",1.51
Sonora,Sin Dato,2017,Petrolero,Microgenerador,Lodos aceitosos,"Lodos residuales de proceso, de tratamiento de aguas residuales",0.4
Sonora,Sin Dato,2017,Petrolero,Microgenerador,Lodos aceitosos,Otros lodos,0.95
Sonora,Sin Dato,2017,Petrolero,Microgenerador,Residuos solidos,"Botes o recipientes que contuvieron contaminantes diversos, latas de pintura, aerosoles",1.1
Sonora,Sin Dato,2017,Petrolero,Microgenerador,Residuos solidos,"Estopa, trapo, plasticos, carton, madera, brochas, papel, cepillo, etc., impregnados con pinturas, grasas, aceites, hidrocarburos",6.14
Sonora,Sin Dato,2017,Petrolero,Microgenerador,Residuos solidos,No especificado,0
Sonora,Sin Dato,2017,Petrolero,Pequeno Generador,Aceites gastados,Hidraulicos,0.3
Sonora,Sin Dato,2017,Petrolero,Pequeno Generador,Aceites gastados,Lubricantes,2.67
Sonora,Sin Dato,2017,Petrolero,Pequeno Generador,"Baterias, celdas y pilas",No especificado,0.01
Sonora,Sin Dato,2017,Petrolero,Pequeno Generador,"Gasolina, diesel y naftas gastados o sucios provenientes de estaciónes de servicio y talleres automotrices",Diesel sucio,0.56
Sonora,Sin Dato,2017,Petrolero,Pequeno Generador,"Gasolina, diesel y naftas gastados o sucios provenientes de estaciónes de servicio y talleres automotrices",Gasolinas sucias,0.55
Sonora,Sin Dato,2017,Petrolero,Pequeno Generador,Liquidos de proceso,"Agua contaminada con hidrocarburos, combustibles, aceite o grasa",0.15
Sonora,Sin Dato,2017,Petrolero,Pequeno Generador,Liquidos de proceso,Liquidos con residuos de hidrocarburos,0.85
Sonora,Sin Dato,2017,Petrolero,Pequeno Generador,Lodos,Lodos provenientes de tanques de almacenaniento,0.15
Sonora,Sin Dato,2017,Petrolero,Pequeno Generador,Lodos aceitosos,"Con contaminacion de hidrocarburos, combustibles, aceite",10.92
Sonora,Sin Dato,2017,Petrolero,Pequeno Generador,Lodos aceitosos,Otros lodos,13.77
Sonora,Sin Dato,2017,Petrolero,Pequeno Generador,Material textil,"Telas, felpas, estopas",5.28
Sonora,Sin Dato,2017,Petrolero,Pequeno Generador,Residuos solidos,"Botes o recipientes que contuvieron contaminantes diversos, latas de pintura, aerosoles",0.45
Sonora,Sin Dato,2017,Petrolero,Pequeno Generador,Residuos solidos,De mantenimiento automotríz,3.65
Sonora,Sin Dato,2017,Petrolero,Pequeno Generador,Residuos solidos,"Estopa, trapo, plasticos, carton, madera, brochas, papel, cepillo, etc., impregnados con pinturas, grasas, aceites, hidrocarburos",3.69
Sonora,Sin Dato,2017,Petrolero,Pequeno Generador,Residuos solidos,Lampara fluorescentes,0.01
Sonora,Sin Dato,2017,Petroleo y petroquimica,Microgenerador,"Baterias, celdas y pilas",No especificado,0
Sonora,Sin Dato,2017,Petroleo y petroquimica,Microgenerador,Residuos solidos,"Botes o recipientes que contuvieron contaminantes diversos, latas de pintura, aerosoles",0.01
Sonora,Sin Dato,2017,Petroleo y petroquimica,Microgenerador,Residuos solidos,"Estopa, trapo, plasticos, carton, madera, brochas, papel, cepillo, etc., impregnados con pinturas, grasas, aceites, hidrocarburos",0
Sonora,Sin Dato,2017,Petroleo y petroquimica,Pequeno Generador,Aceites gastados,Lubricantes,0.26
Sonora,Sin Dato,2017,Petroleo y petroquimica,Pequeno Generador,"Baterias, celdas y pilas",Pilas alcalinas,0.3
Sonora,Sin Dato,2017,Petroleo y petroquimica,Pequeno Generador,"Baterias, celdas y pilas","Pilas, baterias, acumuladores, celdas de desecho: niquel-cadmio, plomo, mercurio",0.9
Sonora,Sin Dato,2017,Petroleo y petroquimica,Pequeno Generador,Lodos,Otros lodos,0.01
Sonora,Sin Dato,2017,Petroleo y petroquimica,Pequeno Generador,Residuos Liquidos,"Residuos de sustancias contaminantes (hidrocarburos, combustibles, aceites, grasas, pinturas)",0.6
Sonora,Sin Dato,2017,Petroleo y petroquimica,Pequeno Generador,Residuos solidos,"Botes o recipientes que contuvieron contaminantes diversos, latas de pintura, aerosoles",0.4
Sonora,Sin Dato,2017,Petroleo y petroquimica,Pequeno Generador,Residuos solidos,"Estopa, trapo, plasticos, carton, madera, brochas, papel, cepillo, etc., impregnados con pinturas, grasas, aceites, hidrocarburos",0.3
Sonora,Sin Dato,2017,Petroleo y petroquimica,Pequeno Generador,Residuos solidos,Lampara fluorescentes,0.1
Sonora,Sin Dato,2017,Petroleo y petroquimica,Pequeno Generador,Residuos solidos,"Tierra, grava, acerrín impregnados con aceites, grasas e hidrocarburos",0.3
Sonora,Sin Dato,2018,Petrolifero,Microgenerador,Aceites gastados (Hidraulicos),Aceite gastado hidraulico,2.44
Sonora,Sin Dato,2018,Petrolifero,Microgenerador,Aceites gastados (Lubricantes),Aceites gastados lubricantes,1.63
Sonora,Sin Dato,2018,Petrolifero,Microgenerador,Baterias alcalinas,Pilas alcalinas,0.01
Sonora,Sin Dato,2018,Petrolifero,Microgenerador,Filtro de aire o aceite contaminados,Filtros de aire usados,0.1
Sonora,Sin Dato,2018,Petrolifero,Microgenerador,Lamparas fluorescentes y de vapor de mercurio,Lamparas fluorescentes y de vapor de mercurio,0.19
Sonora,Sin Dato,2018,Petrolifero,Microgenerador,Liquidos residuales de proceso no corrosivos,Agua con hidrocaruros,0.5
Sonora,Sin Dato,2018,Petrolifero,Microgenerador,Lodos Contaminados con Hidrocarburos,Lodos aceitosos,16.1
Sonora,Sin Dato,2018,Petrolifero,Microgenerador,Residuos de pinturas y esmaltes,Nata de Pintura,0.01
Sonora,Sin Dato,2018,Petrolifero,Microgenerador,Pilas o Baterias con Litio o Cadmio,Pilas Niquel-Cadmio,0.01
Sonora,Sin Dato,2018,Petrolifero,Microgenerador,Solidos contaminados con hidrocarburos diversos,"Filtros, mangueras, envases, botes, cubetas, contenedores, trapos, guantes, carton, aserrin, material absorbente,Estopas y trapos impregnados con combustible, Envases vacios impregnados de aceite",6.34
Sonora,Sin Dato,2018,Petrolifero,Pequeno generador,Aceites gastados (Hidraulicos),Aceite gastado hidraulico,0.92
Sonora,Sin Dato,2018,Petrolifero,Pequeno generador,Aceites gastados (Lubricantes),Aceites gastados lubricantes,3.4
Sonora,Sin Dato,2018,Petrolifero,Pequeno generador,Baterias alcalinas,Pilas alcalinas,0.05
Sonora,Sin Dato,2018,Petrolifero,Pequeno generador,Filtro de aire o aceite contaminados,Filtros de aire usados,0.01
Sonora,Sin Dato,2018,Petrolifero,Pequeno generador,"Gasolina, Diesel y Naftas gastados o sucios","Gasolina, Diesel y Naftas gastados o sucios provenientes de Estaciones de Servicio y Talleres Automotrices",2.51
Sonora,Sin Dato,2018,Petrolifero,Pequeno generador,Lamparas fluorescentes y de vapor de mercurio,Lamparas fluorescentes y de vapor de mercurio,0.03
Sonora,Sin Dato,2018,Petrolifero,Pequeno generador,Liquidos residuales de proceso no corrosivos,Agua con hidrocaruros,0.8
Sonora,Sin Dato,2018,Petrolifero,Pequeno generador,Lodos Contaminados con Hidrocarburos,Lodos aceitosos,10.51
Sonora,Sin Dato,2018,Petrolifero,Pequeno generador,Pilas o Baterias con Litio o Cadmio,Pilas Niquel-Cadmio,0.01
Sonora,Sin Dato,2018,Petrolifero,Pequeno generador,Solidos contaminados con hidrocarburos diversos,"Filtros, mangueras, envases, botes, cubetas, contenedores, trapos, guantes, carton, aserrin, material absorbente,Estopas y trapos impregnados con combustible, Envases vacios impregnados de aceite",7.91
Sonora,Sin Dato,2018,Petrolifero,Pequeno generador,Solventes Gastados,Residuos de solventes,0.06
Sonora,Sin Dato,2018,Petrolero,Microgenerador,Aceites gastados,Aceites gastados hidraulicos,0.28
Sonora,Sin Dato,2018,Petrolero,Microgenerador,Solidos,Solidos de mantenimiento automotriz,0
Sonora,Sin Dato,2018,Petrolero,Microgenerador,Solidos,Solidos otros,0.01
Sonora,Sin Dato,2019,Petrolero,Microgenerador,Aceites gastados,hidraulicos,0
Sonora,Sin Dato,2019,Petrolero,Microgenerador,Residuos solidos,De mantenimiento automotríz,0
Sonora,Sin Dato,2019,Petrolero,Microgenerador,Residuos solidos,Otros solidos,0
Sonora,Sin Dato,2019,Petrolero,Pequeno Generador,ACEITES GASTADOS,ACEITES GASTADOS hidraulicos,0.04
Sonora,Sin Dato,2019,Petrolero,Pequeno Generador,Biologico-infecciosos,BIOLÓGICO- INFECCIOSOS OBJETOS PUNZOCORTANTES,0.012
Sonora,Sin Dato,2019,Petrolero,Pequeno Generador,solidos,"solidos OTROS (SUELO CONTAMINADO CON HIDROCARBUROS (GASOLINA, DIÉSEL, ACEITE LUBRICANTE))",2
Sonora,Sin Dato,2019,Petrolero,Pequeno Generador,solidos,"solidos OTROS (solidos CONTAMINADOS CON HIDROCARBUROS (GASOLINA, DIÉSEL, ACEITE LUBRICANTE))",0.5
Sonora,Sin Dato,2019,Petrolero,Pequeno Generador,solidos,solidos OTROS (solidos CONTAMINADOS CON RESIDUOS DE PINTURAS Y SOLVENTES),0.3
Sonora,Sin Dato,2019,Petrolero,Pequeno Generador,solidos,otros,0
Sonora,Sin Dato,2019,Petrolifero,Microgenerador,Aceites gastados,hidraulicos,0
Sonora,Sin Dato,2019,Petrolifero,Microgenerador,Aceites gastados,Lubricantes,0
Sonora,Sin Dato,2019,Petrolifero,Microgenerador,"Baterias, celdas y pilas",Pilas alcalinas,0
Sonora,Sin Dato,2019,Petrolifero,Microgenerador,"Baterias, celdas y pilas",Pilas o baterias de Niquel - Cadmio,0
Sonora,Sin Dato,2019,Petrolifero,Microgenerador,Liquidos de proceso,Liquidos con residuos de hidrocarburos,0
Sonora,Sin Dato,2019,Petrolifero,Microgenerador,Lodos,Lodos aceitosos,0.2
Sonora,Sin Dato,2019,Petrolifero,Microgenerador,Pinturas y productos relacionados,"Residuos de pinturas, pinturas caducadas",0
Sonora,Sin Dato,2019,Petrolifero,Microgenerador,Residuos solidos,"Estopa, trapo, plásticos, cartón, madera, brochas, papel, cepillo, etc., impregnados con pinturas, grasas, aceites, hidrocarburos",0.3
Sonora,Sin Dato,2019,Petrolifero,Microgenerador,Residuos solidos,Filtro de aire o de aceite contaminados,0
Sonora,Sin Dato,2019,Petrolifero,Microgenerador,Residuos solidos,Lámpara fluorescentes,0
Sonora,Sin Dato,2019,Petrolifero,Pequeno Generador,Aceites gastados,hidraulicos,0
Sonora,Sin Dato,2019,Petrolifero,Pequeno Generador,Aceites gastados,Lubricantes,0
Sonora,Sin Dato,2019,Petrolifero,Pequeno Generador,"Baterias, celdas y pilas",Pilas alcalinas,0
Sonora,Sin Dato,2019,Petrolifero,Pequeno Generador,"Baterias, celdas y pilas",Pilas o baterias de Niquel - Cadmio,0
Sonora,Sin Dato,2019,Petrolifero,Pequeno Generador,"Gasolina, diesel y naftas gastados o sucios provenientes de estaciónes de servicio y talleres automotrices","Gasolina, diesel y naftas gastados o sucios provenientes de estaciones de servicio y talleres automotrices",0
Sonora,Sin Dato,2019,Petrolifero,Pequeno Generador,Liquidos de proceso,Liquidos con residuos de hidrocarburos,0
Sonora,Sin Dato,2019,Petrolifero,Pequeno Generador,Lodos,Lodos aceitosos,0
Sonora,Sin Dato,2019,Petrolifero,Pequeno Generador,Residuos solidos,"Estopa, trapo, plásticos, cartón, madera, brochas, papel, cepillo, etc., impregnados con pinturas, grasas, aceites, hidrocarburos",0
Sonora,Sin Dato,2019,Petrolifero,Pequeno Generador,Residuos solidos,Filtro de aire o de aceite contaminados,0
Sonora,Sin Dato,2019,Petrolifero,Pequeno Generador,Residuos solidos,Lámpara fluorescentes,0
Sonora,Sin Dato,2019,Petrolifero,Pequeno Generador,Solventes,Residuos de solventes,0
Sonora,Sin Dato,2020,Petrolero,Pequeno Generador,Aceites gastados,ACEITES GASTADOS DIELÉCTRICOS,0.01
Sonora,Sin Dato,2020,Petrolero,Pequeno Generador,Aceites gastados,Aceites gastados hidráulicos,1
Sonora,Sin Dato,2020,Petrolero,Pequeno Generador,Aceites gastados,Aceites gastados hidráulicos,1
Sonora,Sin Dato,2020,Petrolero,Pequeno Generador,Aceites gastados,Aceites gastados lubricantes,0.01
Sonora,Sin Dato,2020,Petrolero,Pequeno Generador,Biológico-infecciosos,BIOLÓGICO- INFECCIOSOS OBJETOS PUNZOCORTANTES,0.015
Sonora,Sin Dato,2020,Petrolero,Pequeno Generador,Biológico-infecciosos,BIOLÓGICO- INFECCIOSOS OBJETOS PUNZOCORTANTES,0.015
Sonora,Sin Dato,2020,Petrolero,Pequeno Generador,OTROS,AGUA CON HIDROCARBUROS AGUAS ACEITOSAS,0.01
Sonora,Sin Dato,2020,Petrolero,Pequeno Generador,OTROS,PILAS O BATERÍAS ZINC-OXIDO DE PLATA USADAS O DESECHADAS -,0.05
Sonora,Sin Dato,2020,Petrolero,Pequeno Generador,SÓLIDOS,SÓLIDOS OTROS,2
Sonora,Sin Dato,2020,Petrolero,Pequeno Generador,SÓLIDOS,SÓLIDOS OTROS,0.5
Sonora,Sin Dato,2020,Petrolero,Pequeno Generador,SÓLIDOS,SÓLIDOS OTROS,0.5
Sonora,Sin Dato,2020,Petrolero,Pequeno Generador,SÓLIDOS,SÓLIDOS OTROS,2
Sonora,Sin Dato,2020,Petrolero,Pequeno Generador,SÓLIDOS,SÓLIDOS OTROS,0.5
Sonora,Sin Dato,2020,Petrolero,Pequeno Generador,SÓLIDOS,SÓLIDOS OTROS,0.5
Sonora,Sin Dato,2020,Petrolero,Pequeno Generador,SÓLIDOS,SÓLIDOS OTROS,0.51
Sonora,Sin Dato,2020,Petrolero,Pequeno Generador,SÓLIDOS,SÓLIDOS OTROS,0.21
Sonora,Sin Dato,2020,Petrolero,Pequeno Generador,SÓLIDOS,SÓLIDOS OTROS,0.5
Sonora,Sin Dato,2020,Petrolero,Pequeno Generador,SÓLIDOS,SÓLIDOS OTROS,0.51
Sonora,Sin Dato,2020,Petrolero,Pequeno Generador,SOLVENTES,SOLVENTES ORGÁNICOS,0.5
Sonora,Sin Dato,2020,Petrolifero,Microgenerador,Aceites hidraúlicos,Aceites gastados hidráulicos,0.045
Sonora,Sin Dato,2020,Petrolifero,Microgenerador,Aceites lubricantes,Aceites gastados lubricantes,0.60103
Sonora,Sin Dato,2020,Petrolifero,Microgenerador,Líquidos de proceso,Aguas aceitosas,0.36
Sonora,Sin Dato,2020,Petrolifero,Microgenerador,"Baterias, pilas y balastras","Baterias, pilas y balastras",0.01
Sonora,Sin Dato,2020,Petrolifero,Microgenerador,"Gasollina, diésel y naftas gastados","Gasollina, diésel y naftas gastados",0.565
Sonora,Sin Dato,2020,Petrolifero,Microgenerador,Lámparas fluorescentes y de vapor de mercurio,Lámparas fluorescentes y de vapor de mercurio,0.002
Sonora,Sin Dato,2020,Petrolifero,Microgenerador,Lodos,Lodos aceitosos,4.97553
Sonora,Sin Dato,2020,Petrolifero,Microgenerador,Residuos sólidos,"Estopa, trapo, plásticos, cartón, madera, brochas, papel, cepillo, etc., impregnados con pinturas, grasas, aceites, hidrocarburos",2.89448
Sonora,Sin Dato,2020,Petrolifero,Pequeno Generador,Aceites lubricantes,Aceites gastados lubricantes,2.605
Sonora,Sin Dato,2020,Petrolifero,Pequeno Generador,Líquidos de proceso,Aguas aceitosas,0.7
Sonora,Sin Dato,2020,Petrolifero,Pequeno Generador,"Baterias, pilas y balastras","Baterias, pilas y balastras",0.04
Sonora,Sin Dato,2020,Petrolifero,Pequeno Generador,"Gasollina, diésel y naftas gastados","Gasollina, diésel y naftas gastados",8.484
Sonora,Sin Dato,2020,Petrolifero,Pequeno Generador,Lámparas fluorescentes y de vapor de mercurio,Lámparas fluorescentes y de vapor de mercurio,0.015
Sonora,Sin Dato,2020,Petrolifero,Pequeno Generador,Lodos,Lodos aceitosos,5.51
Sonora,Sin Dato,2020,Petrolifero,Pequeno Generador,Residuos sólidos,"Estopa, trapo, plásticos, cartón, madera, brochas, papel, cepillo, etc., impregnados con pinturas, grasas, aceites, hidrocarburos",14.0267
Sonora,Sin Dato,2021,Petrolero,Pequeno Generador,Aceites gastados,Dieléctricos,0.01
Sonora,Sin Dato,2021,Petrolero,Pequeno Generador,Aceites gastados,hidraulicos,2
Sonora,Sin Dato,2021,Petrolero,Pequeno Generador,Aceites gastados,Lubricantes,0.01
Sonora,Sin Dato,2021,Petrolero,Pequeno Generador,"baterias, celdas y pilas","Pilas o baterias de Zinc - Plata, o Litio",0.05
Sonora,Sin Dato,2021,Petrolero,Pequeno Generador,Biológico-infecciosos,Objetos punzocortantes,0.03
Sonora,Sin Dato,2021,Petrolero,Pequeno Generador,Otros,"Agua contaminada con hidrocarburos, combustibles, aceite o grasa",0.01
Sonora,Sin Dato,2021,Petrolero,Pequeno Generador,Residuos solidos,Otros solidos,5.22
Sonora,Sin Dato,2021,Petrolero,Pequeno Generador,Residuos solidos,Sin dato,2.51
Sonora,Sin Dato,2021,Petrolero,Pequeno Generador,Solventes,Solventes orgánicos usados,0.5
Sonora,Sin Dato,2021,Petrolifero,Microgenerador,Aceites gastados,hidraulicos,0.05
Sonora,Sin Dato,2021,Petrolifero,Microgenerador,Aceites gastados,Lubricantes,0.6
Sonora,Sin Dato,2021,Petrolifero,Microgenerador,"baterias, celdas y pilas","Baterias, pilas y balastras",0.01
Sonora,Sin Dato,2021,Petrolifero,Microgenerador,"Gasolina, diésel y naftas gastados o sucios provenientes de estaciones de servicio y talleres automotrices","Gasolina, diesel y naftas gastados o sucios",0.57
Sonora,Sin Dato,2021,Petrolifero,Microgenerador,Otros,"Agua oleosa, agua contaminada",0.36
Sonora,Sin Dato,2021,Petrolifero,Microgenerador,Residuos solidos,"Estopa, trapo, plásticos, cartón, madera, brochas, papel, cepillo, etc., impregnados con pinturas, grasas, aceites, hidrocarburos",2.89
Sonora,Sin Dato,2021,Petrolifero,Microgenerador,Residuos solidos,"Lámparas fluorescentes, lámparas de vapor de mercurio",0
Sonora,Sin Dato,2021,Petrolifero,Microgenerador,Lodos,Lodos aceitosos,4.98
Sonora,Sin Dato,2021,Petrolifero,Pequeno Generador,Aceites gastados,Lubricantes,2.61
Sonora,Sin Dato,2021,Petrolifero,Pequeno Generador,"baterias, celdas y pilas","Baterias, pilas y balastras",0.04
Sonora,Sin Dato,2021,Petrolifero,Pequeno Generador,"Gasolina, diésel y naftas gastados o sucios provenientes de estaciones de servicio y talleres automotrices","Gasolina, diesel y naftas gastados o sucios",8.48
Sonora,Sin Dato,2021,Petrolifero,Pequeno Generador,Otros,"Agua oleosa, agua contaminada",0.7
Sonora,Sin Dato,2021,Petrolifero,Pequeno Generador,Residuos solidos,"Estopa, trapo, plásticos, cartón, madera, brochas, papel, cepillo, etc., impregnados con pinturas, grasas, aceites, hidrocarburos",14.03
Sonora,Sin Dato,2021,Petrolifero,Pequeno Generador,Residuos solidos,"Lámparas fluorescentes, lámparas de vapor de mercurio",0.02
Sonora,Sin Dato,2021,Petrolifero,Pequeno Generador,Lodos,Lodos aceitosos,5.51
Sonora,Agua Prieta,2022,Petrolífero,Microgenerador,Aceites gastados,Lubricantes,0.05
Sonora,Agua Prieta,2022,Petrolífero,Microgenerador,"Baterías, celdas y pilas","Baterias, pilas y balastras",0.01
Sonora,Agua Prieta,2022,Petrolífero,Microgenerador,"Gasolina, diésel y naftas gastados o sucios provenientes de estaciones de servicio y talleres automotrices","Gasolina, diesel y naftas gastados o sucios",0.23
Sonora,Agua Prieta,2022,Petrolífero,Microgenerador,Residuos sólidos,"Estopa, trapo, plásticos, cartón, madera, brochas, papel, cepillo, etc., impregnados con pinturas, grasas, aceites, hidrocarburos",0.15
Sonora,Agua Prieta,2022,Petrolífero,Microgenerador,Residuos sólidos,"Lámparas fluorescentes, lámparas de vapor de mercurio",0.01
Sonora,Empalme,2022,Petrolero,Microgenerador,Aceites gastados,Lubricantes,0.04
Sonora,Empalme,2022,Petrolero,Microgenerador,Lodos,Otros lodos,0.06
Sonora,Empalme,2022,Petrolero,Microgenerador,Otros,Otros residuos,0.05
Sonora,Empalme,2022,Petrolero,Microgenerador,Residuos sólidos,Otros sólidos,0.05
Sonora,Empalme,2022,Petrolero,Microgenerador,Residuos sólidos,Otros sólidos,0.11
Sonora,Empalme,2022,Petrolero,Microgenerador,Residuos sólidos,Otros sólidos,0.08
Sonora,Guaymas,2022,Petrolero,Microgenerador,Aceites gastados,Lubricantes,0.04
Sonora,Guaymas,2022,Petrolero,Microgenerador,Lodos,Otros lodos,0.05
Sonora,Guaymas,2022,Petrolero,Microgenerador,Otros,Otros residuos,0.05
Sonora,Guaymas,2022,Petrolero,Microgenerador,Residuos sólidos,Otros sólidos,0.05
Sonora,Guaymas,2022,Petrolero,Microgenerador,Residuos sólidos,Otros sólidos,0.06
Sonora,Guaymas,2022,Petrolero,Microgenerador,Residuos sólidos,Otros sólidos,0.14
Sonora,Guaymas,2022,Petrolero,Pequeño Generador,Lodos,Otros lodos,0.1
Sonora,Guaymas,2022,Petrolero,Pequeño Generador,Otros,Otros residuos,0.1
Sonora,Guaymas,2022,Petrolero,Pequeño Generador,Otros,Otros residuos,0.65
Sonora,Guaymas,2022,Petrolero,Pequeño Generador,Residuos sólidos,Otros sólidos,0.1
Sonora,Hermosillo,2022,Petrolero,Microgenerador,Lodos,Lodos aceitosos,0.03
Sonora,Hermosillo,2022,Petrolero,Microgenerador,Residuos sólidos,"Estopa, trapo, plásticos, cartón, madera, brochas, papel, cepillo, etc., impregnados con pinturas, grasas, aceites, hidrocarburos",0.3
Sonora,Hermosillo,2022,Petrolero,Pequeño Generador,Aceites gastados,Lubricantes,4
Sonora,Hermosillo,2022,Petrolero,Pequeño Generador,Agua contaminada,"Agua contaminada con hidrocarburos, combustibles, aceite o grasa",1.7
Sonora,Hermosillo,2022,Petrolero,Pequeño Generador,"Baterías, celdas y pilas","Baterias, pilas y balastras",0.01
Sonora,Hermosillo,2022,Petrolero,Pequeño Generador,Lodos,Lodos aceitosos,0.5
Sonora,Hermosillo,2022,Petrolero,Pequeño Generador,Lodos,Otros lodos,0.4
Sonora,Hermosillo,2022,Petrolero,Pequeño Generador,Otros,Otros residuos,0.06
Sonora,Hermosillo,2022,Petrolero,Pequeño Generador,Residuos sólidos,"Estopa, trapo, plásticos, cartón, madera, brochas, papel, cepillo, etc., impregnados con pinturas, grasas, aceites, hidrocarburos",0.49
Sonora,Hermosillo,2022,Petrolero,Pequeño Generador,Residuos sólidos,"Lámparas fluorescentes, lámparas de vapor de mercurio",0.01
Sonora,Hermosillo,2022,Petrolero,Pequeño Generador,Residuos sólidos,Otros sólidos,0.35
Sonora,Hermosillo,2022,Petrolero,Pequeño Generador,Residuos sólidos,Otros sólidos,0.3
Sonora,Hermosillo,2022,Petrolero,Pequeño Generador,Residuos sólidos,Otros sólidos,1.4
Sonora,Moctezuma,2022,Petrolero,Microgenerador,Aceites gastados,Lubricantes,0.05
Sonora,Moctezuma,2022,Petrolero,Microgenerador,"Baterías, celdas y pilas","Baterias, pilas y balastras",0.01
Sonora,Moctezuma,2022,Petrolero,Microgenerador,Residuos sólidos,"Estopa, trapo, plásticos, cartón, madera, brochas, papel, cepillo, etc., impregnados con pinturas, grasas, aceites, hidrocarburos",0.02
Sonora,Moctezuma,2022,Petrolero,Microgenerador,Residuos sólidos,"Lámparas fluorescentes, lámparas de vapor de mercurio",0.01
Sonora,Navojoa,2022,Petrolero,Pequeño Generador,Aceites gastados,Lubricantes,4.4
Sonora,Navojoa,2022,Petrolero,Pequeño Generador,Lodos,Lodos aceitosos,0.1
Sonora,Navojoa,2022,Petrolero,Pequeño Generador,Lodos,Otros lodos,0.4
Sonora,Navojoa,2022,Petrolero,Pequeño Generador,Residuos sólidos,"Estopa, trapo, plásticos, cartón, madera, brochas, papel, cepillo, etc., impregnados con pinturas, grasas, aceites, hidrocarburos",0.4
Sonora,Navojoa,2022,Petrolero,Pequeño Generador,Residuos sólidos,Otros sólidos,0.3
Sonora,Navojoa,2022,Petrolero,Pequeño Generador,Residuos sólidos,Otros sólidos,0.35
Sonora,Navojoa,2022,Petrolero,Pequeño Generador,Residuos sólidos,Otros sólidos,1.4
Sonora,Pitiquito,2022,Petrolero,Pequeño Generador,Aceites gastados,Lubricantes,5.08
Sonora,Pitiquito,2022,Petrolero,Pequeño Generador,Lodos,Otros lodos,0.47
Sonora,Pitiquito,2022,Petrolero,Pequeño Generador,Otros,Otros residuos,0.18
Sonora,Pitiquito,2022,Petrolero,Pequeño Generador,Residuos sólidos,Otros sólidos,0.46
Sonora,Pitiquito,2022,Petrolero,Pequeño Generador,Residuos sólidos,Otros sólidos,0.53
Sonora,Pitiquito,2022,Petrolero,Pequeño Generador,Residuos sólidos,Otros sólidos,3.82
Sonora,Sáric,2022,Petrolero,Microgenerador,Aceites gastados,Lubricantes,0.04
Sonora,Sáric,2022,Petrolero,Microgenerador,Lodos,Otros lodos,0.06
Sonora,Sáric,2022,Petrolero,Microgenerador,Otros,Otros residuos,0.03
Sonora,Sáric,2022,Petrolero,Microgenerador,Residuos sólidos,Otros sólidos,0.02
Sonora,Sáric,2022,Petrolero,Microgenerador,Residuos sólidos,Otros sólidos,0.06
Sonora,Sáric,2022,Petrolero,Microgenerador,Residuos sólidos,Otros sólidos,0.14
Sonora,Baviácora,2023,Petrolífero,Microgenerador,Lodos,Lodos aceitosos,0.27
Sonora,Baviácora,2023,Petrolífero,Microgenerador,Residuos sólidos,"Estopa, trapo, plásticos, cartón, madera, brochas, papel, cepillo, etc., impregnados con pinturas, grasas, aceites, hidrocarburos",0.13
Sonora,Caborca,2023,Petrolífero,Pequeño Generador,"Gasolina, diésel y naftas gastados o sucios provenientes de estaciones de servicio y talleres automotrices","Gasolina, diesel y naftas gastados o sucios",0.6
Sonora,Caborca,2023,Petrolífero,Pequeño Generador,Lodos,Lodos aceitosos,0.4
Sonora,Caborca,2023,Petrolífero,Pequeño Generador,Residuos sólidos,"Estopa, trapo, plásticos, cartón, madera, brochas, papel, cepillo, etc., impregnados con pinturas, grasas, aceites, hidrocarburos",0.42
Sonora,Cajeme,2023,Petrolífero,Pequeño Generador,Lodos,Lodos aceitosos,7
Sonora,Cajeme,2023,Petrolífero,Pequeño Generador,Residuos sólidos,"Estopa, trapo, plásticos, cartón, madera, brochas, papel, cepillo, etc., impregnados con pinturas, grasas, aceites, hidrocarburos",0.71
Sonora,Cajeme,2023,Petrolífero,Pequeño Generador,Residuos sólidos,"Estopa, trapo, plásticos, cartón, madera, brochas, papel, cepillo, etc., impregnados con pinturas, grasas, aceites, hidrocarburos",1.17
Sonora,Cananea,2023,Petrolífero,Microgenerador,Lodos,Lodos aceitosos,0.08
Sonora,Cananea,2023,Petrolífero,Microgenerador,Residuos sólidos,"Estopa, trapo, plásticos, cartón, madera, brochas, papel, cepillo, etc., impregnados con pinturas, grasas, aceites, hidrocarburos",0.02
Sonora,Cananea,2023,Petrolífero,Pequeño Generador,Lodos,Lodos aceitosos,0.6
Sonora,Cananea,2023,Petrolífero,Pequeño Generador,Residuos sólidos,"Estopa, trapo, plásticos, cartón, madera, brochas, papel, cepillo, etc., impregnados con pinturas, grasas, aceites, hidrocarburos",0.2
Sonora,Empalme,2023,Petrolífero,Microgenerador,Residuos sólidos,"Estopa, trapo, plásticos, cartón, madera, brochas, papel, cepillo, etc., impregnados con pinturas, grasas, aceites, hidrocarburos",0.01
Sonora,Etchojoa,2023,Petrolífero,Microgenerador,Lodos,Lodos aceitosos,0.2
Sonora,Guaymas,2023,Petrolífero,Pequeño Generador,"Gasolina, diésel y naftas gastados o sucios provenientes de estaciones de servicio y talleres automotrices","Gasolina, diesel y naftas gastados o sucios",0.6
Sonora,Guaymas,2023,Petrolífero,Pequeño Generador,Residuos sólidos,"Estopa, trapo, plásticos, cartón, madera, brochas, papel, cepillo, etc., impregnados con pinturas, grasas, aceites, hidrocarburos",0.25
Sonora,Hermosillo,2023,Petrolífero,Microgenerador,Aceites gastados,Hidráulicos,0.48
Sonora,Hermosillo,2023,Petrolífero,Microgenerador,Aceites gastados,Lubricantes,0.13
Sonora,Hermosillo,2023,Petrolífero,Microgenerador,Agua contaminada,"Agua contaminada con hidrocarburos, combustibles, aceite o grasa",0.25
Sonora,Hermosillo,2023,Petrolífero,Microgenerador,"Baterías, celdas y pilas","Baterias, pilas y balastras",0.02
Sonora,Hermosillo,2023,Petrolífero,Microgenerador,Lodos,Lodos aceitosos,0.83
Sonora,Hermosillo,2023,Petrolífero,Microgenerador,Residuos sólidos,"Estopa, trapo, plásticos, cartón, madera, brochas, papel, cepillo, etc., impregnados con pinturas, grasas, aceites, hidrocarburos",0.72
Sonora,Hermosillo,2023,Petrolífero,Microgenerador,Residuos sólidos,"Lámparas fluorescentes, lámparas de vapor de mercurio",0.02
Sonora,Hermosillo,2023,Petrolífero,Pequeño Generador,Lodos,Lodos aceitosos,3
Sonora,Hermosillo,2023,Petrolífero,Pequeño Generador,Residuos sólidos,"Estopa, trapo, plásticos, cartón, madera, brochas, papel, cepillo, etc., impregnados con pinturas, grasas, aceites, hidrocarburos",1.66
Sonora,Hermosillo,2023,Petrolífero,Pequeño Generador,Residuos sólidos,"Estopa, trapo, plásticos, cartón, madera, brochas, papel, cepillo, etc., impregnados con pinturas, grasas, aceites, hidrocarburos",2.86
Sonora,Huatabampo,2023,Petrolífero,Microgenerador,Aceites gastados,Lubricantes,0.02
Sonora,Huatabampo,2023,Petrolífero,Microgenerador,Agua contaminada,"Agua contaminada con hidrocarburos, combustibles, aceite o grasa",0.06
Sonora,Huatabampo,2023,Petrolífero,Microgenerador,"Baterías, celdas y pilas","Baterias, pilas y balastras",0
Sonora,Huatabampo,2023,Petrolífero,Microgenerador,Lodos,Lodos aceitosos,0.18
Sonora,Huatabampo,2023,Petrolífero,Microgenerador,Residuos sólidos,"Estopa, trapo, plásticos, cartón, madera, brochas, papel, cepillo, etc., impregnados con pinturas, grasas, aceites, hidrocarburos",0.09
Sonora,Huatabampo,2023,Petrolífero,Microgenerador,Residuos sólidos,"Lámparas fluorescentes, lámparas de vapor de mercurio",0
Sonora,Navojoa,2023,Petrolífero,Microgenerador,Lodos,Lodos aceitosos,0.1
Sonora,Nogales,2023,Petrolífero,Pequeño Generador,Residuos sólidos,"Estopa, trapo, plásticos, cartón, madera, brochas, papel, cepillo, etc., impregnados con pinturas, grasas, aceites, hidrocarburos",0.8
Sonora,Pitiquito,2023,Petrolífero,Microgenerador,Lodos,Lodos aceitosos,0.01
Sonora,Puerto Peñasco,2023,Petrolífero,Microgenerador,Aceites gastados,Hidráulicos,0.16
Sonora,Puerto Peñasco,2023,Petrolífero,Microgenerador,Agua contaminada,"Agua contaminada con hidrocarburos, combustibles, aceite o grasa",0.03
Sonora,Puerto Peñasco,2023,Petrolífero,Microgenerador,Lodos,Lodos aceitosos,0.02
Sonora,Puerto Peñasco,2023,Petrolífero,Microgenerador,Residuos sólidos,"Estopa, trapo, plásticos, cartón, madera, brochas, papel, cepillo, etc., impregnados con pinturas, grasas, aceites, hidrocarburos",0.06
Sonora,Puerto Peñasco,2023,Petrolífero,Pequeño Generador,Lodos,Lodos aceitosos,1.1
Sonora,Puerto Peñasco,2023,Petrolífero,Pequeño Generador,Residuos sólidos,"Estopa, trapo, plásticos, cartón, madera, brochas, papel, cepillo, etc., impregnados con pinturas, grasas, aceites, hidrocarburos",0.38
Sonora,San Luis Río Colorado,2023,Petrolífero,Microgenerador,Lodos,Lodos aceitosos,0.4
Sonora,Ures,2023,Petrolífero,Microgenerador,Lodos,Lodos aceitosos,0.02
Sonora,Caborca,2024,Petrolífero,Microgenerador,Lodos,Lodos aceitosos,0.34
Sonora,Caborca,2024,Petrolífero,Microgenerador,Residuos sólidos,"Estopa, trapo, plásticos, cartón, madera, brochas, papel, cepillo, etc., impregnados con pinturas, grasas, aceites, hidrocarburos",0.04
Sonora,Cajeme,2024,Petrolífero,Microgenerador,Aceites gastados,Lubricantes,0.01
Sonora,Cajeme,2024,Petrolífero,Microgenerador,"Baterías, celdas, pilas, balastras","Baterias, pilas, acumuladores, balastras",0
Sonora,Cajeme,2024,Petrolífero,Microgenerador,Residuos sólidos,"Estopa, trapo, plásticos, cartón, madera, brochas, papel, cepillo, etc., impregnados con pinturas, grasas, aceites, hidrocarburos",0.01
Sonora,Cajeme,2024,Petrolífero,Microgenerador,Residuos sólidos,"Lámparas fluorescentes, lámparas de vapor de mercurio",0
Sonora,Cajeme,2024,Petrolífero,Pequeño Generador,Lodos,Lodos aceitosos,0.45
Sonora,Cajeme,2024,Petrolífero,Pequeño Generador,Residuos sólidos,"Estopa, trapo, plásticos, cartón, madera, brochas, papel, cepillo, etc., impregnados con pinturas, grasas, aceites, hidrocarburos",0.08
Sonora,Cumpas,2024,Petrolífero,Microgenerador,Lodos,Lodos aceitosos,0.27
Sonora,Cumpas,2024,Petrolífero,Microgenerador,Residuos sólidos,"Estopa, trapo, plásticos, cartón, madera, brochas, papel, cepillo, etc., impregnados con pinturas, grasas, aceites, hidrocarburos",0.13
Sonora,Guaymas,2024,Petrolífero,Microgenerador,Aceites gastados,Lubricantes,0.01
Sonora,Guaymas,2024,Petrolífero,Microgenerador,Lodos,Lodos aceitosos,0.27
Sonora,Guaymas,2024,Petrolífero,Microgenerador,Residuos sólidos,"Estopa, trapo, plásticos, cartón, madera, brochas, papel, cepillo, etc., impregnados con pinturas, grasas, aceites, hidrocarburos",0.15
Sonora,Hermosillo,2024,Petrolífero,Microgenerador,Aceites gastados,Hidráulicos,0.32
Sonora,Hermosillo,2024,Petrolífero,Microgenerador,Aceites gastados,Lubricantes,0.19
Sonora,Hermosillo,2024,Petrolífero,Microgenerador,Gasolina y otros combustibles,"Gasolina, diesel y naftas gastados o sucios",0.12
Sonora,Hermosillo,2024,Petrolífero,Microgenerador,Lodos,Lodos aceitosos,1.76
Sonora,Hermosillo,2024,Petrolífero,Microgenerador,Residuos sólidos,"Estopa, trapo, plásticos, cartón, madera, brochas, papel, cepillo, etc., impregnados con pinturas, grasas, aceites, hidrocarburos",0.92
Sonora,Hermosillo,2024,Petrolífero,Pequeño Generador,Aceites gastados,Lubricantes,1
Sonora,Hermosillo,2024,Petrolífero,Pequeño Generador,Lodos,Lodos aceitosos,2
Sonora,Hermosillo,2024,Petrolífero,Pequeño Generador,Residuos sólidos,"Estopa, trapo, plásticos, cartón, madera, brochas, papel, cepillo, etc., impregnados con pinturas, grasas, aceites, hidrocarburos",4.39
Sonora,Hermosillo,2024,Petrolífero,Pequeño Generador,Solventes,Residuos de solventes,0.1
Sonora,Huatabampo,2024,Petrolífero,Microgenerador,Aceites gastados,Hidráulicos,0.16
Sonora,Huatabampo,2024,Petrolífero,Microgenerador,Gasolina y otros combustibles,"Gasolina, diesel y naftas gastados o sucios",0.06
Sonora,Huatabampo,2024,Petrolífero,Microgenerador,Lodos,Lodos aceitosos,0.02
Sonora,Huatabampo,2024,Petrolífero,Microgenerador,Residuos sólidos,"Estopa, trapo, plásticos, cartón, madera, brochas, papel, cepillo, etc., impregnados con pinturas, grasas, aceites, hidrocarburos",0.03
Sonora,Naco,2024,Petrolífero,Microgenerador,Lodos,Lodos aceitosos,0.27
Sonora,Naco,2024,Petrolífero,Microgenerador,Residuos sólidos,"Estopa, trapo, plásticos, cartón, madera, brochas, papel, cepillo, etc., impregnados con pinturas, grasas, aceites, hidrocarburos",0.13
Sonora,Nogales,2024,Petrolífero,Microgenerador,Aceites gastados,Hidráulicos,0.16
Sonora,Nogales,2024,Petrolífero,Microgenerador,Gasolina y otros combustibles,"Gasolina, diesel y naftas gastados o sucios",0.06
Sonora,Nogales,2024,Petrolífero,Microgenerador,Lodos,Lodos aceitosos,0.02
Sonora,Nogales,2024,Petrolífero,Microgenerador,Residuos sólidos,"Estopa, trapo, plásticos, cartón, madera, brochas, papel, cepillo, etc., impregnados con pinturas, grasas, aceites, hidrocarburos",0.03
Sonora,Nogales,2024,Petrolífero,Pequeño Generador,Agua contaminada,"Agua contaminada con hidrocarburos, combustibles, aceite o grasa",0.38
Sonora,Nogales,2024,Petrolífero,Pequeño Generador,Residuos sólidos,"Estopa, trapo, plásticos, cartón, madera, brochas, papel, cepillo, etc., impregnados con pinturas, grasas, aceites, hidrocarburos",0.16
Sonora,Pitiquito,2024,Petrolero,Pequeño Generador,Aceites gastados,Hidráulicos,0.3
Sonora,Pitiquito,2024,Petrolero,Pequeño Generador,Aceites gastados,Hidráulicos,1.1
Sonora,Pitiquito,2024,Petrolero,Pequeño Generador,Aceites gastados,Lubricantes,0.3
Sonora,Pitiquito,2024,Petrolero,Pequeño Generador,Aceites gastados,Lubricantes,1.3
Sonora,Pitiquito,2024,Petrolero,Pequeño Generador,Biológico-infecciosos,Residuos no anatómicos,0.01
Sonora,Pitiquito,2024,Petrolero,Pequeño Generador,Líquidos de proceso,Líquidos residuales de proceso,0.1
Sonora,Pitiquito,2024,Petrolero,Pequeño Generador,Líquidos de proceso,Líquidos residuales de proceso,0.8
Sonora,Pitiquito,2024,Petrolero,Pequeño Generador,Lodos,Lodos aceitosos,0.2
Sonora,Pitiquito,2024,Petrolero,Pequeño Generador,Residuos sólidos,Con metales pesados,0.8
Sonora,Pitiquito,2024,Petrolero,Pequeño Generador,Residuos sólidos,Otros sólidos,0.01
Sonora,Pitiquito,2024,Petrolero,Pequeño Generador,Residuos sólidos,Otros sólidos,4.52
Sonora,Pitiquito,2024,Petrolero,Pequeño Generador,Residuos sólidos,Otros sólidos,1.23
Sonora,Pitiquito,2024,Petrolero,Pequeño Generador,Residuos sólidos,"Telas, pieles o asbesto",2
Sonora,Pitiquito,2024,Petrolero,Pequeño Generador,Residuos sólidos,"Telas, pieles o asbesto",1.5
Sonora,Pitiquito,2024,Petrolero,Pequeño Generador,Solventes,Orgánicos,0.25
Sonora,San Luis Río Colorado,2024,Petrolífero,Microgenerador,Lodos,Lodos aceitosos,0.35
Sonora,San Luis Río Colorado,2024,Petrolífero,Microgenerador,Residuos sólidos,"Estopa, trapo, plásticos, cartón, madera, brochas, papel, cepillo, etc., impregnados con pinturas, grasas, aceites, hidrocarburos",0.03
Sonora,San Luis Río Colorado,2024,Petrolífero,Pequeño Generador,Lodos,Lodos aceitosos,0.6
Sonora,San Luis Río Colorado,2024,Petrolífero,Pequeño Generador,Residuos sólidos,"Estopa, trapo, plásticos, cartón, madera, brochas, papel, cepillo, etc., impregnados con pinturas, grasas, aceites, hidrocarburos",0.2
Tabasco,Sin Dato,2017,Petrolero,Pequeno Generador,Lodos,Lodos del separador api y carcamos en la refinacion de petroleo y almacenamiento de productos derivadosos,1
Tabasco,Sin Dato,2017,Petroleo y petroquimica,Gran Generador,Lodos,Lodos del separador api y carcamos en la refinacion de petroleo y almacenamiento de productos derivadosos,2
Tabasco,Sin Dato,2017,Petrolero,Microgenerador,Aceites gastados,Lubricantes,0
Tabasco,Sin Dato,2017,Petrolero,Microgenerador,Lodos aceitosos,Otros lodos,2.4
Tabasco,Sin Dato,2017,Petrolero,Microgenerador,Material textil,"Telas, felpas, estopas",0.15
Tabasco,Sin Dato,2017,Petrolero,Microgenerador,Residuos solidos,"Botes o recipientes que contuvieron contaminantes diversos, latas de pintura, aerosoles",3.6
Tabasco,Sin Dato,2017,Petrolero,Microgenerador,Residuos solidos,Otros solidos,0.05
Tabasco,Sin Dato,2017,Petrolero,Pequeno Generador,Aceites gastados,Lubricantes,4
Tabasco,Sin Dato,2017,Petrolero,Pequeno Generador,"Baterias, celdas y pilas",Pilas alcalinas,0
Tabasco,Sin Dato,2017,Petrolero,Pequeno Generador,"Baterias, celdas y pilas","Pilas, baterias, acumuladores, celdas de desecho: niquel-cadmio, plomo, mercurio",0
Tabasco,Sin Dato,2017,Petrolero,Pequeno Generador,"Gasolina, diesel y naftas gastados o sucios provenientes de estaciónes de servicio y talleres automotrices","Gasolina, diesel y naftas gastados o sucios provenientes de estaciones de servicio y talleres automotrices",0.68
Tabasco,Sin Dato,2017,Petrolero,Pequeno Generador,"Gasolina, diesel y naftas gastados o sucios provenientes de estaciónes de servicio y talleres automotrices","Mezclas de combustibles sucios, mezclas de hidrocarburos, naftas",0.2
Tabasco,Sin Dato,2017,Petrolero,Pequeno Generador,Liquidos de proceso,"Agua contaminada con hidrocarburos, combustibles, aceite o grasa",16
Tabasco,Sin Dato,2017,Petrolero,Pequeno Generador,Lodos,Lodos provenientes de tanques de almacenaniento,0.9
Tabasco,Sin Dato,2017,Petrolero,Pequeno Generador,Lodos aceitosos,"Con contaminacion de hidrocarburos, combustibles, aceite",1
Tabasco,Sin Dato,2017,Petrolero,Pequeno Generador,Lodos aceitosos,Lodos procedentes de trampas de grasas e hidrocarburos,3.05
Tabasco,Sin Dato,2017,Petrolero,Pequeno Generador,Lodos aceitosos,Otros lodos,1.2
Tabasco,Sin Dato,2017,Petrolero,Pequeno Generador,Pinturas y productos relacionados,"Residuos de pinturas, pinturas caducadas",0.63
Tabasco,Sin Dato,2017,Petrolero,Pequeno Generador,Residuos solidos,Balastras,0.02
Tabasco,Sin Dato,2017,Petrolero,Pequeno Generador,Residuos solidos,"Botes o recipientes que contuvieron contaminantes diversos, latas de pintura, aerosoles",3.17
Tabasco,Sin Dato,2017,Petrolero,Pequeno Generador,Residuos solidos,De mantenimiento automotríz,0.05
Tabasco,Sin Dato,2017,Petrolero,Pequeno Generador,Residuos solidos,"Estopa, trapo, plasticos, carton, madera, brochas, papel, cepillo, etc., impregnados con pinturas, grasas, aceites, hidrocarburos",1.12
Tabasco,Sin Dato,2017,Petrolero,Pequeno Generador,Residuos solidos,Lampara fluorescentes,0.03
Tabasco,Sin Dato,2017,Petrolero,Pequeno Generador,Residuos solidos,"Mangueras, pistolas o filtros para despacho de combustibles, descarga de contaminantes",0.04
Tabasco,Sin Dato,2017,Petrolero,Pequeno Generador,Residuos solidos,"Tierra, grava, acerrín impregnados con aceites, grasas e hidrocarburos",0.22
Tabasco,Sin Dato,2017,Petrolero,Gran Generador,Aceites gastados,Lubricantes,22
Tabasco,Sin Dato,2017,Petrolero,Gran Generador,"Baterias, celdas y pilas","Pilas, baterias, acumuladores, celdas de desecho: niquel-cadmio, plomo, mercurio",0.5
Tabasco,Sin Dato,2017,Petrolero,Gran Generador,"Baterias, celdas y pilas",Pilas o baterias zinc-oxido de plata usadas o desechada,3.5
Tabasco,Sin Dato,2017,Petrolero,Gran Generador,Liquidos de proceso,"Agua contaminada con hidrocarburos, combustibles, aceite o grasa",488
Tabasco,Sin Dato,2017,Petrolero,Gran Generador,Lodos aceitosos,No especificado,86
Tabasco,Sin Dato,2017,Petrolero,Gran Generador,Lodos aceitosos,Otros lodos,52.5
Tabasco,Sin Dato,2017,Petrolero,Gran Generador,Material textil,"Telas, felpas, estopas",20
Tabasco,Sin Dato,2017,Petrolero,Gran Generador,Productos químicos caducos,Farmacos caducos,0
Tabasco,Sin Dato,2017,Petrolero,Gran Generador,Productos químicos caducos,No especificado,52.5
Tabasco,Sin Dato,2017,Petrolero,Gran Generador,Residuos Liquidos,"Residuos de sustancias contaminantes (hidrocarburos, combustibles, aceites, grasas, pinturas)",2
Tabasco,Sin Dato,2017,Petrolero,Gran Generador,Residuos solidos,"Estopa, trapo, plasticos, carton, madera, brochas, papel, cepillo, etc., impregnados con pinturas, grasas, aceites, hidrocarburos",56.5
Tabasco,Sin Dato,2017,Petrolero,Gran Generador,Residuos solidos,Lampara fluorescentes,0.5
Tabasco,Sin Dato,2017,Petroleo y petroquimica,Pequeno Generador,Aceites gastados,Lubricantes,0.83
Tabasco,Sin Dato,2017,Petroleo y petroquimica,Pequeno Generador,"Baterias, celdas y pilas","Pilas, baterias, acumuladores, celdas de desecho: niquel-cadmio, plomo, mercurio",0.33
Tabasco,Sin Dato,2017,Petroleo y petroquimica,Pequeno Generador,Material textil,"Telas, felpas, estopas",0.83
Tabasco,Sin Dato,2017,Petroleo y petroquimica,Pequeno Generador,Residuos solidos,De mantenimiento automotríz,0.6
Tabasco,Sin Dato,2017,Petroleo y petroquimica,Pequeno Generador,Residuos solidos,"Estopa, trapo, plasticos, carton, madera, brochas, papel, cepillo, etc., impregnados con pinturas, grasas, aceites, hidrocarburos",0.84
Tabasco,Sin Dato,2017,Petroleo y petroquimica,Gran Generador,Aceites gastados,Lubricantes,1
Tabasco,Sin Dato,2017,Petroleo y petroquimica,Gran Generador,"Baterias, celdas y pilas",Pilas alcalinas,1
Tabasco,Sin Dato,2017,Petroleo y petroquimica,Gran Generador,"Baterias, celdas y pilas","Pilas, baterias, acumuladores, celdas de desecho: niquel-cadmio, plomo, mercurio",6
Tabasco,Sin Dato,2017,Petroleo y petroquimica,Gran Generador,Lodos,Lodos provenientes de tanques de almacenaniento,8
Tabasco,Sin Dato,2017,Petroleo y petroquimica,Gran Generador,Lodos,"Lodos residuales de proceso, de tratamiento de aguas residuales",25
Tabasco,Sin Dato,2017,Petroleo y petroquimica,Gran Generador,Lodos aceitosos,Otros lodos,25
Tabasco,Sin Dato,2017,Petroleo y petroquimica,Gran Generador,Pinturas y productos relacionados,"Residuos de pinturas, pinturas caducadas",1.5
Tabasco,Sin Dato,2017,Petroleo y petroquimica,Gran Generador,Productos químicos caducos,No especificado,5
Tabasco,Sin Dato,2017,Petroleo y petroquimica,Gran Generador,Residuos Liquidos,"Residuos de sustancias contaminantes (hidrocarburos, combustibles, aceites, grasas, pinturas)",50
Tabasco,Sin Dato,2017,Petroleo y petroquimica,Gran Generador,Residuos solidos,Asbesto,10
Tabasco,Sin Dato,2017,Petroleo y petroquimica,Gran Generador,Residuos solidos,"Botes o recipientes que contuvieron contaminantes diversos, latas de pintura, aerosoles",10.5
Tabasco,Sin Dato,2017,Petroleo y petroquimica,Gran Generador,Residuos solidos,"Estopa, trapo, plasticos, carton, madera, brochas, papel, cepillo, etc., impregnados con pinturas, grasas, aceites, hidrocarburos",29
Tabasco,Sin Dato,2017,Petroleo y petroquimica,Gran Generador,Residuos solidos,Lampara fluorescentes,2.2
Tabasco,Sin Dato,2017,Petroleo y petroquimica,Gran Generador,Residuos solidos,Otros solidos,50
Tabasco,Sin Dato,2017,Petroleo y petroquimica,Gran Generador,Sustancias corrosivas,Acidos,1
Tabasco,Sin Dato,2017,Petrolero,Gran Generador,Solventes,Solventes organicos usados,1
Tabasco,Sin Dato,2017,Petroleo y petroquimica,Gran Generador,Solventes,Solventes organicos usados,1
Tabasco,Sin Dato,2018,Petrolifero,Microgenerador,Aceites gastados (Lubricantes),Aceites gastados lubricantes,0.04
Tabasco,Sin Dato,2018,Petrolifero,Microgenerador,Residuos de pinturas y esmaltes,Felpas impregnadas de Pigmentos,0.01
Tabasco,Sin Dato,2018,Petrolifero,Microgenerador,Filtro de aire o aceite contaminados,Filtros de aire usados,0.02
Tabasco,Sin Dato,2018,Petrolifero,Microgenerador,"Gasolina, Diesel y Naftas gastados o sucios","Gasolina, Diesel y Naftas gastados o sucios provenientes de Estaciones de Servicio y Talleres Automotrices",0.05
Tabasco,Sin Dato,2018,Petrolifero,Microgenerador,Lamparas fluorescentes y de vapor de mercurio,Lamparas fluorescentes y de vapor de mercurio,0.04
Tabasco,Sin Dato,2018,Petrolifero,Microgenerador,Liquidos residuales de proceso corrosivos,Agua con hidrocaruros,0.02
Tabasco,Sin Dato,2018,Petrolifero,Microgenerador,Lodos Contaminados con Hidrocarburos,Lodos aceitosos,0.47
Tabasco,Sin Dato,2018,Petrolifero,Microgenerador,Pilas o Baterias con Litio o Cadmio,Pilas Niquel-Cadmio,0.01
Tabasco,Sin Dato,2018,Petrolifero,Microgenerador,Solidos contaminados con hidrocarburos diversos,"Filtros, mangueras, envases, botes, cubetas, contenedores, trapos, guantes, carton, aserrin, material absorbente,Estopas y trapos impregnados con combustible, Envases vacios impregnados de aceite",0.7
Tabasco,Sin Dato,2018,Petrolifero,Pequeno generador,Aceites gastados (Lubricantes),Aceites gastados lubricantes,6
Tabasco,Sin Dato,2018,Petrolifero,Pequeno generador,Baterias alcalinas,Pilas alcalinas,0.02
Tabasco,Sin Dato,2018,Petrolifero,Pequeno generador,Filtro de aire o aceite contaminados,Filtros de aire usados,0.54
Tabasco,Sin Dato,2018,Petrolifero,Pequeno generador,"Gasolina, Diesel y Naftas gastados o sucios","Gasolina, Diesel y Naftas gastados o sucios provenientes de Estaciones de Servicio y Talleres Automotrices",2.8
Tabasco,Sin Dato,2018,Petrolifero,Pequeno generador,Lamparas fluorescentes y de vapor de mercurio,Lamparas fluorescentes y de vapor de mercurio,0.07
Tabasco,Sin Dato,2018,Petrolifero,Pequeno generador,Liquidos residuales de proceso no corrosivos,Aguas oleosas,67.39
Tabasco,Sin Dato,2018,Petrolifero,Pequeno generador,Lodos Contaminados con Hidrocarburos,Lodos con aceite y restos de hidrocarburos,79.68
Tabasco,Sin Dato,2018,Petrolifero,Pequeno generador,Lodos de tanques de almacenamiento de hidrocarburos,Lodos de tanques de hidrocarburos,13.3
Tabasco,Sin Dato,2018,Petrolifero,Pequeno generador,Pilas o Baterias con Litio o Cadmio,Pilas Niquel-Cadmio,0.03
Tabasco,Sin Dato,2018,Petrolifero,Pequeno generador,Solidos contaminados con hidrocarburos diversos,"Filtros, mangueras, envases, botes, cubetas, contenedores, trapos, guantes, carton, aserrin, material absorbente,Estopas y trapos impregnados con combustible, Envases vacios impregnados de aceite",25.56
Tabasco,Sin Dato,2018,Petrolero,Pequeno generador,Solidos,Otros,2.5
Tabasco,Sin Dato,2018,Petrolero,Pequeno generador,Solidos,De mantenimiento,1.2
Tabasco,Sin Dato,2018,Petrolero,Pequeno generador,Otros residuos peligrosos,Otros,3
Tabasco,Sin Dato,2018,Petrolero,Gran generador,Solidos,Otros,10158.3
Tabasco,Sin Dato,2018,Petrolero,Gran generador,Solidos,Otros,40
Tabasco,Sin Dato,2018,Petrolero,Gran generador,Solidos,Otros,2.1
Tabasco,Sin Dato,2018,Petrolero,Gran generador,Solidos,De mantenimiento,5
Tabasco,Sin Dato,2018,Petrolero,Gran generador,Solidos,Con metales pesados,2
Tabasco,Sin Dato,2018,Petrolero,Gran generador,Solidos,Con metales pesados,0.1
Tabasco,Sin Dato,2018,Petrolero,Gran generador,Lodos provenientes de,Otros,0.5
Tabasco,Sin Dato,2018,Petrolero,Gran generador,Lodos provenientes de,Otros,5
Tabasco,Sin Dato,2018,Petrolero,Gran generador,Lodos provenientes de,Otros,15001
Tabasco,Sin Dato,2018,Petrolero,Gran generador,Aceites gastados,Lubricantes,0.85
Tabasco,Sin Dato,2018,Petrolero,Gran generador,Aceites gastados,Lubricantes,0.3
Tabasco,Sin Dato,2018,Petrolero,Gran generador,Lodos aceitosos,Lodos aceitosos,49
Tabasco,Sin Dato,2018,Petrolero,Gran generador,Lodos aceitosos,Lodos aceitosos,4
Tabasco,Sin Dato,2018,Petrolero,Gran generador,Otros residuos peligrosos,Otros,10
Tabasco,Sin Dato,2018,Petrolero,Gran generador,Solventes,Organicos,0.05
Tabasco,Sin Dato,2018,Petrolero,Gran generador,Solventes,Organicos,1
Tabasco,Sin Dato,2019,Petrolero,Pequeno Generador,Otros,Otros residuos,0
Tabasco,Sin Dato,2019,Petrolero,Pequeno Generador,Residuos solidos,De mantenimiento automotríz,0
Tabasco,Sin Dato,2019,Petrolero,Pequeno Generador,Residuos solidos,Otros: Varios,0
Tabasco,Sin Dato,2019,Petrolero,Gran Generador,Aceites gastados,Lubricantes,101.7
Tabasco,Sin Dato,2019,Petrolero,Gran Generador,Aceites gastados,Lubricantes,30
Tabasco,Sin Dato,2019,Petrolero,Gran Generador,Aceites gastados,Lubricantes,0
Tabasco,Sin Dato,2019,Petrolero,Gran Generador,Lodos,Lodos aceitosos,3188
Tabasco,Sin Dato,2019,Petrolero,Gran Generador,Lodos,Lodos aceitosos,21.38
Tabasco,Sin Dato,2019,Petrolero,Gran Generador,Lodos,Lodos aceitosos,0
Tabasco,Sin Dato,2019,Petrolero,Gran Generador,Lodos,Otros lodos,0
Tabasco,Sin Dato,2019,Petrolero,Gran Generador,Lodos,Otros lodos,0
Tabasco,Sin Dato,2019,Petrolero,Gran Generador,Lodos,Otros,17.5
Tabasco,Sin Dato,2019,Petrolero,Gran Generador,Otros,Otros residuos,0
Tabasco,Sin Dato,2019,Petrolero,Gran Generador,Otros,Otros residuos,8
Tabasco,Sin Dato,2019,Petrolero,Gran Generador,Otros,Otros residuos,0.05
Tabasco,Sin Dato,2019,Petrolero,Gran Generador,Otros,Otros residuos,555.7166
Tabasco,Sin Dato,2019,Petrolero,Gran Generador,Otros,Otros residuos,4.02
Tabasco,Sin Dato,2019,Petrolero,Gran Generador,Residuos solidos,Con metales pesados,0.01
Tabasco,Sin Dato,2019,Petrolero,Gran Generador,Residuos solidos,Otros,314.358
Tabasco,Sin Dato,2019,Petrolero,Gran Generador,Residuos solidos,De mantenimiento,0.01
Tabasco,Sin Dato,2019,Petrolero,Gran Generador,Residuos solidos,Otros: Varios,1
Tabasco,Sin Dato,2019,Petrolero,Gran Generador,Residuos solidos,Otros,64.98
Tabasco,Sin Dato,2019,Petrolero,Gran Generador,Residuos solidos,Otros,38.24
Tabasco,Sin Dato,2019,Petrolero,Gran Generador,Residuos solidos,Otros,0
Tabasco,Sin Dato,2019,Petrolero,Gran Generador,Residuos solidos,Otros,0.02
Tabasco,Sin Dato,2019,Petrolero,Gran Generador,Residuos solidos,Otros,12.32
Tabasco,Sin Dato,2019,Petrolero,Gran Generador,Solventes,Orgánicos,4
Tabasco,Sin Dato,2019,Petrolero,Gran Generador,Solventes,Orgánicos,0
Tabasco,Sin Dato,2019,Petrolero,Gran Generador,Biológico infeccioso,Sangre,0.1
Tabasco,Sin Dato,2019,Petrolero,Gran Generador,Biológico infeccioso,Residuos no anatómicos,0.1
Tabasco,Sin Dato,2019,Petrolero,Gran Generador,Biológico infeccioso,Residuos patológicos,0.1
Tabasco,Sin Dato,2019,Petrolero,Gran Generador,Biológico infeccioso,Objetos punzocortantes,0.105
Tabasco,Sin Dato,2019,Petrolero,Gran Generador,Biológico infeccioso,Cultivos y cepas,0.1
Tabasco,Sin Dato,2019,Petrolifero,Microgenerador,Aceites gastados,Lubricantes,0.003
Tabasco,Sin Dato,2019,Petrolifero,Microgenerador,"Baterias, celdas y pilas",Pilas o baterias de Niquel - Cadmio,0
Tabasco,Sin Dato,2019,Petrolifero,Microgenerador,"Gasolina, diesel y naftas gastados o sucios provenientes de estaciónes de servicio y talleres automotrices","Gasolina, diesel y naftas gastados o sucios provenientes de estaciones de servicio y talleres automotrices",0
Tabasco,Sin Dato,2019,Petrolifero,Microgenerador,Liquidos de proceso,Corrosivos,0
Tabasco,Sin Dato,2019,Petrolifero,Microgenerador,Lodos,Lodos aceitosos,0
Tabasco,Sin Dato,2019,Petrolifero,Microgenerador,Pinturas y productos relacionados,"Estopa, trapo, plásticos, cartón, madera, brochas, papel, cepillo, etc., impregnados con pinturas, grasas, aceites, hidrocarburos",0
Tabasco,Sin Dato,2019,Petrolifero,Microgenerador,Residuos solidos,"Estopa, trapo, plásticos, cartón, madera, brochas, papel, cepillo, etc., impregnados con pinturas, grasas, aceites, hidrocarburos",0.005
Tabasco,Sin Dato,2019,Petrolifero,Microgenerador,Residuos solidos,Filtro de aire o de aceite contaminados,0
Tabasco,Sin Dato,2019,Petrolifero,Microgenerador,Residuos solidos,Lámpara fluorescentes,0.001
Tabasco,Sin Dato,2019,Petrolifero,Pequeno Generador,Aceites gastados,Lubricantes,0
Tabasco,Sin Dato,2019,Petrolifero,Pequeno Generador,"Baterias, celdas y pilas",Pilas alcalinas,0
Tabasco,Sin Dato,2019,Petrolifero,Pequeno Generador,"Baterias, celdas y pilas",Pilas o baterias de Niquel - Cadmio,0
Tabasco,Sin Dato,2019,Petrolifero,Pequeno Generador,"Gasolina, diesel y naftas gastados o sucios provenientes de estaciónes de servicio y talleres automotrices","Gasolina, diesel y naftas gastados o sucios provenientes de estaciones de servicio y talleres automotrices",0
Tabasco,Sin Dato,2019,Petrolifero,Pequeno Generador,Liquidos de proceso,"Otros: Agua oleosa, agua contaminada",0
Tabasco,Sin Dato,2019,Petrolifero,Pequeno Generador,Lodos,Lodos aceitosos,0
Tabasco,Sin Dato,2019,Petrolifero,Pequeno Generador,Lodos,Lodos procedentes de trampas de grasas e hidrocarburos,0
Tabasco,Sin Dato,2019,Petrolifero,Pequeno Generador,Residuos solidos,"Estopa, trapo, plásticos, cartón, madera, brochas, papel, cepillo, etc., impregnados con pinturas, grasas, aceites, hidrocarburos",0
Tabasco,Sin Dato,2019,Petrolifero,Pequeno Generador,Residuos solidos,Filtro de aire o de aceite contaminados,0
Tabasco,Sin Dato,2019,Petrolifero,Pequeno Generador,Residuos solidos,Lámpara fluorescentes,0
Tabasco,Sin Dato,2020,Petrolero,Gran Generador,Aceites gastados,Hidráulicos,1.5
Tabasco,Sin Dato,2020,Petrolero,Gran Generador,Aceites gastados,Lubricantes,50
Tabasco,Sin Dato,2020,Petrolero,Gran Generador,Aceites gastados,Lubricantes,2
Tabasco,Sin Dato,2020,Petrolero,Gran Generador,Biológico-infecciosos,Objetos punzocortantes,1.925
Tabasco,Sin Dato,2020,Petrolero,Gran Generador,Biológico-infecciosos,Residuos no anatómicos,0.02
Tabasco,Sin Dato,2020,Petrolero,Gran Generador,Líquidos residuales de procesos,Corrosivos,30
Tabasco,Sin Dato,2020,Petrolero,Gran Generador,Lodos provenientes de:,Otros,230
Tabasco,Sin Dato,2020,Petrolero,Gran Generador,Otros,Otros,580.43
Tabasco,Sin Dato,2020,Petrolero,Gran Generador,Otros,Otros,1.28
Tabasco,Sin Dato,2020,Petrolero,Gran Generador,Otros,Otros,0.01
Tabasco,Sin Dato,2020,Petrolero,Gran Generador,Otros,Otros,30
Tabasco,Sin Dato,2020,Petrolero,Gran Generador,Sólidos,Con metales pesados,0.96
Tabasco,Sin Dato,2020,Petrolero,Gran Generador,Sólidos,Otros,21.7
Tabasco,Sin Dato,2020,Petrolero,Gran Generador,Sólidos,Otros,880.545
Tabasco,Sin Dato,2020,Petrolero,Gran Generador,Solventes,Orgánicos,1
Tabasco,Sin Dato,2020,Petrolero,Gran Generador,Sustancias corrosivas,Alcalis,0.2
Tabasco,Sin Dato,2020,Petrolero,Pequeno Generador,OTROS,AGUA CON DIÉSEL,1.5
Tabasco,Sin Dato,2020,Petrolero,Pequeno Generador,OTROS,AGUA CON HIDROCARBUROS,1.5
Tabasco,Sin Dato,2020,Petrolero,Pequeno Generador,OTROS,COMBUSTIBLE RESIDUAL (COMBUSTIBLE RESIDUAL FUERA DE ESPECIFICACIONES),5
Tabasco,Sin Dato,2020,Petrolero,Pequeno Generador,SÓLIDOS,SÓLIDOS OTROS,1.6
Tabasco,Sin Dato,2020,Petrolifero,Microgenerador,Aceites hidraúlicos,Aceites gastados hidráulicos,0.015
Tabasco,Sin Dato,2020,Petrolifero,Microgenerador,Aceites lubricantes,Aceites gastados lubricantes,0.44
Tabasco,Sin Dato,2020,Petrolifero,Microgenerador,Líquidos de proceso,Aguas aceitosas,0.47
Tabasco,Sin Dato,2020,Petrolifero,Microgenerador,"Baterias, pilas y balastras","Baterias, pilas y balastras",0.027
Tabasco,Sin Dato,2020,Petrolifero,Microgenerador,"Gasollina, diésel y naftas gastados","Gasollina, diésel y naftas gastados",0.056
Tabasco,Sin Dato,2020,Petrolifero,Microgenerador,Lámparas fluorescentes y de vapor de mercurio,Lámparas fluorescentes y de vapor de mercurio,0.033
Tabasco,Sin Dato,2020,Petrolifero,Microgenerador,Lodos,Lodos aceitosos,1.4959
Tabasco,Sin Dato,2020,Petrolifero,Microgenerador,Residuos sólidos,"Estopa, trapo, plásticos, cartón, madera, brochas, papel, cepillo, etc., impregnados con pinturas, grasas, aceites, hidrocarburos",1.281
Tabasco,Sin Dato,2020,Petrolifero,Pequeno Generador,Aceites lubricantes,Aceites gastados lubricantes,0.89
Tabasco,Sin Dato,2020,Petrolifero,Pequeno Generador,Líquidos de proceso,Aguas aceitosas,14.62
Tabasco,Sin Dato,2020,Petrolifero,Pequeno Generador,"Baterias, pilas y balastras","Baterias, pilas y balastras",0.013
Tabasco,Sin Dato,2020,Petrolifero,Pequeno Generador,"Gasollina, diésel y naftas gastados","Gasollina, diésel y naftas gastados",1.1
Tabasco,Sin Dato,2020,Petrolifero,Pequeno Generador,Lámparas fluorescentes y de vapor de mercurio,Lámparas fluorescentes y de vapor de mercurio,0.015
Tabasco,Sin Dato,2020,Petrolifero,Pequeno Generador,Lodos,Lodos aceitosos,16.095
Tabasco,Sin Dato,2020,Petrolifero,Pequeno Generador,Residuos sólidos,"Estopa, trapo, plásticos, cartón, madera, brochas, papel, cepillo, etc., impregnados con pinturas, grasas, aceites, hidrocarburos",24.92
Tabasco,Sin Dato,2021,Petrolero,Pequeno Generador,Otros,"Agua contaminada con hidrocarburos, combustibles, aceite o grasa",3
Tabasco,Sin Dato,2021,Petrolero,Pequeno Generador,Residuos Liquidos,"Mezclas de combustibles, combustibles contaminados o sucios, mezclas de hidrocarburos, naftas",5
Tabasco,Sin Dato,2021,Petrolero,Pequeno Generador,Residuos solidos,Otros solidos,1.6
Tabasco,Sin Dato,2021,Petrolero,Gran Generador,Aceites gastados,hidraulicos,1.5
Tabasco,Sin Dato,2021,Petrolero,Gran Generador,Sin dato,Lubricantes,52
Tabasco,Sin Dato,2021,Petrolero,Gran Generador,Biológico-infecciosos,Objetos punzocortantes,1.93
Tabasco,Sin Dato,2021,Petrolero,Gran Generador,Sin dato,Residuos no anatómicos,0.02
Tabasco,Sin Dato,2021,Petrolero,Gran Generador,Liquidos de proceso,Corrosivos,30
Tabasco,Sin Dato,2021,Petrolero,Gran Generador,Otros,Otros: Varios,0.01
Tabasco,Sin Dato,2021,Petrolero,Gran Generador,Sin dato,Sin dato,610.43
Tabasco,Sin Dato,2021,Petrolero,Gran Generador,Sin dato,Sin dato,1.28
Tabasco,Sin Dato,2021,Petrolero,Gran Generador,Residuos solidos,Con metales pesados,0.96
Tabasco,Sin Dato,2021,Petrolero,Gran Generador,Sin dato,Otros solidos,880.55
Tabasco,Sin Dato,2021,Petrolero,Gran Generador,Sin dato,Sin dato,21.7
Tabasco,Sin Dato,2021,Petrolero,Gran Generador,Solventes,Orgánicos,1
Tabasco,Sin Dato,2021,Petrolero,Gran Generador,Sustancias corrosivas,Alcalis,0.2
Tabasco,Sin Dato,2021,Petrolero,Gran Generador,Lodos,Otros lodos,230
Tabasco,Sin Dato,2021,Petrolifero,Microgenerador,Aceites gastados,hidraulicos,0.02
Tabasco,Sin Dato,2021,Petrolifero,Microgenerador,Sin dato,Lubricantes,0.44
Tabasco,Sin Dato,2021,Petrolifero,Microgenerador,"baterias, celdas y pilas","Baterias, pilas y balastras",0.03
Tabasco,Sin Dato,2021,Petrolifero,Microgenerador,"Gasolina, diésel y naftas gastados o sucios provenientes de estaciones de servicio y talleres automotrices","Gasolina, diesel y naftas gastados o sucios",0.06
Tabasco,Sin Dato,2021,Petrolifero,Microgenerador,Otros,"Agua oleosa, agua contaminada",0.47
Tabasco,Sin Dato,2021,Petrolifero,Microgenerador,Residuos solidos,"Estopa, trapo, plásticos, cartón, madera, brochas, papel, cepillo, etc., impregnados con pinturas, grasas, aceites, hidrocarburos",1.28
Tabasco,Sin Dato,2021,Petrolifero,Microgenerador,Sin dato,"Lámparas fluorescentes, lámparas de vapor de mercurio",0.03
Tabasco,Sin Dato,2021,Petrolifero,Microgenerador,Lodos,Lodos aceitosos,1.5
Tabasco,Sin Dato,2021,Petrolifero,Pequeno Generador,Aceites gastados,Lubricantes,0.89
Tabasco,Sin Dato,2021,Petrolifero,Pequeno Generador,"baterias, celdas y pilas","Baterias, pilas y balastras",0.01
Tabasco,Sin Dato,2021,Petrolifero,Pequeno Generador,"Gasolina, diésel y naftas gastados o sucios provenientes de estaciones de servicio y talleres automotrices","Gasolina, diesel y naftas gastados o sucios",1.1
Tabasco,Sin Dato,2021,Petrolifero,Pequeno Generador,Otros,"Agua oleosa, agua contaminada",14.62
Tabasco,Sin Dato,2021,Petrolifero,Pequeno Generador,Residuos solidos,"Estopa, trapo, plásticos, cartón, madera, brochas, papel, cepillo, etc., impregnados con pinturas, grasas, aceites, hidrocarburos",24.92
Tabasco,Sin Dato,2021,Petrolifero,Pequeno Generador,Sin dato,"Lámparas fluorescentes, lámparas de vapor de mercurio",0.02
Tabasco,Sin Dato,2021,Petrolifero,Pequeno Generador,Lodos,Lodos aceitosos,16.1
Tabasco,Cárdenas,2022,Petrolífero,Microgenerador,Lodos,Lodos aceitosos,0.04
Tabasco,Cárdenas,2022,Petrolífero,Microgenerador,Residuos sólidos,"Estopa, trapo, plásticos, cartón, madera, brochas, papel, cepillo, etc., impregnados con pinturas, grasas, aceites, hidrocarburos",0.01
Tabasco,Centro,2022,Petrolífero,Microgenerador,Lodos,Lodos aceitosos,0.06
Tabasco,Centro,2022,Petrolífero,Microgenerador,Residuos sólidos,"Estopa, trapo, plásticos, cartón, madera, brochas, papel, cepillo, etc., impregnados con pinturas, grasas, aceites, hidrocarburos",0.02
Tabasco,Centro,2022,Petrolífero,Pequeño Generador,Agua contaminada,"Agua contaminada con hidrocarburos, combustibles, aceite o grasa",1.6
Tabasco,Centro,2022,Petrolífero,Pequeño Generador,Lodos,Lodos aceitosos,1
Tabasco,Centro,2022,Petrolífero,Pequeño Generador,Residuos sólidos,"Estopa, trapo, plásticos, cartón, madera, brochas, papel, cepillo, etc., impregnados con pinturas, grasas, aceites, hidrocarburos",0.4
Tabasco,Comalcalco,2022,Petrolero,Gran Generador,Lodos,Lodos aceitosos,1
Tabasco,Comalcalco,2022,Petrolero,Gran Generador,Otros,Otros sólidos,1
Tabasco,Comalcalco,2022,Petrolero,Gran Generador,Residuos sólidos,Otros sólidos,110
Tabasco,Comalcalco,2022,Petrolífero,Microgenerador,Lodos,Lodos aceitosos,1.29
Tabasco,Cunduacán,2022,Petrolero,Microgenerador,Lodos,Lodos aceitosos,0.02
Tabasco,Cunduacán,2022,Petrolero,Microgenerador,Residuos sólidos,"Estopa, trapo, plásticos, cartón, madera, brochas, papel, cepillo, etc., impregnados con pinturas, grasas, aceites, hidrocarburos",0.01
Tabasco,Cunduacán,2022,Petrolero,Pequeño Generador,Aceites gastados,Lubricantes,0.2
Tabasco,Cunduacán,2022,Petrolero,Pequeño Generador,Lodos,Lodos aceitosos,1.2
Tabasco,Cunduacán,2022,Petrolero,Pequeño Generador,Residuos sólidos,"Estopa, trapo, plásticos, cartón, madera, brochas, papel, cepillo, etc., impregnados con pinturas, grasas, aceites, hidrocarburos",0.45
Tabasco,Jalpa de Méndez,2022,Petrolero,Microgenerador,Lodos,Lodos aceitosos,0.19
Tabasco,Jalpa de Méndez,2022,Petrolero,Microgenerador,Residuos sólidos,"Estopa, trapo, plásticos, cartón, madera, brochas, papel, cepillo, etc., impregnados con pinturas, grasas, aceites, hidrocarburos",0.18
Tabasco,Paraíso,2022,Petrolero,Microgenerador,Lodos,Lodos aceitosos,0.41
Tabasco,Paraíso,2022,Petrolero,Microgenerador,Residuos sólidos,"Estopa, trapo, plásticos, cartón, madera, brochas, papel, cepillo, etc., impregnados con pinturas, grasas, aceites, hidrocarburos",0.38
Tabasco,Fuera del Marco Geoestadístico Municipal,2022,Petrolero,Gran Generador,Aceites gastados,Lubricantes,120
Tabasco,Fuera del Marco Geoestadístico Municipal,2022,Petrolero,Gran Generador,Biológico-infecciosos,Objetos punzocortantes,0.01
Tabasco,Fuera del Marco Geoestadístico Municipal,2022,Petrolero,Gran Generador,Biológico-infecciosos,Residuos no anatómicos,0.01
Tabasco,Fuera del Marco Geoestadístico Municipal,2022,Petrolero,Gran Generador,Lodos,Lodos aceitosos,400
Tabasco,Fuera del Marco Geoestadístico Municipal,2022,Petrolero,Gran Generador,Otros,Otros sólidos,3912.05
Tabasco,Fuera del Marco Geoestadístico Municipal,2022,Petrolero,Gran Generador,Residuos sólidos,Otros sólidos,0.35
Tabasco,Fuera del Marco Geoestadístico Municipal,2022,Petrolero,Gran Generador,Residuos sólidos,Otros sólidos,78
Tabasco,Cárdenas,2023,Petrolífero,Microgenerador,Lodos,Lodos aceitosos,0.11
Tabasco,Cárdenas,2023,Petrolífero,Microgenerador,Residuos sólidos,"Estopa, trapo, plásticos, cartón, madera, brochas, papel, cepillo, etc., impregnados con pinturas, grasas, aceites, hidrocarburos",0.03
Tabasco,Cárdenas,2023,Petrolífero,Pequeño Generador,Agua contaminada,"Agua contaminada con hidrocarburos, combustibles, aceite o grasa",1.6
Tabasco,Cárdenas,2023,Petrolífero,Pequeño Generador,Lodos,Lodos aceitosos,1
Tabasco,Cárdenas,2023,Petrolífero,Pequeño Generador,Residuos sólidos,"Estopa, trapo, plásticos, cartón, madera, brochas, papel, cepillo, etc., impregnados con pinturas, grasas, aceites, hidrocarburos",0.4
Tabasco,Centro,2023,Petrolífero,Microgenerador,Lodos,Lodos aceitosos,0.4
Tabasco,Centro,2023,Petrolífero,Microgenerador,Residuos sólidos,"Estopa, trapo, plásticos, cartón, madera, brochas, papel, cepillo, etc., impregnados con pinturas, grasas, aceites, hidrocarburos",0.4
Tabasco,Centro,2023,Petrolífero,Pequeño Generador,Agua contaminada,"Agua contaminada con hidrocarburos, combustibles, aceite o grasa",3.2
Tabasco,Centro,2023,Petrolífero,Pequeño Generador,"Gasolina, diésel y naftas gastados o sucios provenientes de estaciones de servicio y talleres automotrices","Gasolina, diesel y naftas gastados o sucios",0.2
Tabasco,Centro,2023,Petrolífero,Pequeño Generador,Lodos,Lodos aceitosos,3.2
Tabasco,Centro,2023,Petrolífero,Pequeño Generador,Residuos sólidos,"Estopa, trapo, plásticos, cartón, madera, brochas, papel, cepillo, etc., impregnados con pinturas, grasas, aceites, hidrocarburos",1.56
Tabasco,Centro,2023,Petrolífero,Pequeño Generador,Residuos sólidos,"Estopa, trapo, plásticos, cartón, madera, brochas, papel, cepillo, etc., impregnados con pinturas, grasas, aceites, hidrocarburos",3.08
Tabasco,Comalcalco,2023,Petrolífero,Microgenerador,Aceites gastados,Hidráulicos,0.16
Tabasco,Comalcalco,2023,Petrolífero,Microgenerador,Agua contaminada,"Agua contaminada con hidrocarburos, combustibles, aceite o grasa",0.03
Tabasco,Comalcalco,2023,Petrolífero,Microgenerador,Lodos,Lodos aceitosos,0.02
Tabasco,Comalcalco,2023,Petrolífero,Microgenerador,Residuos sólidos,"Estopa, trapo, plásticos, cartón, madera, brochas, papel, cepillo, etc., impregnados con pinturas, grasas, aceites, hidrocarburos",0.06
Tabasco,Comalcalco,2023,Petrolífero,Pequeño Generador,Agua contaminada,"Agua contaminada con hidrocarburos, combustibles, aceite o grasa",1.6
Tabasco,Comalcalco,2023,Petrolífero,Pequeño Generador,"Gasolina, diésel y naftas gastados o sucios provenientes de estaciones de servicio y talleres automotrices","Gasolina, diesel y naftas gastados o sucios",0.2
Tabasco,Comalcalco,2023,Petrolífero,Pequeño Generador,Lodos,Lodos aceitosos,2.45
Tabasco,Comalcalco,2023,Petrolífero,Pequeño Generador,Residuos sólidos,"Estopa, trapo, plásticos, cartón, madera, brochas, papel, cepillo, etc., impregnados con pinturas, grasas, aceites, hidrocarburos",0.85
Tabasco,Cunduacán,2023,Petrolífero,Pequeño Generador,Agua contaminada,"Agua contaminada con hidrocarburos, combustibles, aceite o grasa",1.6
Tabasco,Cunduacán,2023,Petrolífero,Pequeño Generador,Lodos,Lodos aceitosos,1
Tabasco,Cunduacán,2023,Petrolífero,Pequeño Generador,Residuos sólidos,"Estopa, trapo, plásticos, cartón, madera, brochas, papel, cepillo, etc., impregnados con pinturas, grasas, aceites, hidrocarburos",0.4
Tabasco,Emiliano Zapata,2023,Petrolífero,Pequeño Generador,Aceites gastados,Lubricantes,0.06
Tabasco,Emiliano Zapata,2023,Petrolífero,Pequeño Generador,Lodos,Lodos aceitosos,0.38
Tabasco,Emiliano Zapata,2023,Petrolífero,Pequeño Generador,Residuos sólidos,"Estopa, trapo, plásticos, cartón, madera, brochas, papel, cepillo, etc., impregnados con pinturas, grasas, aceites, hidrocarburos",0.38
Tabasco,Huimanguillo,2023,Petrolífero,Pequeño Generador,Agua contaminada,"Agua contaminada con hidrocarburos, combustibles, aceite o grasa",3.2
Tabasco,Huimanguillo,2023,Petrolífero,Pequeño Generador,Lodos,Lodos aceitosos,2
Tabasco,Huimanguillo,2023,Petrolífero,Pequeño Generador,Residuos sólidos,"Estopa, trapo, plásticos, cartón, madera, brochas, papel, cepillo, etc., impregnados con pinturas, grasas, aceites, hidrocarburos",0.8
Tabasco,Jonuta,2023,Petrolífero,Pequeño Generador,Agua contaminada,"Agua contaminada con hidrocarburos, combustibles, aceite o grasa",0.5
Tabasco,Jonuta,2023,Petrolífero,Pequeño Generador,Lodos,Lodos aceitosos,0.8
Tabasco,Jonuta,2023,Petrolífero,Pequeño Generador,Residuos sólidos,"Estopa, trapo, plásticos, cartón, madera, brochas, papel, cepillo, etc., impregnados con pinturas, grasas, aceites, hidrocarburos",0.9
Tabasco,Macuspana,2023,Petrolífero,Pequeño Generador,"Gasolina, diésel y naftas gastados o sucios provenientes de estaciones de servicio y talleres automotrices","Gasolina, diesel y naftas gastados o sucios",0.2
Tabasco,Macuspana,2023,Petrolífero,Pequeño Generador,Lodos,Lodos aceitosos,1.2
Tabasco,Macuspana,2023,Petrolífero,Pequeño Generador,Residuos sólidos,"Estopa, trapo, plásticos, cartón, madera, brochas, papel, cepillo, etc., impregnados con pinturas, grasas, aceites, hidrocarburos",0.5
Tabasco,Paraíso,2023,Petrolífero,Microgenerador,Lodos,Lodos aceitosos,0.21
Tabasco,Paraíso,2023,Petrolífero,Microgenerador,Residuos sólidos,"Estopa, trapo, plásticos, cartón, madera, brochas, papel, cepillo, etc., impregnados con pinturas, grasas, aceites, hidrocarburos",0.17
Tabasco,Paraíso,2023,Petrolífero,Pequeño Generador,Agua contaminada,"Agua contaminada con hidrocarburos, combustibles, aceite o grasa",1.6
Tabasco,Paraíso,2023,Petrolífero,Pequeño Generador,Lodos,Lodos aceitosos,1
Tabasco,Paraíso,2023,Petrolífero,Pequeño Generador,Residuos sólidos,"Estopa, trapo, plásticos, cartón, madera, brochas, papel, cepillo, etc., impregnados con pinturas, grasas, aceites, hidrocarburos",0.4
Tabasco,Sin Dato,2023,Petrolero,Gran Generador,Aceites gastados,Hidráulicos,16.55
Tabasco,Sin Dato,2023,Petrolero,Gran Generador,Aceites gastados,Lubricantes,59.4
Tabasco,Sin Dato,2023,Petrolero,Gran Generador,"Baterías, celdas y pilas","Baterias, pilas y balastras",0.2
Tabasco,Sin Dato,2023,Petrolero,Gran Generador,Biológico-infecciosos,Objetos punzocortantes,0.01
Tabasco,Sin Dato,2023,Petrolero,Gran Generador,Biológico-infecciosos,Residuos no anatómicos,0
Tabasco,Sin Dato,2023,Petrolero,Gran Generador,Líquidos de proceso,Líquidos residuales de proceso,0.3
Tabasco,Sin Dato,2023,Petrolero,Gran Generador,Otros,Otros residuos,625
Tabasco,Sin Dato,2023,Petrolero,Gran Generador,Otros,Otros residuos,430
Tabasco,Sin Dato,2023,Petrolero,Gran Generador,Residuos sólidos,"Estopa, trapo, plásticos, cartón, madera, brochas, papel, cepillo, etc., impregnados con pinturas, grasas, aceites, hidrocarburos",12.9
Tabasco,Sin Dato,2023,Petrolero,Gran Generador,Residuos sólidos,Otros sólidos,5
Tabasco,Sin Dato,2023,Petrolero,Gran Generador,Residuos sólidos,Otros sólidos,3620
Tabasco,Balancán,2024,Petrolífero,Pequeño Generador,Agua contaminada,"Agua contaminada con hidrocarburos, combustibles, aceite o grasa",1.6
Tabasco,Balancán,2024,Petrolífero,Pequeño Generador,Lodos,Lodos aceitosos,1
Tabasco,Balancán,2024,Petrolífero,Pequeño Generador,Residuos sólidos,"Estopa, trapo, plásticos, cartón, madera, brochas, papel, cepillo, etc., impregnados con pinturas, grasas, aceites, hidrocarburos",0.4
Tabasco,Cárdenas,2024,Petrolero,Gran Generador,Aceites gastados,Lubricantes,5
Tabasco,Cárdenas,2024,Petrolero,Gran Generador,Agua contaminada,"Agua contaminada con hidrocarburos, combustibles, aceite o grasa",2000
Tabasco,Cárdenas,2024,Petrolero,Gran Generador,Agua contaminada,"Agua contaminada con hidrocarburos, combustibles, aceite o grasa",0.3
Tabasco,Cárdenas,2024,Petrolero,Gran Generador,"Baterías, celdas, pilas, balastras","Baterias, pilas, acumuladores, balastras",0.12
Tabasco,Cárdenas,2024,Petrolero,Gran Generador,Biológico-infecciosos,Objetos punzocortantes,0.01
Tabasco,Cárdenas,2024,Petrolero,Gran Generador,Biológico-infecciosos,Residuos no anatómicos,0.02
Tabasco,Cárdenas,2024,Petrolero,Gran Generador,Lodos,Lodos aceitosos,1700
Tabasco,Cárdenas,2024,Petrolero,Gran Generador,Residuos sólidos,"Estopa, trapo, plásticos, cartón, madera, brochas, papel, cepillo, etc., impregnados con pinturas, grasas, aceites, hidrocarburos",14.01
Tabasco,Cárdenas,2024,Petrolero,Gran Generador,Residuos sólidos,Fármacos caducos,0.01
Tabasco,Cárdenas,2024,Petrolero,Gran Generador,Residuos sólidos,"Lámparas fluorescentes, lámparas de vapor de mercurio",0.05
Tabasco,Cárdenas,2024,Petrolero,Gran Generador,Residuos sólidos,"Materiales explosivos, pirotécnicos",0.02
Tabasco,Cárdenas,2024,Petrolífero,Pequeño Generador,Agua contaminada,"Agua contaminada con hidrocarburos, combustibles, aceite o grasa",1.6
Tabasco,Cárdenas,2024,Petrolífero,Pequeño Generador,Lodos,Lodos aceitosos,1
Tabasco,Cárdenas,2024,Petrolífero,Pequeño Generador,Residuos sólidos,"Estopa, trapo, plásticos, cartón, madera, brochas, papel, cepillo, etc., impregnados con pinturas, grasas, aceites, hidrocarburos",0.4
Tabasco,Centla,2024,Petrolífero,Pequeño Generador,Gasolina y otros combustibles,"Gasolina, diesel y naftas gastados o sucios",0.2
Tabasco,Centla,2024,Petrolífero,Pequeño Generador,Lodos,Lodos aceitosos,1.2
Tabasco,Centla,2024,Petrolífero,Pequeño Generador,Residuos sólidos,"Estopa, trapo, plásticos, cartón, madera, brochas, papel, cepillo, etc., impregnados con pinturas, grasas, aceites, hidrocarburos",0.45
Tabasco,Comalcalco,2024,Petrolero,Gran Generador,Residuos sólidos,"Estopa, trapo, plásticos, cartón, madera, brochas, papel, cepillo, etc., impregnados con pinturas, grasas, aceites, hidrocarburos",8.89
Tabasco,Comalcalco,2024,Petrolífero,Microgenerador,Lodos,Lodos aceitosos,0.1
Tabasco,Comalcalco,2024,Petrolífero,Microgenerador,Residuos sólidos,"Estopa, trapo, plásticos, cartón, madera, brochas, papel, cepillo, etc., impregnados con pinturas, grasas, aceites, hidrocarburos",0.08
Tabasco,Cunduacán,2024,Petrolífero,Pequeño Generador,Gasolina y otros combustibles,"Gasolina, diesel y naftas gastados o sucios",0.1
Tabasco,Cunduacán,2024,Petrolífero,Pequeño Generador,Lodos,Lodos aceitosos,0.8
Tabasco,Cunduacán,2024,Petrolífero,Pequeño Generador,Residuos sólidos,"Estopa, trapo, plásticos, cartón, madera, brochas, papel, cepillo, etc., impregnados con pinturas, grasas, aceites, hidrocarburos",0.17
Tabasco,Jalpa de Méndez,2024,Petrolífero,Microgenerador,Lodos,Lodos aceitosos,0.11
Tabasco,Jalpa de Méndez,2024,Petrolífero,Microgenerador,Residuos sólidos,"Estopa, trapo, plásticos, cartón, madera, brochas, papel, cepillo, etc., impregnados con pinturas, grasas, aceites, hidrocarburos",0.12
Tabasco,Nacajuca,2024,Petrolífero,Microgenerador,Aceites gastados,Hidráulicos,0.16
Tabasco,Nacajuca,2024,Petrolífero,Microgenerador,Gasolina y otros combustibles,"Gasolina, diesel y naftas gastados o sucios",0.06
Tabasco,Nacajuca,2024,Petrolífero,Microgenerador,Lodos,Lodos aceitosos,0.22
Tabasco,Nacajuca,2024,Petrolífero,Microgenerador,Residuos sólidos,"Estopa, trapo, plásticos, cartón, madera, brochas, papel, cepillo, etc., impregnados con pinturas, grasas, aceites, hidrocarburos",0.23
Tabasco,Paraíso,2024,Petrolero,Gran Generador,Aceites gastados,Lubricantes,2.6
Tabasco,Paraíso,2024,Petrolero,Gran Generador,Aceites gastados,Otros aceites,10000
Tabasco,Paraíso,2024,Petrolero,Gran Generador,Agua contaminada,"Agua contaminada con hidrocarburos, combustibles, aceite o grasa",205
Tabasco,Paraíso,2024,Petrolero,Gran Generador,Líquidos de proceso,Líquidos residuales de proceso,10000
Tabasco,Paraíso,2024,Petrolero,Gran Generador,Líquidos de proceso,Líquidos residuales de proceso,200
Tabasco,Paraíso,2024,Petrolero,Gran Generador,Lodos,Otros lodos,1000
Tabasco,Paraíso,2024,Petrolero,Gran Generador,Lodos,Otros lodos,10000
Tabasco,Paraíso,2024,Petrolero,Gran Generador,Otros,Otros residuos,100
Tabasco,Paraíso,2024,Petrolero,Gran Generador,Otros,Otros residuos,300
Tabasco,Paraíso,2024,Petrolero,Gran Generador,Residuos sólidos,Con metales pesados,20
Tabasco,Paraíso,2024,Petrolero,Gran Generador,Residuos sólidos,Con metales pesados,20
Tabasco,Paraíso,2024,Petrolero,Gran Generador,Residuos sólidos,Con metales pesados,50
Tabasco,Paraíso,2024,Petrolero,Gran Generador,Residuos sólidos,"Estopa, trapo, plásticos, cartón, madera, brochas, papel, cepillo, etc., impregnados con pinturas, grasas, aceites, hidrocarburos",255
Tabasco,Paraíso,2024,Petrolero,Gran Generador,Residuos sólidos,Otros sólidos,600
Tabasco,Paraíso,2024,Petrolero,Gran Generador,Residuos sólidos,Otros sólidos,1000
Tabasco,Paraíso,2024,Petrolero,Gran Generador,Residuos sólidos,Otros sólidos,22100
Tabasco,Paraíso,2024,Petrolero,Gran Generador,Residuos sólidos,Otros sólidos,100
Tabasco,Paraíso,2024,Petrolero,Gran Generador,Residuos sólidos,Otros sólidos,100000
Tabasco,Paraíso,2024,Petrolero,Gran Generador,Residuos sólidos,Otros sólidos,300
Tabasco,Paraíso,2024,Petrolero,Gran Generador,Residuos sólidos,Otros sólidos,100
Tabasco,Paraíso,2024,Petrolero,Gran Generador,Residuos sólidos,"Telas, pieles o asbesto",5
Tabasco,Paraíso,2024,Petrolero,Gran Generador,Residuos sólidos,"Tierra, arena, grava, acerrín impregnados con aceites, grasas o hidrocarburos",165
Tabasco,Paraíso,2024,Petrolero,Gran Generador,Solventes,Orgánicos,50
Tamaulipas,Sin Dato,2017,Petroleo y petroquimica,Gran Generador,Biológico-infecciosos,Residuos no anatomicos,0
Tamaulipas,Sin Dato,2017,Petrolero,Microgenerador,Aceites gastados,Hidraulicos,0.03
Tamaulipas,Sin Dato,2017,Petrolero,Microgenerador,Aceites gastados,Lubricantes,0.68
Tamaulipas,Sin Dato,2017,Petrolero,Microgenerador,"Gasolina, diesel y naftas gastados o sucios provenientes de estaciónes de servicio y talleres automotrices","Gasolina, diesel y naftas gastados o sucios provenientes de estaciones de servicio y talleres automotrices",0.08
Tamaulipas,Sin Dato,2017,Petrolero,Microgenerador,Lodos,Lodos provenientes de tanques de almacenaniento,2.19
Tamaulipas,Sin Dato,2017,Petrolero,Microgenerador,Lodos aceitosos,"Con contaminacion de hidrocarburos, combustibles, aceite",1.24
Tamaulipas,Sin Dato,2017,Petrolero,Microgenerador,Lodos aceitosos,Lodos procedentes de trampas de grasas e hidrocarburos,0.28
Tamaulipas,Sin Dato,2017,Petrolero,Microgenerador,Lodos aceitosos,Otros lodos,2.1
Tamaulipas,Sin Dato,2017,Petrolero,Microgenerador,Material textil,"Telas, felpas, estopas",0.14
Tamaulipas,Sin Dato,2017,Petrolero,Microgenerador,Residuos solidos,"Botes o recipientes que contuvieron contaminantes diversos, latas de pintura, aerosoles",1.54
Tamaulipas,Sin Dato,2017,Petrolero,Microgenerador,Residuos solidos,De mantenimiento automotríz,0.01
Tamaulipas,Sin Dato,2017,Petrolero,Microgenerador,Residuos solidos,"Estopa, trapo, plasticos, carton, madera, brochas, papel, cepillo, etc., impregnados con pinturas, grasas, aceites, hidrocarburos",2.29
Tamaulipas,Sin Dato,2017,Petrolero,Microgenerador,Residuos solidos,Lampara fluorescentes,0.2
Tamaulipas,Sin Dato,2017,Petrolero,Microgenerador,Residuos solidos,"Mangueras, pistolas o filtros para despacho de combustibles, descarga de contaminantes",0.08
Tamaulipas,Sin Dato,2017,Petrolero,Microgenerador,Residuos solidos,No especificado,0.11
Tamaulipas,Sin Dato,2017,Petrolero,Pequeno Generador,Aceites gastados,Lubricantes,0.73
Tamaulipas,Sin Dato,2017,Petrolero,Pequeno Generador,"Baterias, celdas y pilas",No especificado,0.05
Tamaulipas,Sin Dato,2017,Petrolero,Pequeno Generador,"Baterias, celdas y pilas",Pilas alcalinas,0
Tamaulipas,Sin Dato,2017,Petrolero,Pequeno Generador,"Baterias, celdas y pilas","Pilas, baterias, acumuladores, celdas de desecho: niquel-cadmio, plomo, mercurio",0.01
Tamaulipas,Sin Dato,2017,Petrolero,Pequeno Generador,"Gasolina, diesel y naftas gastados o sucios provenientes de estaciónes de servicio y talleres automotrices","Mezclas de combustibles sucios, mezclas de hidrocarburos, naftas",0.03
Tamaulipas,Sin Dato,2017,Petrolero,Pequeno Generador,Liquidos de proceso,"Agua contaminada con hidrocarburos, combustibles, aceite o grasa",50.87
Tamaulipas,Sin Dato,2017,Petrolero,Pequeno Generador,Lodos,Lodos provenientes de tanques de almacenaniento,1.2
Tamaulipas,Sin Dato,2017,Petrolero,Pequeno Generador,Lodos aceitosos,"Con contaminacion de hidrocarburos, combustibles, aceite",4.8
Tamaulipas,Sin Dato,2017,Petrolero,Pequeno Generador,Lodos aceitosos,Lodos procedentes de trampas de grasas e hidrocarburos,0.41
Tamaulipas,Sin Dato,2017,Petrolero,Pequeno Generador,Lodos aceitosos,Otros lodos,12.62
Tamaulipas,Sin Dato,2017,Petrolero,Pequeno Generador,Material textil,"Telas, felpas, estopas",0.28
Tamaulipas,Sin Dato,2017,Petrolero,Pequeno Generador,Residuos solidos,Balastras,0.02
Tamaulipas,Sin Dato,2017,Petrolero,Pequeno Generador,Residuos solidos,"Botes o recipientes que contuvieron contaminantes diversos, latas de pintura, aerosoles",1.55
Tamaulipas,Sin Dato,2017,Petrolero,Pequeno Generador,Residuos solidos,De mantenimiento automotríz,0.18
Tamaulipas,Sin Dato,2017,Petrolero,Pequeno Generador,Residuos solidos,"Estopa, trapo, plasticos, carton, madera, brochas, papel, cepillo, etc., impregnados con pinturas, grasas, aceites, hidrocarburos",1.6
Tamaulipas,Sin Dato,2017,Petrolero,Pequeno Generador,Residuos solidos,Lampara fluorescentes,0.32
Tamaulipas,Sin Dato,2017,Petrolero,Pequeno Generador,Residuos solidos,"Mangueras, pistolas o filtros para despacho de combustibles, descarga de contaminantes",0.03
Tamaulipas,Sin Dato,2017,Petrolero,Pequeno Generador,Residuos solidos,No especificado,1.6
Tamaulipas,Sin Dato,2017,Petrolero,Pequeno Generador,Residuos solidos,"Tierra, grava, acerrín impregnados con aceites, grasas e hidrocarburos",1.22
Tamaulipas,Sin Dato,2017,Petrolero,Gran Generador,Liquidos de proceso,"Agua contaminada con hidrocarburos, combustibles, aceite o grasa",16
Tamaulipas,Sin Dato,2017,Petrolero,Gran Generador,Lodos aceitosos,"Con contaminacion de hidrocarburos, combustibles, aceite",1.6
Tamaulipas,Sin Dato,2017,Petrolero,Gran Generador,Residuos solidos,No especificado,0.8
Tamaulipas,Sin Dato,2017,Petrolero,Gran Generador,Residuos solidos,"Tierra, grava, acerrín impregnados con aceites, grasas e hidrocarburos",0.4
Tamaulipas,Sin Dato,2017,Petroleo y petroquimica,Pequeno Generador,Aceites gastados,Lubricantes,0.03
Tamaulipas,Sin Dato,2017,Petroleo y petroquimica,Pequeno Generador,"Baterias, celdas y pilas",Pilas alcalinas,0.01
Tamaulipas,Sin Dato,2017,Petroleo y petroquimica,Pequeno Generador,"Baterias, celdas y pilas","Pilas, baterias, acumuladores, celdas de desecho: niquel-cadmio, plomo, mercurio",0.07
Tamaulipas,Sin Dato,2017,Petroleo y petroquimica,Pequeno Generador,Lodos,Lodos provenientes de tanques de almacenaniento,0.5
Tamaulipas,Sin Dato,2017,Petroleo y petroquimica,Pequeno Generador,Pinturas y productos relacionados,"Residuos de pinturas, pinturas caducadas",0.02
Tamaulipas,Sin Dato,2017,Petroleo y petroquimica,Pequeno Generador,Residuos solidos,Balastras,0.05
Tamaulipas,Sin Dato,2017,Petroleo y petroquimica,Pequeno Generador,Residuos solidos,"Botes o recipientes que contuvieron contaminantes diversos, latas de pintura, aerosoles",0.2
Tamaulipas,Sin Dato,2017,Petroleo y petroquimica,Pequeno Generador,Residuos solidos,"Estopa, trapo, plasticos, carton, madera, brochas, papel, cepillo, etc., impregnados con pinturas, grasas, aceites, hidrocarburos",0.5
Tamaulipas,Sin Dato,2017,Petroleo y petroquimica,Pequeno Generador,Residuos solidos,Lampara fluorescentes,0.12
Tamaulipas,Sin Dato,2017,Petroleo y petroquimica,Pequeno Generador,Residuos solidos,Partes electrónicas y consumibles de impresoras,0.09
Tamaulipas,Sin Dato,2017,Petroleo y petroquimica,Pequeno Generador,Otros,Otros: Varios,0.06
Tamaulipas,Sin Dato,2017,Petroleo y petroquimica,Gran Generador,Aceites gastados,Dielectricos,1.5
Tamaulipas,Sin Dato,2017,Petroleo y petroquimica,Gran Generador,Aceites gastados,Hidraulicos,0.1
Tamaulipas,Sin Dato,2017,Petroleo y petroquimica,Gran Generador,Aceites gastados,Lubricantes,1.5
Tamaulipas,Sin Dato,2017,Petroleo y petroquimica,Gran Generador,"Baterias, celdas y pilas",Pilas alcalinas,0.5
Tamaulipas,Sin Dato,2017,Petroleo y petroquimica,Gran Generador,"Baterias, celdas y pilas","Pilas, baterias, acumuladores, celdas de desecho: niquel-cadmio, plomo, mercurio",26.6
Tamaulipas,Sin Dato,2017,Petroleo y petroquimica,Gran Generador,Biológico-infecciosos,Objetos punzocortantes,0
Tamaulipas,Sin Dato,2017,Petroleo y petroquimica,Gran Generador,Lodos,Lodos provenientes de tanques de almacenaniento,20
Tamaulipas,Sin Dato,2017,Petroleo y petroquimica,Gran Generador,Lodos,"Lodos residuales de proceso, de tratamiento de aguas residuales",20
Tamaulipas,Sin Dato,2017,Petroleo y petroquimica,Gran Generador,Lodos aceitosos,Otros lodos,400
Tamaulipas,Sin Dato,2017,Petroleo y petroquimica,Gran Generador,Material textil,"Telas, felpas, estopas",9
Tamaulipas,Sin Dato,2017,Petroleo y petroquimica,Gran Generador,Pinturas y productos relacionados,"Residuos de pinturas, pinturas caducadas",0.5
Tamaulipas,Sin Dato,2017,Petroleo y petroquimica,Gran Generador,Residuos Liquidos,De mantenimiento automotríz,0.1
Tamaulipas,Sin Dato,2017,Petroleo y petroquimica,Gran Generador,Residuos Liquidos,"Residuos de sustancias contaminantes (hidrocarburos, combustibles, aceites, grasas, pinturas)",0.1
Tamaulipas,Sin Dato,2017,Petroleo y petroquimica,Gran Generador,Residuos solidos,Balastras,0.05
Tamaulipas,Sin Dato,2017,Petroleo y petroquimica,Gran Generador,Residuos solidos,"Botes o recipientes que contuvieron contaminantes diversos, latas de pintura, aerosoles",5.86
Tamaulipas,Sin Dato,2017,Petroleo y petroquimica,Gran Generador,Residuos solidos,"Estopa, trapo, plasticos, carton, madera, brochas, papel, cepillo, etc., impregnados con pinturas, grasas, aceites, hidrocarburos",20.5
Tamaulipas,Sin Dato,2017,Petroleo y petroquimica,Gran Generador,Residuos solidos,Lampara fluorescentes,0.15
Tamaulipas,Sin Dato,2017,Petroleo y petroquimica,Gran Generador,Residuos solidos,"Residuos de sustancias contaminantes (hidrocarburos, combustibles, aceites, grasas, pinturas)",0.02
Tamaulipas,Sin Dato,2017,Petroleo y petroquimica,Gran Generador,Sustancias corrosivas,Acidos,0.01
Tamaulipas,Sin Dato,2017,Petroleo y petroquimica,Gran Generador,Sustancias corrosivas,Alcalis,0.01
Tamaulipas,Sin Dato,2017,Petrolero,Microgenerador,Solventes,Solventes organicos usados,0.02
Tamaulipas,Sin Dato,2017,Petroleo y petroquimica,Gran Generador,Solventes,Solventes organicos usados,0.3
Tamaulipas,Sin Dato,2018,Petrolifero,Microgenerador,Aceites gastados (Hidraulicos),Aceite gastado hidraulico,0.76
Tamaulipas,Sin Dato,2018,Petrolifero,Microgenerador,Aceites gastados (Lubricantes),Aceites gastados lubricantes,4.42
Tamaulipas,Sin Dato,2018,Petrolifero,Microgenerador,Filtro de aire o aceite contaminados,Filtros de aire usados,0.06
Tamaulipas,Sin Dato,2018,Petrolifero,Microgenerador,"Gasolina, Diesel y Naftas gastados o sucios","Gasolina, Diesel y Naftas gastados o sucios provenientes de Estaciones de Servicio y Talleres Automotrices",1.17
Tamaulipas,Sin Dato,2018,Petrolifero,Microgenerador,Lamparas fluorescentes y de vapor de mercurio,Lamparas fluorescentes y de vapor de mercurio,0.03
Tamaulipas,Sin Dato,2018,Petrolifero,Microgenerador,Liquidos residuales de proceso no corrosivos,Agua con hidrocaruros,72
Tamaulipas,Sin Dato,2018,Petrolifero,Microgenerador,Lodos Contaminados con Hidrocarburos,Lodos de tanques de almacenamiento de hidrocarburos,20.74
Tamaulipas,Sin Dato,2018,Petrolifero,Microgenerador,Solidos contaminados con hidrocarburos diversos,"Filtros, mangueras, envases, botes, cubetas, contenedores, trapos, guantes, carton, aserrin, material absorbente,Estopas y trapos impregnados con combustible, Envases vacios impregnados de aceite",7.68
Tamaulipas,Sin Dato,2018,Petrolifero,Microgenerador,Solventes Gastados,Residuos de solventes,0.6
Tamaulipas,Sin Dato,2018,Petrolifero,Pequeno generador,Aceites gastados (Lubricantes),Aceites gastados lubricantes,5.02
Tamaulipas,Sin Dato,2018,Petrolifero,Pequeno generador,Baterias alcalinas,Pilas alcalinas,0.02
Tamaulipas,Sin Dato,2018,Petrolifero,Pequeno generador,Filtro de aire o aceite contaminados,Filtros de aire usados,0.3
Tamaulipas,Sin Dato,2018,Petrolifero,Pequeno generador,"Gasolina, Diesel y Naftas gastados o sucios","Gasolina, Diesel y Naftas gastados o sucios provenientes de Estaciones de Servicio y Talleres Automotrices",9.6
Tamaulipas,Sin Dato,2018,Petrolifero,Pequeno generador,Lamparas fluorescentes y de vapor de mercurio,Lamparas fluorescentes y de vapor de mercurio,0.68
Tamaulipas,Sin Dato,2018,Petrolifero,Pequeno generador,Liquidos residuales de proceso no corrosivos,Agua con hidrocaruros,90.6
Tamaulipas,Sin Dato,2018,Petrolifero,Pequeno generador,Lodos Contaminados con Hidrocarburos,Lodos de tanques de almacenamiento de hidrocarburos,92.79
Tamaulipas,Sin Dato,2018,Petrolifero,Pequeno generador,Pilas o Baterias con Litio o Cadmio,Pilas Niquel-Cadmio,0.17
Tamaulipas,Sin Dato,2018,Petrolifero,Pequeno generador,Solidos contaminados con hidrocarburos diversos,"Filtros, mangueras, envases, botes, cubetas, contenedores, trapos, guantes, carton, aserrin, material absorbente,Estopas y trapos impregnados con combustible, Envases vacios impregnados de aceite",20.57
Tamaulipas,Sin Dato,2018,Petrolero,Pequeno generador,Solidos,Otros,5.9
Tamaulipas,Sin Dato,2018,Petrolero,Pequeno generador,Solidos,De mantenimiento,1.25
Tamaulipas,Sin Dato,2018,Petrolero,Pequeno generador,Otros residuos peligrosos,Otros,6
Tamaulipas,Sin Dato,2018,Petrolero,Microgenerador,Aceites gastados,Aceites gastados hidraulicos,0.15
Tamaulipas,Sin Dato,2018,Petrolero,Microgenerador,Otros residuos peligrosos,Otros residuos peligrosos,0.14
Tamaulipas,Sin Dato,2018,Petrolero,Microgenerador,Solidos,Solidos otros,0.1
Tamaulipas,Sin Dato,2018,Petrolero,Gran generador,Aceites gastados,Aceites gastados lubricantes,0.25
Tamaulipas,Sin Dato,2018,Petrolero,Gran generador,LODOS ACEITOSOS,Lodos aceitosos,0.15
Tamaulipas,Sin Dato,2018,Petrolero,Gran generador,Lodos provenientes de,Lodos provenientes de otros,0.45
Tamaulipas,Sin Dato,2018,Petrolero,Gran generador,Lodos provenientes de,Lodos provenientes de tratamiento de aguas de proceso,0.1
Tamaulipas,Sin Dato,2018,Petrolero,Gran generador,Lodos provenientes de,Lodos provenientes de tratamiento de aguas residuales,0.1
Tamaulipas,Sin Dato,2018,Petrolero,Gran generador,Otros residuos peligrosos,Otros residuos peligrosos,1.05
Tamaulipas,Sin Dato,2018,Petrolero,Gran generador,Solidos,Solidos con metales pesados,0.5
Tamaulipas,Sin Dato,2018,Petrolero,Gran generador,Solidos,Solidos otros,11.45
Tamaulipas,Sin Dato,2019,Petrolero,Microgenerador,Aceites gastados,hidraulicos,0
Tamaulipas,Sin Dato,2019,Petrolero,Microgenerador,Otros,Otros residuos,0
Tamaulipas,Sin Dato,2019,Petrolero,Microgenerador,Residuos solidos,"solidos OTROS (solidos CONTAMINADOS CON DIÉSEL (FILTROS, MANGUERAS, ENVASES, BOTES, CUBETAS, CONTENEDORES, TRAPOS, GUANTES, CARTÓN, ASERRÍN, MATERIAL ABSORBENTE))",0.228
Tamaulipas,Sin Dato,2019,Petrolero,Microgenerador,Residuos solidos,solidos OTROS (TIERRA CONTAMINADA CON DIÉSEL),0.06
Tamaulipas,Sin Dato,2019,Petrolero,Microgenerador,Residuos solidos,solidos OTROS (SEDIMENTO IMPREGNADO DE DIÉSEL PROVENIENTE DE LAS CORRIDAS DE DIABLO),0.108
Tamaulipas,Sin Dato,2019,Petrolero,Pequeno Generador,Otros,Otros residuos,0
Tamaulipas,Sin Dato,2019,Petrolero,Pequeno Generador,Residuos solidos,De mantenimiento automotríz,0
Tamaulipas,Sin Dato,2019,Petrolero,Pequeno Generador,Residuos solidos,Otros: Varios,0
Tamaulipas,Sin Dato,2019,Petrolero,Gran Generador,Aceites gastados,Lubricantes,0
Tamaulipas,Sin Dato,2019,Petrolero,Gran Generador,Aceites gastados,hidraulicos,5
Tamaulipas,Sin Dato,2019,Petrolero,Gran Generador,Lodos,Lodos aceitosos,0
Tamaulipas,Sin Dato,2019,Petrolero,Gran Generador,Lodos,Otros lodos,15
Tamaulipas,Sin Dato,2019,Petrolero,Gran Generador,Lodos,Tratamiento de aguas de proceso,0
Tamaulipas,Sin Dato,2019,Petrolero,Gran Generador,Otros,Otros residuos,3
Tamaulipas,Sin Dato,2019,Petrolero,Gran Generador,Residuos solidos,Con metales pesados,0.5
Tamaulipas,Sin Dato,2019,Petrolero,Gran Generador,Residuos solidos,Otros solidos,15
Tamaulipas,Sin Dato,2019,Petrolero,Gran Generador,Residuos solidos,Otros solidos,7
Tamaulipas,Sin Dato,2019,Petrolero,Gran Generador,Liquidos residuals de proceso,No corrosivos,0.05
Tamaulipas,Sin Dato,2019,Petrolifero,Microgenerador,Aceites gastados,hidraulicos,0
Tamaulipas,Sin Dato,2019,Petrolifero,Microgenerador,Aceites gastados,Lubricantes,0
Tamaulipas,Sin Dato,2019,Petrolifero,Microgenerador,"Gasolina, diesel y naftas gastados o sucios provenientes de estaciónes de servicio y talleres automotrices","Gasolina, diesel y naftas gastados o sucios provenientes de estaciones de servicio y talleres automotrices",0
Tamaulipas,Sin Dato,2019,Petrolifero,Microgenerador,Liquidos de proceso,Liquidos con residuos de hidrocarburos,0
Tamaulipas,Sin Dato,2019,Petrolifero,Microgenerador,Lodos,Lodos procedentes de trampas de grasas e hidrocarburos,0.427
Tamaulipas,Sin Dato,2019,Petrolifero,Microgenerador,Residuos solidos,"Estopa, trapo, plásticos, cartón, madera, brochas, papel, cepillo, etc., impregnados con pinturas, grasas, aceites, hidrocarburos",0.005
Tamaulipas,Sin Dato,2019,Petrolifero,Microgenerador,Residuos solidos,Filtro de aire o de aceite contaminados,0.006
Tamaulipas,Sin Dato,2019,Petrolifero,Microgenerador,Residuos solidos,Lámpara fluorescentes,0
Tamaulipas,Sin Dato,2019,Petrolifero,Microgenerador,Solventes,Residuos de solventes,0
Tamaulipas,Sin Dato,2019,Petrolifero,Pequeno Generador,Aceites gastados,Lubricantes,0
Tamaulipas,Sin Dato,2019,Petrolifero,Pequeno Generador,"Baterias, celdas y pilas",Pilas alcalinas,0
Tamaulipas,Sin Dato,2019,Petrolifero,Pequeno Generador,"Baterias, celdas y pilas",Pilas o baterias de Niquel - Cadmio,0
Tamaulipas,Sin Dato,2019,Petrolifero,Pequeno Generador,"Gasolina, diesel y naftas gastados o sucios provenientes de estaciónes de servicio y talleres automotrices","Gasolina, diesel y naftas gastados o sucios provenientes de estaciones de servicio y talleres automotrices",0
Tamaulipas,Sin Dato,2019,Petrolifero,Pequeno Generador,Liquidos de proceso,Liquidos con residuos de hidrocarburos,0
Tamaulipas,Sin Dato,2019,Petrolifero,Pequeno Generador,Lodos,Lodos procedentes de trampas de grasas e hidrocarburos,0
Tamaulipas,Sin Dato,2019,Petrolifero,Pequeno Generador,Residuos solidos,"Estopa, trapo, plásticos, cartón, madera, brochas, papel, cepillo, etc., impregnados con pinturas, grasas, aceites, hidrocarburos",0
Tamaulipas,Sin Dato,2019,Petrolifero,Pequeno Generador,Residuos solidos,Filtro de aire o de aceite contaminados,0
Tamaulipas,Sin Dato,2019,Petrolifero,Pequeno Generador,Residuos solidos,Lámpara fluorescentes,0
Tamaulipas,Sin Dato,2020,Petrolero,Microgenerador,Aceites gastados,Aceites gastados lubricantes,0.008
Tamaulipas,Sin Dato,2020,Petrolero,Microgenerador,OTROS,LODOS PROVENIENTES DE LIMPIEZA DE TRAMPAS DE GRASA,0.008
Tamaulipas,Sin Dato,2020,Petrolero,Microgenerador,OTROS,AGUAS ACEITOSAS,0.02
Tamaulipas,Sin Dato,2020,Petrolero,Microgenerador,SÓLIDOS,SÓLIDOS CON METALES PESADOS,0.005
Tamaulipas,Sin Dato,2020,Petrolero,Pequeno Generador,Aceites gastados,Aceites gastados lubricantes,6
Tamaulipas,Sin Dato,2020,Petrolero,Pequeno Generador,ESCORIAS CON METALES PESADOS,ESCORIAS CON METALES PESADOS GRANULARES,1.5
Tamaulipas,Sin Dato,2020,Petrolero,Pequeno Generador,OTROS,AGUA CONTAMINADA,0.7
Tamaulipas,Sin Dato,2020,Petrolero,Pequeno Generador,OTROS,CINTA DE ACETATO DE PLOMO,0.062
Tamaulipas,Sin Dato,2020,Petrolero,Pequeno Generador,SÓLIDOS,SÓLIDOS OTROS,0.1
Tamaulipas,Sin Dato,2020,Petrolero,Pequeno Generador,SÓLIDOS,SÓLIDOS OTROS,0.1
Tamaulipas,Sin Dato,2020,Petrolero,Pequeno Generador,SÓLIDOS,SÓLIDOS OTROS,0.035
Tamaulipas,Sin Dato,2020,Petrolero,Pequeno Generador,SÓLIDOS,SÓLIDOS OTROS,0.2
Tamaulipas,Sin Dato,2020,Petrolero,Pequeno Generador,SÓLIDOS,SÓLIDOS OTROS,0.054
Tamaulipas,Sin Dato,2020,Petrolero,Pequeno Generador,SÓLIDOS,SÓLIDOS OTROS,0.3
Tamaulipas,Sin Dato,2020,Petrolero,Pequeno Generador,SÓLIDOS,SÓLIDOS OTROS,0.5
Tamaulipas,Sin Dato,2020,Petrolero,Pequeno Generador,SOLVENTES,SOLVENTES ORGÁNICOS,0.04
Tamaulipas,Sin Dato,2020,Petrolero,Pequeno Generador,SUSTANCIAS CORROSIVAS,SUSTANCIAS CORROSIVAS ACIDOS,0.1
Tamaulipas,Sin Dato,2020,Petrolero,Gran Generador,Aceites gastados,Hidraulicos,0.3
Tamaulipas,Sin Dato,2020,Petrolero,Gran Generador,Aceites gastados,Lubricantes,120
Tamaulipas,Sin Dato,2020,Petrolero,Gran Generador,Aceites gastados,Lubricantes,2.3
Tamaulipas,Sin Dato,2020,Petrolero,Gran Generador,Biológico-Infecciosos,Objetos punzocortantes,0.215
Tamaulipas,Sin Dato,2020,Petrolero,Gran Generador,Biológico-Infecciosos,Residuos no anatómicos,0.3
Tamaulipas,Sin Dato,2020,Petrolero,Gran Generador,Lodos aceitosos,Lodos aceitosos,300
Tamaulipas,Sin Dato,2020,Petrolero,Gran Generador,Lodos aceitosos,Lodos aceitosos,30
Tamaulipas,Sin Dato,2020,Petrolero,Gran Generador,Lodos aceitosos,Lodos aceitosos,1600
Tamaulipas,Sin Dato,2020,Petrolero,Gran Generador,Lodos provenientes de:,Otros,1500
Tamaulipas,Sin Dato,2020,Petrolero,Gran Generador,Otros,Otros,12068.36
Tamaulipas,Sin Dato,2020,Petrolero,Gran Generador,Otros,Otros,26
Tamaulipas,Sin Dato,2020,Petrolero,Gran Generador,Otros,Otros,0.15
Tamaulipas,Sin Dato,2020,Petrolero,Gran Generador,Otros,Otros,9
Tamaulipas,Sin Dato,2020,Petrolero,Gran Generador,Sólidos,con metales pesados,1.24
Tamaulipas,Sin Dato,2020,Petrolero,Gran Generador,Sólidos,Otros,0.9
Tamaulipas,Sin Dato,2020,Petrolero,Gran Generador,Sólidos,Otros,4292.4
Tamaulipas,Sin Dato,2020,Petrolero,Gran Generador,Sólidos,Otros,30.1
Tamaulipas,Sin Dato,2020,Petrolero,Gran Generador,Sólidos,Otros,0.2
Tamaulipas,Sin Dato,2020,Petrolero,Gran Generador,Solventes,Orgánicos,2
Tamaulipas,Sin Dato,2020,Petrolero,Gran Generador,Solventes,Orgánicos,0.3
Tamaulipas,Sin Dato,2020,Petrolifero,Microgenerador,Aceites hidraúlicos,Aceites gastados hidráulicos,0.02
Tamaulipas,Sin Dato,2020,Petrolifero,Microgenerador,Aceites lubricantes,Aceites gastados lubricantes,0.46
Tamaulipas,Sin Dato,2020,Petrolifero,Microgenerador,Líquidos de proceso,Aguas aceitosas,0.172
Tamaulipas,Sin Dato,2020,Petrolifero,Microgenerador,"Gasollina, diésel y naftas gastados","Gasollina, diésel y naftas gastados",0.48
Tamaulipas,Sin Dato,2020,Petrolifero,Microgenerador,Lodos,Lodos aceitosos,2.719
Tamaulipas,Sin Dato,2020,Petrolifero,Microgenerador,Residuos sólidos,"Estopa, trapo, plásticos, cartón, madera, brochas, papel, cepillo, etc., impregnados con pinturas, grasas, aceites, hidrocarburos",1.215
Tamaulipas,Sin Dato,2020,Petrolifero,Pequeno Generador,Aceites hidraúlicos,Aceites gastados hidráulicos,0.006
Tamaulipas,Sin Dato,2020,Petrolifero,Pequeno Generador,Aceites lubricantes,Aceites gastados lubricantes,2.662
Tamaulipas,Sin Dato,2020,Petrolifero,Pequeno Generador,Líquidos de proceso,Aguas aceitosas,30.5
Tamaulipas,Sin Dato,2020,Petrolifero,Pequeno Generador,"Baterias, pilas y balastras","Baterias, pilas y balastras",0.002
Tamaulipas,Sin Dato,2020,Petrolifero,Pequeno Generador,"Gasollina, diésel y naftas gastados","Gasollina, diésel y naftas gastados",1.91
Tamaulipas,Sin Dato,2020,Petrolifero,Pequeno Generador,Lámparas fluorescentes y de vapor de mercurio,Lámparas fluorescentes y de vapor de mercurio,0.1382
Tamaulipas,Sin Dato,2020,Petrolifero,Pequeno Generador,Lodos,Lodos aceitosos,20.616
Tamaulipas,Sin Dato,2020,Petrolifero,Pequeno Generador,Residuos sólidos,"Estopa, trapo, plásticos, cartón, madera, brochas, papel, cepillo, etc., impregnados con pinturas, grasas, aceites, hidrocarburos",11.51
Tamaulipas,Sin Dato,2021,Petrolero,Microgenerador,Aceites gastados,Lubricantes,0.01
Tamaulipas,Sin Dato,2021,Petrolero,Microgenerador,Otros,"Agua oleosa, agua contaminada",0.02
Tamaulipas,Sin Dato,2021,Petrolero,Microgenerador,Residuos solidos,Con metales pesados,0.01
Tamaulipas,Sin Dato,2021,Petrolero,Microgenerador,Lodos,Lodos procedentes de trampas de grasas e hidrocarburos,0.01
Tamaulipas,Sin Dato,2021,Petrolero,Pequeno Generador,Aceites gastados,Lubricantes,6
Tamaulipas,Sin Dato,2021,Petrolero,Pequeno Generador,Escorias,Con metales pesados,1.5
Tamaulipas,Sin Dato,2021,Petrolero,Pequeno Generador,Otros,"Agua contaminada con hidrocarburos, combustibles, aceite o grasa",0.7
Tamaulipas,Sin Dato,2021,Petrolero,Pequeno Generador,Otros,Otros: Varios,0.06
Tamaulipas,Sin Dato,2021,Petrolero,Pequeno Generador,Residuos solidos,Otros solidos,0.3
Tamaulipas,Sin Dato,2021,Petrolero,Pequeno Generador,Residuos solidos,Sin dato,0.99
Tamaulipas,Sin Dato,2021,Petrolero,Pequeno Generador,Solventes,Solventes orgánicos usados,0.04
Tamaulipas,Sin Dato,2021,Petrolero,Pequeno Generador,Sustancias corrosivas,Corrosivos,0.1
Tamaulipas,Sin Dato,2021,Petrolero,Gran Generador,Aceites gastados,hidraulicos,0.3
Tamaulipas,Sin Dato,2021,Petrolero,Gran Generador,Aceites gastados,Lubricantes,120
Tamaulipas,Sin Dato,2021,Petrolero,Gran Generador,Aceites gastados,Sin dato,2.3
Tamaulipas,Sin Dato,2021,Petrolero,Gran Generador,Biológico-infecciosos,Objetos punzocortantes,0.22
Tamaulipas,Sin Dato,2021,Petrolero,Gran Generador,Biológico-infecciosos,Residuos no anatómicos,0.3
Tamaulipas,Sin Dato,2021,Petrolero,Gran Generador,Otros,Otros: Varios,26
Tamaulipas,Sin Dato,2021,Petrolero,Gran Generador,Otros,Sin dato,0.15
Tamaulipas,Sin Dato,2021,Petrolero,Gran Generador,Otros,Sin dato,12068.36
Tamaulipas,Sin Dato,2021,Petrolero,Gran Generador,Otros,Sin dato,9
Tamaulipas,Sin Dato,2021,Petrolero,Gran Generador,Residuos solidos,Con metales pesados,1.24
Tamaulipas,Sin Dato,2021,Petrolero,Gran Generador,Residuos solidos,Otros solidos,0.9
Tamaulipas,Sin Dato,2021,Petrolero,Gran Generador,Residuos solidos,Sin dato,4292.4
Tamaulipas,Sin Dato,2021,Petrolero,Gran Generador,Residuos solidos,Sin dato,30.1
Tamaulipas,Sin Dato,2021,Petrolero,Gran Generador,Residuos solidos,Sin dato,0.2
Tamaulipas,Sin Dato,2021,Petrolero,Gran Generador,Solventes,Orgánicos,0.3
Tamaulipas,Sin Dato,2021,Petrolero,Gran Generador,Solventes,Sin dato,2
Tamaulipas,Sin Dato,2021,Petrolero,Gran Generador,Lodos,Lodos aceitosos,300
Tamaulipas,Sin Dato,2021,Petrolero,Gran Generador,Lodos,Sin dato,1600
Tamaulipas,Sin Dato,2021,Petrolero,Gran Generador,Lodos,Sin dato,30
Tamaulipas,Sin Dato,2021,Petrolero,Gran Generador,Lodos,Otros lodos,1500
Tamaulipas,Sin Dato,2021,Petrolifero,Microgenerador,Aceites gastados,hidraulicos,0.02
Tamaulipas,Sin Dato,2021,Petrolifero,Microgenerador,Aceites gastados,Lubricantes,0.46
Tamaulipas,Sin Dato,2021,Petrolifero,Microgenerador,"Gasolina, diésel y naftas gastados o sucios provenientes de estaciones de servicio y talleres automotrices","Gasolina, diesel y naftas gastados o sucios",0.48
Tamaulipas,Sin Dato,2021,Petrolifero,Microgenerador,Otros,"Agua oleosa, agua contaminada",0.17
Tamaulipas,Sin Dato,2021,Petrolifero,Microgenerador,Residuos solidos,"Estopa, trapo, plásticos, cartón, madera, brochas, papel, cepillo, etc., impregnados con pinturas, grasas, aceites, hidrocarburos",1.22
Tamaulipas,Sin Dato,2021,Petrolifero,Microgenerador,Lodos,Lodos aceitosos,2.72
Tamaulipas,Sin Dato,2021,Petrolifero,Pequeno Generador,Aceites gastados,hidraulicos,0.01
Tamaulipas,Sin Dato,2021,Petrolifero,Pequeno Generador,Aceites gastados,Lubricantes,2.66
Tamaulipas,Sin Dato,2021,Petrolifero,Pequeno Generador,"baterias, celdas y pilas","Baterias, pilas y balastras",0
Tamaulipas,Sin Dato,2021,Petrolifero,Pequeno Generador,"Gasolina, diésel y naftas gastados o sucios provenientes de estaciones de servicio y talleres automotrices","Gasolina, diesel y naftas gastados o sucios",1.91
Tamaulipas,Sin Dato,2021,Petrolifero,Pequeno Generador,Otros,"Agua oleosa, agua contaminada",30.5
Tamaulipas,Sin Dato,2021,Petrolifero,Pequeno Generador,Residuos solidos,"Estopa, trapo, plásticos, cartón, madera, brochas, papel, cepillo, etc., impregnados con pinturas, grasas, aceites, hidrocarburos",11.51
Tamaulipas,Sin Dato,2021,Petrolifero,Pequeno Generador,Residuos solidos,"Lámparas fluorescentes, lámparas de vapor de mercurio",0.14
Tamaulipas,Sin Dato,2021,Petrolifero,Pequeno Generador,Lodos,Lodos aceitosos,20.62
Tamaulipas,Altamira,2022,Petrolero,Gran Generador,Lodos,Lodos aceitosos,1
Tamaulipas,Altamira,2022,Petrolero,Gran Generador,Otros,Otros sólidos,5
Tamaulipas,Altamira,2022,Petrolero,Gran Generador,Residuos sólidos,Otros sólidos,53.21
Tamaulipas,Altamira,2022,Petrolífero,Microgenerador,Aceites gastados,Lubricantes,0.11
Tamaulipas,Altamira,2022,Petrolífero,Microgenerador,Lodos,Lodos aceitosos,0.46
Tamaulipas,Altamira,2022,Petrolífero,Microgenerador,Residuos sólidos,"Estopa, trapo, plásticos, cartón, madera, brochas, papel, cepillo, etc., impregnados con pinturas, grasas, aceites, hidrocarburos",0.21
Tamaulipas,Altamira,2022,Petrolífero,Pequeño Generador,Aceites gastados,Lubricantes,4.7
Tamaulipas,Altamira,2022,Petrolífero,Pequeño Generador,Aceites gastados,Lubricantes,0.5
Tamaulipas,Altamira,2022,Petrolífero,Pequeño Generador,Aceites gastados,Lubricantes,0.5
Tamaulipas,Altamira,2022,Petrolífero,Pequeño Generador,Biológico-infecciosos,Patológicos,0
Tamaulipas,Altamira,2022,Petrolífero,Pequeño Generador,Biológico-infecciosos,Sangre,0
Tamaulipas,Altamira,2022,Petrolífero,Pequeño Generador,Lodos,Otros lodos,0.04
Tamaulipas,Altamira,2022,Petrolífero,Pequeño Generador,Lodos,Otros lodos,1
Tamaulipas,Altamira,2022,Petrolífero,Pequeño Generador,Lodos,Otros lodos,0.6
Tamaulipas,Altamira,2022,Petrolífero,Pequeño Generador,Otros,Otros residuos,3.5
Tamaulipas,Altamira,2022,Petrolífero,Pequeño Generador,Residuos sólidos,Otros sólidos,3.5
Tamaulipas,Altamira,2022,Petrolífero,Pequeño Generador,Residuos sólidos,Otros sólidos,5.94
Tamaulipas,Altamira,2022,Petrolífero,Pequeño Generador,Residuos sólidos,Otros sólidos,1
Tamaulipas,Altamira,2022,Petrolífero,Pequeño Generador,Residuos sólidos,Otros sólidos,1.5
Tamaulipas,Jaumave,2022,Petrolero,Microgenerador,Lodos,Lodos aceitosos,0.31
Tamaulipas,El Mante,2022,Petrolero,Microgenerador,"Gasolina, diésel y naftas gastados o sucios provenientes de estaciones de servicio y talleres automotrices","Gasolina, diesel y naftas gastados o sucios",0.2
Tamaulipas,El Mante,2022,Petrolero,Microgenerador,Lodos,Lodos aceitosos,0.25
Tamaulipas,El Mante,2022,Petrolero,Microgenerador,Residuos sólidos,"Estopa, trapo, plásticos, cartón, madera, brochas, papel, cepillo, etc., impregnados con pinturas, grasas, aceites, hidrocarburos",0.38
Tamaulipas,Matamoros,2022,Petrolero,Microgenerador,Lodos,Lodos aceitosos,0.3
Tamaulipas,Matamoros,2022,Petrolero,Microgenerador,Residuos sólidos,"Estopa, trapo, plásticos, cartón, madera, brochas, papel, cepillo, etc., impregnados con pinturas, grasas, aceites, hidrocarburos",0.01
Tamaulipas,Matamoros,2022,Petrolero,Pequeño Generador,Aceites gastados,Lubricantes,0.05
Tamaulipas,Matamoros,2022,Petrolero,Pequeño Generador,Agua contaminada,"Agua contaminada con hidrocarburos, combustibles, aceite o grasa",5.75
Tamaulipas,Matamoros,2022,Petrolero,Pequeño Generador,"Baterías, celdas y pilas","Baterias, pilas y balastras",0
Tamaulipas,Matamoros,2022,Petrolero,Pequeño Generador,"Gasolina, diésel y naftas gastados o sucios provenientes de estaciones de servicio y talleres automotrices","Gasolina, diesel y naftas gastados o sucios",0.18
Tamaulipas,Matamoros,2022,Petrolero,Pequeño Generador,Lodos,Lodos aceitosos,0.35
Tamaulipas,Matamoros,2022,Petrolero,Pequeño Generador,Residuos sólidos,"Estopa, trapo, plásticos, cartón, madera, brochas, papel, cepillo, etc., impregnados con pinturas, grasas, aceites, hidrocarburos",0.17
Tamaulipas,Matamoros,2022,Petrolero,Pequeño Generador,Residuos sólidos,"Lámparas fluorescentes, lámparas de vapor de mercurio",0.02
Tamaulipas,Méndez,2022,Petrolero,Microgenerador,Aceites gastados,Lubricantes,0.11
Tamaulipas,Méndez,2022,Petrolero,Microgenerador,Lodos,Lodos aceitosos,0.19
Tamaulipas,Méndez,2022,Petrolero,Microgenerador,Residuos sólidos,"Estopa, trapo, plásticos, cartón, madera, brochas, papel, cepillo, etc., impregnados con pinturas, grasas, aceites, hidrocarburos",0.09
Tamaulipas,Nuevo Laredo,2022,Petrolero,Microgenerador,Lodos,Lodos aceitosos,0.16
Tamaulipas,Nuevo Laredo,2022,Petrolero,Microgenerador,Residuos sólidos,"Estopa, trapo, plásticos, cartón, madera, brochas, papel, cepillo, etc., impregnados con pinturas, grasas, aceites, hidrocarburos",0.09
Tamaulipas,Nuevo Laredo,2022,Petrolero,Pequeño Generador,Lodos,Lodos aceitosos,0.56
Tamaulipas,Reynosa,2022,Petrolero,Microgenerador,Lodos,Lodos aceitosos,0.16
Tamaulipas,Reynosa,2022,Petrolero,Microgenerador,Residuos sólidos,"Estopa, trapo, plásticos, cartón, madera, brochas, papel, cepillo, etc., impregnados con pinturas, grasas, aceites, hidrocarburos",0.12
Tamaulipas,Reynosa,2022,Petrolero,Gran Generador,Aceites gastados,Lubricantes,20
Tamaulipas,Reynosa,2022,Petrolero,Gran Generador,Lodos,Otros lodos,2
Tamaulipas,Reynosa,2022,Petrolero,Gran Generador,Otros,Otros residuos,0.3
Tamaulipas,Reynosa,2022,Petrolero,Gran Generador,Otros,Otros residuos,20
Tamaulipas,Reynosa,2022,Petrolero,Gran Generador,Residuos sólidos,Otros sólidos,1.5
Tamaulipas,Reynosa,2022,Petrolero,Gran Generador,Residuos sólidos,Otros sólidos,8
Tamaulipas,Victoria,2022,Petrolero,Microgenerador,Lodos,Lodos aceitosos,0.48
Tamaulipas,Fuera del Marco Geoestadístico Municipal,2022,Petrolero,Gran Generador,Aceites gastados,Lubricantes,36
Tamaulipas,Fuera del Marco Geoestadístico Municipal,2022,Petrolero,Gran Generador,Biológico-infecciosos,Objetos punzocortantes,0.01
Tamaulipas,Fuera del Marco Geoestadístico Municipal,2022,Petrolero,Gran Generador,Biológico-infecciosos,Residuos no anatómicos,0.01
Tamaulipas,Fuera del Marco Geoestadístico Municipal,2022,Petrolero,Gran Generador,Lodos,Lodos aceitosos,210
Tamaulipas,Fuera del Marco Geoestadístico Municipal,2022,Petrolero,Gran Generador,Otros,Otros sólidos,8
Tamaulipas,Fuera del Marco Geoestadístico Municipal,2022,Petrolero,Gran Generador,Otros,Otros sólidos,0.05
Tamaulipas,Fuera del Marco Geoestadístico Municipal,2022,Petrolero,Gran Generador,Otros,Otros sólidos,2502.02
Tamaulipas,Fuera del Marco Geoestadístico Municipal,2022,Petrolero,Gran Generador,Residuos sólidos,Otros sólidos,0.3
Tamaulipas,Fuera del Marco Geoestadístico Municipal,2022,Petrolero,Gran Generador,Residuos sólidos,Otros sólidos,24.2
Tamaulipas,Fuera del Marco Geoestadístico Municipal,2022,Petrolero,Gran Generador,Residuos sólidos,Otros sólidos,6
Tamaulipas,Altamira,2023,Petrolífero,Microgenerador,Aceites gastados,Lubricantes,0.08
Tamaulipas,Altamira,2023,Petrolífero,Microgenerador,Lodos,Lodos aceitosos,0.19
Tamaulipas,Altamira,2023,Petrolífero,Microgenerador,Residuos sólidos,"Estopa, trapo, plásticos, cartón, madera, brochas, papel, cepillo, etc., impregnados con pinturas, grasas, aceites, hidrocarburos",0.11
Tamaulipas,Altamira,2023,Petrolífero,Microgenerador,Residuos sólidos,"Lámparas fluorescentes, lámparas de vapor de mercurio",0.02
Tamaulipas,Güémez,2023,Petrolífero,Pequeño Generador,Residuos sólidos,"Estopa, trapo, plásticos, cartón, madera, brochas, papel, cepillo, etc., impregnados con pinturas, grasas, aceites, hidrocarburos",0.42
Tamaulipas,Güémez,2023,Petrolífero,Pequeño Generador,Residuos sólidos,"Estopa, trapo, plásticos, cartón, madera, brochas, papel, cepillo, etc., impregnados con pinturas, grasas, aceites, hidrocarburos",3.06
Tamaulipas,Güémez,2023,Petrolífero,Pequeño Generador,Residuos sólidos,"Estopa, trapo, plásticos, cartón, madera, brochas, papel, cepillo, etc., impregnados con pinturas, grasas, aceites, hidrocarburos",5.05
Tamaulipas,Gustavo Díaz Ordaz,2023,Petrolífero,Pequeño Generador,Lodos,Lodos aceitosos,0.35
Tamaulipas,Gustavo Díaz Ordaz,2023,Petrolífero,Pequeño Generador,Residuos sólidos,"Estopa, trapo, plásticos, cartón, madera, brochas, papel, cepillo, etc., impregnados con pinturas, grasas, aceites, hidrocarburos",0.3
Tamaulipas,El Mante,2023,Petrolífero,Microgenerador,Residuos sólidos,"Estopa, trapo, plásticos, cartón, madera, brochas, papel, cepillo, etc., impregnados con pinturas, grasas, aceites, hidrocarburos",0.33
Tamaulipas,Matamoros,2023,Petrolífero,Pequeño Generador,Aceites gastados,Lubricantes,0.03
Tamaulipas,Matamoros,2023,Petrolífero,Pequeño Generador,Agua contaminada,"Agua contaminada con hidrocarburos, combustibles, aceite o grasa",0.64
Tamaulipas,Matamoros,2023,Petrolífero,Pequeño Generador,"Baterías, celdas y pilas","Baterias, pilas y balastras",0.04
Tamaulipas,Matamoros,2023,Petrolífero,Pequeño Generador,Lodos,Lodos aceitosos,0.38
Tamaulipas,Matamoros,2023,Petrolífero,Pequeño Generador,Residuos sólidos,"Estopa, trapo, plásticos, cartón, madera, brochas, papel, cepillo, etc., impregnados con pinturas, grasas, aceites, hidrocarburos",0.1
Tamaulipas,Matamoros,2023,Petrolífero,Pequeño Generador,Residuos sólidos,"Lámparas fluorescentes, lámparas de vapor de mercurio",0.02
Tamaulipas,Reynosa,2023,Petrolero,Gran Generador,Aceites gastados,Otros aceites,4.22
Tamaulipas,Reynosa,2023,Petrolero,Gran Generador,Residuos sólidos,"Estopa, trapo, plásticos, cartón, madera, brochas, papel, cepillo, etc., impregnados con pinturas, grasas, aceites, hidrocarburos",9.7
Tamaulipas,Reynosa,2023,Petrolero,Gran Generador,Residuos sólidos,Otros sólidos,1.71
Tamaulipas,Reynosa,2023,Petrolero,Gran Generador,Solventes,Orgánicos,0.06
Tamaulipas,Reynosa,2023,Petrolífero,Microgenerador,Aceites gastados,Lubricantes,0.11
Tamaulipas,Reynosa,2023,Petrolífero,Microgenerador,Lodos,Lodos aceitosos,0.19
Tamaulipas,Reynosa,2023,Petrolífero,Microgenerador,Residuos sólidos,"Estopa, trapo, plásticos, cartón, madera, brochas, papel, cepillo, etc., impregnados con pinturas, grasas, aceites, hidrocarburos",0.09
Tamaulipas,Reynosa,2023,Petrolífero,Pequeño Generador,Aceites gastados,Lubricantes,0.53
Tamaulipas,Reynosa,2023,Petrolífero,Pequeño Generador,Agua contaminada,"Agua contaminada con hidrocarburos, combustibles, aceite o grasa",6.84
Tamaulipas,Reynosa,2023,Petrolífero,Pequeño Generador,"Baterías, celdas y pilas","Baterias, pilas y balastras",0.01
Tamaulipas,Reynosa,2023,Petrolífero,Pequeño Generador,Lodos,Lodos aceitosos,0.68
Tamaulipas,Reynosa,2023,Petrolífero,Pequeño Generador,Residuos sólidos,"Estopa, trapo, plásticos, cartón, madera, brochas, papel, cepillo, etc., impregnados con pinturas, grasas, aceites, hidrocarburos",0.88
Tamaulipas,Reynosa,2023,Petrolífero,Pequeño Generador,Residuos sólidos,"Lámparas fluorescentes, lámparas de vapor de mercurio",0.02
Tamaulipas,Río Bravo,2023,Petrolífero,Microgenerador,"Gasolina, diésel y naftas gastados o sucios provenientes de estaciones de servicio y talleres automotrices","Gasolina, diesel y naftas gastados o sucios",0.08
Tamaulipas,Río Bravo,2023,Petrolífero,Microgenerador,Residuos sólidos,"Estopa, trapo, plásticos, cartón, madera, brochas, papel, cepillo, etc., impregnados con pinturas, grasas, aceites, hidrocarburos",0.2
Tamaulipas,Río Bravo,2023,Petrolífero,Microgenerador,Residuos sólidos,"Lámparas fluorescentes, lámparas de vapor de mercurio",0.1
Tamaulipas,Río Bravo,2023,Petrolífero,Pequeño Generador,Aceites gastados,Lubricantes,3.05
Tamaulipas,Río Bravo,2023,Petrolífero,Pequeño Generador,Lodos,Lodos aceitosos,8.05
Tamaulipas,Río Bravo,2023,Petrolífero,Pequeño Generador,Residuos sólidos,"Estopa, trapo, plásticos, cartón, madera, brochas, papel, cepillo, etc., impregnados con pinturas, grasas, aceites, hidrocarburos",6.3
Tamaulipas,Río Bravo,2023,Petrolífero,Pequeño Generador,Residuos sólidos,"Lámparas fluorescentes, lámparas de vapor de mercurio",2.11
Tamaulipas,Tampico,2023,Petrolífero,Microgenerador,Lodos,Lodos aceitosos,0.18
Tamaulipas,Tampico,2023,Petrolífero,Microgenerador,Residuos sólidos,"Estopa, trapo, plásticos, cartón, madera, brochas, papel, cepillo, etc., impregnados con pinturas, grasas, aceites, hidrocarburos",0.16
Tamaulipas,Tampico,2023,Petrolífero,Pequeño Generador,Residuos sólidos,"Estopa, trapo, plásticos, cartón, madera, brochas, papel, cepillo, etc., impregnados con pinturas, grasas, aceites, hidrocarburos",0.19
Tamaulipas,Tampico,2023,Petrolífero,Pequeño Generador,Residuos sólidos,"Estopa, trapo, plásticos, cartón, madera, brochas, papel, cepillo, etc., impregnados con pinturas, grasas, aceites, hidrocarburos",1.95
Tamaulipas,Tampico,2023,Petrolífero,Pequeño Generador,Residuos sólidos,"Estopa, trapo, plásticos, cartón, madera, brochas, papel, cepillo, etc., impregnados con pinturas, grasas, aceites, hidrocarburos",2.15
Tamaulipas,Victoria,2023,Petrolífero,Microgenerador,Lodos,Lodos aceitosos,0.24
Tamaulipas,Victoria,2023,Petrolífero,Microgenerador,Residuos sólidos,"Estopa, trapo, plásticos, cartón, madera, brochas, papel, cepillo, etc., impregnados con pinturas, grasas, aceites, hidrocarburos",0.66
Tamaulipas,Altamira,2024,Petrolero,Gran Generador,Residuos sólidos,"Estopa, trapo, plásticos, cartón, madera, brochas, papel, cepillo, etc., impregnados con pinturas, grasas, aceites, hidrocarburos",4.77
Tamaulipas,Altamira,2024,Petrolífero,Microgenerador,Aceites gastados,Lubricantes,0.11
Tamaulipas,Altamira,2024,Petrolífero,Microgenerador,Lodos,Lodos aceitosos,0.29
Tamaulipas,Altamira,2024,Petrolífero,Microgenerador,Residuos sólidos,"Estopa, trapo, plásticos, cartón, madera, brochas, papel, cepillo, etc., impregnados con pinturas, grasas, aceites, hidrocarburos",0.28
Tamaulipas,Llera,2024,Petrolífero,Microgenerador,Lodos,Lodos aceitosos,0.08
Tamaulipas,Llera,2024,Petrolífero,Microgenerador,Residuos sólidos,"Estopa, trapo, plásticos, cartón, madera, brochas, papel, cepillo, etc., impregnados con pinturas, grasas, aceites, hidrocarburos",0.02
Tamaulipas,Mier,2024,Petrolífero,Microgenerador,Lodos,Lodos aceitosos,0.03
Tamaulipas,Mier,2024,Petrolífero,Microgenerador,Residuos sólidos,"Estopa, trapo, plásticos, cartón, madera, brochas, papel, cepillo, etc., impregnados con pinturas, grasas, aceites, hidrocarburos",0.03
Tamaulipas,Miguel Alemán,2024,Petrolífero,Microgenerador,Aceites gastados,Lubricantes,0.1
Tamaulipas,Miguel Alemán,2024,Petrolífero,Microgenerador,Lodos,Lodos aceitosos,0.1
Tamaulipas,Miguel Alemán,2024,Petrolífero,Microgenerador,Residuos sólidos,"Estopa, trapo, plásticos, cartón, madera, brochas, papel, cepillo, etc., impregnados con pinturas, grasas, aceites, hidrocarburos",0.1
Tamaulipas,Nuevo Laredo,2024,Petrolífero,Microgenerador,Lodos,Lodos aceitosos,0.1
Tamaulipas,Nuevo Laredo,2024,Petrolífero,Microgenerador,Residuos sólidos,"Estopa, trapo, plásticos, cartón, madera, brochas, papel, cepillo, etc., impregnados con pinturas, grasas, aceites, hidrocarburos",0.3
Tamaulipas,Nuevo Laredo,2024,Petrolífero,Pequeño Generador,Aceites gastados,Lubricantes,0.11
Tamaulipas,Nuevo Laredo,2024,Petrolífero,Pequeño Generador,Agua contaminada,"Agua contaminada con hidrocarburos, combustibles, aceite o grasa",10.8
Tamaulipas,Nuevo Laredo,2024,Petrolífero,Pequeño Generador,"Baterías, celdas, pilas, balastras","Baterias, pilas, acumuladores, balastras",0.01
Tamaulipas,Nuevo Laredo,2024,Petrolífero,Pequeño Generador,Gasolina y otros combustibles,"Gasolina, diesel y naftas gastados o sucios",0.39
Tamaulipas,Nuevo Laredo,2024,Petrolífero,Pequeño Generador,Lodos,Lodos aceitosos,0.82
Tamaulipas,Nuevo Laredo,2024,Petrolífero,Pequeño Generador,Residuos sólidos,"Estopa, trapo, plásticos, cartón, madera, brochas, papel, cepillo, etc., impregnados con pinturas, grasas, aceites, hidrocarburos",0.45
Tamaulipas,Nuevo Laredo,2024,Petrolífero,Pequeño Generador,Residuos sólidos,"Lámparas fluorescentes, lámparas de vapor de mercurio",0.03
Tamaulipas,Reynosa,2024,Petrolero,Gran Generador,Agua contaminada,"Agua contaminada con hidrocarburos, combustibles, aceite o grasa",0.7
Tamaulipas,Reynosa,2024,Petrolero,Gran Generador,Residuos sólidos,"Estopa, trapo, plásticos, cartón, madera, brochas, papel, cepillo, etc., impregnados con pinturas, grasas, aceites, hidrocarburos",4.47
Tamaulipas,Reynosa,2024,Petrolero,Gran Generador,Residuos sólidos,"Tierra, arena, grava, acerrín impregnados con aceites, grasas o hidrocarburos",0.8
Tamaulipas,Reynosa,2024,Petrolífero,Microgenerador,Lodos,Lodos aceitosos,0.2
Tamaulipas,Reynosa,2024,Petrolífero,Microgenerador,Residuos sólidos,"Estopa, trapo, plásticos, cartón, madera, brochas, papel, cepillo, etc., impregnados con pinturas, grasas, aceites, hidrocarburos",0.05
Tamaulipas,Reynosa,2024,Petrolífero,Pequeño Generador,Aceites gastados,Lubricantes,0.05
Tamaulipas,Reynosa,2024,Petrolífero,Pequeño Generador,Agua contaminada,"Agua contaminada con hidrocarburos, combustibles, aceite o grasa",5.9
Tamaulipas,Reynosa,2024,Petrolífero,Pequeño Generador,"Baterías, celdas, pilas, balastras","Baterias, pilas, acumuladores, balastras",0
Tamaulipas,Reynosa,2024,Petrolífero,Pequeño Generador,Gasolina y otros combustibles,"Gasolina, diesel y naftas gastados o sucios",0.18
Tamaulipas,Reynosa,2024,Petrolífero,Pequeño Generador,Lodos,Lodos aceitosos,0.39
Tamaulipas,Reynosa,2024,Petrolífero,Pequeño Generador,Residuos sólidos,"Estopa, trapo, plásticos, cartón, madera, brochas, papel, cepillo, etc., impregnados con pinturas, grasas, aceites, hidrocarburos",2.24
Tamaulipas,Reynosa,2024,Petrolífero,Pequeño Generador,Residuos sólidos,"Lámparas fluorescentes, lámparas de vapor de mercurio",0.01
Tamaulipas,Río Bravo,2024,Petrolífero,Microgenerador,Lodos,Lodos aceitosos,0.1
Tamaulipas,Río Bravo,2024,Petrolífero,Microgenerador,Residuos sólidos,"Estopa, trapo, plásticos, cartón, madera, brochas, papel, cepillo, etc., impregnados con pinturas, grasas, aceites, hidrocarburos",0.03
Tamaulipas,Río Bravo,2024,Petrolífero,Pequeño Generador,Residuos sólidos,"Estopa, trapo, plásticos, cartón, madera, brochas, papel, cepillo, etc., impregnados con pinturas, grasas, aceites, hidrocarburos",0.5
Tamaulipas,Soto La Marina,2024,Petrolífero,Microgenerador,Lodos,Lodos aceitosos,0.16
Tamaulipas,Soto La Marina,2024,Petrolífero,Microgenerador,Residuos sólidos,"Estopa, trapo, plásticos, cartón, madera, brochas, papel, cepillo, etc., impregnados con pinturas, grasas, aceites, hidrocarburos",0.02
Tamaulipas,Tampico,2024,Petrolífero,Microgenerador,Aceites gastados,Hidráulicos,0.16
Tamaulipas,Tampico,2024,Petrolífero,Microgenerador,Gasolina y otros combustibles,"Gasolina, diesel y naftas gastados o sucios",0.06
Tamaulipas,Tampico,2024,Petrolífero,Microgenerador,Lodos,Lodos aceitosos,0.18
Tamaulipas,Tampico,2024,Petrolífero,Microgenerador,Residuos sólidos,"Estopa, trapo, plásticos, cartón, madera, brochas, papel, cepillo, etc., impregnados con pinturas, grasas, aceites, hidrocarburos",0.03
Tamaulipas,Victoria,2024,Petrolífero,Microgenerador,Aceites gastados,Hidráulicos,0.32
Tamaulipas,Victoria,2024,Petrolífero,Microgenerador,Gasolina y otros combustibles,"Gasolina, diesel y naftas gastados o sucios",0.37
Tamaulipas,Victoria,2024,Petrolífero,Microgenerador,Lodos,Lodos aceitosos,0.56
Tamaulipas,Victoria,2024,Petrolífero,Microgenerador,Residuos sólidos,"Estopa, trapo, plásticos, cartón, madera, brochas, papel, cepillo, etc., impregnados con pinturas, grasas, aceites, hidrocarburos",0.39
Tlaxcala,Sin Dato,2017,Petrolero,Microgenerador,Aceites gastados,Lubricantes,0.11
Tlaxcala,Sin Dato,2017,Petrolero,Microgenerador,Lodos,Lodos procedentes de trampas de grasas e hidrocarburos,0.01
Tlaxcala,Sin Dato,2017,Petrolero,Microgenerador,Lodos aceitosos,"Con contaminacion de hidrocarburos, combustibles, aceite",0.38
Tlaxcala,Sin Dato,2017,Petrolero,Microgenerador,Lodos aceitosos,Otros lodos,0.16
Tlaxcala,Sin Dato,2017,Petrolero,Microgenerador,Material textil,"Telas, felpas, estopas",0.01
Tlaxcala,Sin Dato,2017,Petrolero,Microgenerador,Residuos solidos,"Botes o recipientes que contuvieron contaminantes diversos, latas de pintura, aerosoles",0.15
Tlaxcala,Sin Dato,2017,Petrolero,Microgenerador,Residuos solidos,"Estopa, trapo, plasticos, carton, madera, brochas, papel, cepillo, etc., impregnados con pinturas, grasas, aceites, hidrocarburos",0.01
Tlaxcala,Sin Dato,2017,Petrolero,Microgenerador,Residuos solidos,Lampara fluorescentes,0.01
Tlaxcala,Sin Dato,2017,Petrolero,Pequeno Generador,Aceites gastados,Lubricantes,1.14
Tlaxcala,Sin Dato,2017,Petrolero,Pequeno Generador,"Gasolina, diesel y naftas gastados o sucios provenientes de estaciónes de servicio y talleres automotrices","Mezclas de combustibles sucios, mezclas de hidrocarburos, naftas",0.07
Tlaxcala,Sin Dato,2017,Petrolero,Pequeno Generador,Liquidos de proceso,"Agua contaminada con hidrocarburos, combustibles, aceite o grasa",0.3
Tlaxcala,Sin Dato,2017,Petrolero,Pequeno Generador,Lodos,Lodos procedentes de trampas de grasas e hidrocarburos,0.36
Tlaxcala,Sin Dato,2017,Petrolero,Pequeno Generador,Lodos,Lodos provenientes de tanques de almacenaniento,0.01
Tlaxcala,Sin Dato,2017,Petrolero,Pequeno Generador,Lodos aceitosos,"Con contaminacion de hidrocarburos, combustibles, aceite",4.34
Tlaxcala,Sin Dato,2017,Petrolero,Pequeno Generador,Lodos aceitosos,Lodos procedentes de trampas de grasas e hidrocarburos,1.47
Tlaxcala,Sin Dato,2017,Petrolero,Pequeno Generador,Lodos aceitosos,Otros lodos,5.16
Tlaxcala,Sin Dato,2017,Petrolero,Pequeno Generador,Material textil,"Telas, felpas, estopas",0.73
Tlaxcala,Sin Dato,2017,Petrolero,Pequeno Generador,Residuos solidos,"Botes o recipientes que contuvieron contaminantes diversos, latas de pintura, aerosoles",3.28
Tlaxcala,Sin Dato,2017,Petrolero,Pequeno Generador,Residuos solidos,De mantenimiento automotríz,0.05
Tlaxcala,Sin Dato,2017,Petrolero,Pequeno Generador,Residuos solidos,"Estopa, trapo, plasticos, carton, madera, brochas, papel, cepillo, etc., impregnados con pinturas, grasas, aceites, hidrocarburos",0.57
Tlaxcala,Sin Dato,2017,Petrolero,Pequeno Generador,Residuos solidos,Lampara fluorescentes,0.02
Tlaxcala,Sin Dato,2017,Petrolero,Pequeno Generador,Residuos solidos,"Mangueras, pistolas o filtros para despacho de combustibles, descarga de contaminantes",0.04
Tlaxcala,Sin Dato,2017,Petroleo y petroquimica,Microgenerador,Aceites gastados,Lubricantes,0.04
Tlaxcala,Sin Dato,2017,Petroleo y petroquimica,Microgenerador,"Baterias, celdas y pilas",Pilas alcalinas,0.06
Tlaxcala,Sin Dato,2017,Petroleo y petroquimica,Microgenerador,"Baterias, celdas y pilas","Pilas, baterias, acumuladores, celdas de desecho: niquel-cadmio, plomo, mercurio",0.11
Tlaxcala,Sin Dato,2017,Petroleo y petroquimica,Microgenerador,Liquidos de proceso,"Con contaminacion de gas natural, mercaptano",0.01
Tlaxcala,Sin Dato,2017,Petroleo y petroquimica,Microgenerador,Residuos solidos,"Botes o recipientes que contuvieron contaminantes diversos, latas de pintura, aerosoles",0.03
Tlaxcala,Sin Dato,2017,Petroleo y petroquimica,Microgenerador,Residuos solidos,"Con contaminacion de gas natural, mercaptano",0.03
Tlaxcala,Sin Dato,2017,Petroleo y petroquimica,Microgenerador,Residuos solidos,"Estopa, trapo, plasticos, carton, madera, brochas, papel, cepillo, etc., impregnados con pinturas, grasas, aceites, hidrocarburos",0.04
Tlaxcala,Sin Dato,2017,Petroleo y petroquimica,Microgenerador,Residuos solidos,Lampara fluorescentes,0
Tlaxcala,Sin Dato,2018,Petrolifero,Microgenerador,Aceites gastados (Lubricantes),Aceites gastados lubricantes,0.05
Tlaxcala,Sin Dato,2018,Petrolifero,Microgenerador,"Gasolina, Diesel y Naftas gastados o sucios","Gasolina, Diesel y Naftas gastados o sucios provenientes de Estaciones de Servicio y Talleres Automotrices",0.14
Tlaxcala,Sin Dato,2018,Petrolifero,Microgenerador,Lamparas fluorescentes y de vapor de mercurio,Lamparas fluorescentes y de vapor de mercurio,0.28
Tlaxcala,Sin Dato,2018,Petrolifero,Microgenerador,Lodos Contaminados con Hidrocarburos,Lodos de tanques de almacenamiento de hidrocarburos,1.73
Tlaxcala,Sin Dato,2018,Petrolifero,Microgenerador,Solidos contaminados con hidrocarburos diversos,"Filtros, mangueras, envases, botes, cubetas, contenedores, trapos, guantes, carton, aserrin, material absorbente,Estopas y trapos impregnados con combustible, Envases vacios impregnados de aceite",0.98
Tlaxcala,Sin Dato,2018,Petrolifero,Microgenerador,Solventes Gastados,Residuos de solventes,0.06
Tlaxcala,Sin Dato,2018,Petrolifero,Pequeno generador,Aceites gastados (Lubricantes),Aceites gastados lubricantes,0.15
Tlaxcala,Sin Dato,2018,Petrolifero,Pequeno generador,Lamparas fluorescentes y de vapor de mercurio,Lamparas fluorescentes y de vapor de mercurio,0.07
Tlaxcala,Sin Dato,2018,Petrolifero,Pequeno generador,Lodos Contaminados con Hidrocarburos,Lodos de tanques de almacenamiento de hidrocarburos,7.61
Tlaxcala,Sin Dato,2018,Petrolifero,Pequeno generador,Pilas o Baterias con Litio o Cadmio,Pilas Niquel-Cadmio,0.1
Tlaxcala,Sin Dato,2018,Petrolifero,Pequeno generador,Solidos contaminados con hidrocarburos diversos,"Filtros, mangueras, envases, botes, cubetas, contenedores, trapos, guantes, carton, aserrin, material absorbente,Estopas y trapos impregnados con combustible, Envases vacios impregnados de aceite",3.05
Tlaxcala,Sin Dato,2019,Petrolifero,Microgenerador,Aceites gastados,Lubricantes,0
Tlaxcala,Sin Dato,2019,Petrolifero,Microgenerador,"Gasolina, diesel y naftas gastados o sucios provenientes de estaciónes de servicio y talleres automotrices","Gasolina, diesel y naftas gastados o sucios provenientes de estaciones de servicio y talleres automotrices",0
Tlaxcala,Sin Dato,2019,Petrolifero,Microgenerador,Lodos,Lodos procedentes de trampas de grasas e hidrocarburos,0
Tlaxcala,Sin Dato,2019,Petrolifero,Microgenerador,Residuos solidos,"Estopa, trapo, plásticos, cartón, madera, brochas, papel, cepillo, etc., impregnados con pinturas, grasas, aceites, hidrocarburos",0
Tlaxcala,Sin Dato,2019,Petrolifero,Microgenerador,Residuos solidos,Lámpara fluorescentes,0
Tlaxcala,Sin Dato,2019,Petrolifero,Microgenerador,Solventes,Residuos de solventes,0
Tlaxcala,Sin Dato,2019,Petrolifero,Pequeno Generador,Aceites gastados,Lubricantes,0
Tlaxcala,Sin Dato,2019,Petrolifero,Pequeno Generador,"Baterias, celdas y pilas",Pilas o baterias de Niquel - Cadmio,0
Tlaxcala,Sin Dato,2019,Petrolifero,Pequeno Generador,Lodos,Lodos procedentes de trampas de grasas e hidrocarburos,0
Tlaxcala,Sin Dato,2019,Petrolifero,Pequeno Generador,Residuos solidos,"Estopa, trapo, plásticos, cartón, madera, brochas, papel, cepillo, etc., impregnados con pinturas, grasas, aceites, hidrocarburos",0
Tlaxcala,Sin Dato,2019,Petrolifero,Pequeno Generador,Residuos solidos,Lámpara fluorescentes,0
Tlaxcala,Sin Dato,2020,Petrolifero,Microgenerador,Aceites lubricantes,Aceites gastados lubricantes,0.1315
Tlaxcala,Sin Dato,2020,Petrolifero,Microgenerador,Lodos,Lodos aceitosos,0.7823
Tlaxcala,Sin Dato,2020,Petrolifero,Microgenerador,Natas de pintura,Natas de pintura,0.2425
Tlaxcala,Sin Dato,2020,Petrolifero,Pequeno Generador,Aceites hidraúlicos,Aceites gastados hidráulicos,0.2154
Tlaxcala,Sin Dato,2020,Petrolifero,Pequeno Generador,Aceites lubricantes,Aceites gastados lubricantes,0.3564
Tlaxcala,Sin Dato,2020,Petrolifero,Pequeno Generador,"Gasollina, diésel y naftas gastados","Gasollina, diésel y naftas gastados",0.28954
Tlaxcala,Sin Dato,2020,Petrolifero,Pequeno Generador,Lodos,Lodos aceitosos,1.4635
Tlaxcala,Sin Dato,2020,Petrolifero,Pequeno Generador,Residuos sólidos,"Estopa, trapo, plásticos, cartón, madera, brochas, papel, cepillo, etc., impregnados con pinturas, grasas, aceites, hidrocarburos",0.41
Tlaxcala,Sin Dato,2021,Petrolifero,Microgenerador,Aceites gastados,Lubricantes,0.13
Tlaxcala,Sin Dato,2021,Petrolifero,Microgenerador,Pinturas y productos relacionados,"Residuos de pinturas, pinturas caducadas",0.24
Tlaxcala,Sin Dato,2021,Petrolifero,Microgenerador,Lodos,Lodos aceitosos,0.78
Tlaxcala,Sin Dato,2021,Petrolifero,Pequeno Generador,Aceites gastados,hidraulicos,0.22
Tlaxcala,Sin Dato,2021,Petrolifero,Pequeno Generador,Aceites gastados,Lubricantes,0.36
Tlaxcala,Sin Dato,2021,Petrolifero,Pequeno Generador,"Gasolina, diésel y naftas gastados o sucios provenientes de estaciones de servicio y talleres automotrices","Gasolina, diesel y naftas gastados o sucios",0.29
Tlaxcala,Sin Dato,2021,Petrolifero,Pequeno Generador,Residuos solidos,"Estopa, trapo, plásticos, cartón, madera, brochas, papel, cepillo, etc., impregnados con pinturas, grasas, aceites, hidrocarburos",0.41
Tlaxcala,Sin Dato,2021,Petrolifero,Pequeno Generador,Lodos,Lodos aceitosos,1.46
Tlaxcala,Apizaco,2022,Petrolífero,Microgenerador,"Gasolina, diésel y naftas gastados o sucios provenientes de estaciones de servicio y talleres automotrices","Gasolina, diesel y naftas gastados o sucios",0.1
Tlaxcala,Apizaco,2022,Petrolífero,Microgenerador,Lodos,Lodos aceitosos,0.1
Tlaxcala,Apizaco,2022,Petrolífero,Microgenerador,Residuos sólidos,"Estopa, trapo, plásticos, cartón, madera, brochas, papel, cepillo, etc., impregnados con pinturas, grasas, aceites, hidrocarburos",0.15
Tlaxcala,Huamantla,2022,Petrolero,Microgenerador,Aceites gastados,Lubricantes,0.01
Tlaxcala,Huamantla,2022,Petrolero,Microgenerador,Otros,Otros residuos,0
Tlaxcala,Huamantla,2022,Petrolero,Microgenerador,Residuos sólidos,Otros sólidos,0
Tlaxcala,Huamantla,2022,Petrolero,Microgenerador,Residuos sólidos,Otros sólidos,0.01
Tlaxcala,Huamantla,2022,Petrolero,Microgenerador,Residuos sólidos,Otros sólidos,0.01
Tlaxcala,Huamantla,2022,Petrolero,Pequeño Generador,Aceites gastados,Lubricantes,1.2
Tlaxcala,Huamantla,2022,Petrolero,Pequeño Generador,Agua contaminada,"Agua contaminada con hidrocarburos, combustibles, aceite o grasa",0.15
Tlaxcala,Huamantla,2022,Petrolero,Pequeño Generador,"Baterías, celdas y pilas","Baterias, pilas y balastras",0.1
Tlaxcala,Huamantla,2022,Petrolero,Pequeño Generador,"Gasolina, diésel y naftas gastados o sucios provenientes de estaciones de servicio y talleres automotrices","Gasolina, diesel y naftas gastados o sucios",0.05
Tlaxcala,Huamantla,2022,Petrolero,Pequeño Generador,Lodos,Lodos aceitosos,1
Tlaxcala,Huamantla,2022,Petrolero,Pequeño Generador,Residuos sólidos,"Estopa, trapo, plásticos, cartón, madera, brochas, papel, cepillo, etc., impregnados con pinturas, grasas, aceites, hidrocarburos",0.5
Tlaxcala,Huamantla,2022,Petrolero,Pequeño Generador,Residuos sólidos,"Lámparas fluorescentes, lámparas de vapor de mercurio",0.02
Tlaxcala,Ixtacuixtla de Mariano Matamoros,2022,Petrolero,Pequeño Generador,Lodos,Lodos aceitosos,0.5
Tlaxcala,Tlaxcala,2022,Petrolero,Pequeño Generador,Lodos,Lodos aceitosos,0.31
Tlaxcala,Tlaxcala,2022,Petrolero,Pequeño Generador,Residuos sólidos,"Estopa, trapo, plásticos, cartón, madera, brochas, papel, cepillo, etc., impregnados con pinturas, grasas, aceites, hidrocarburos",0.28
Tlaxcala,Tlaxcala,2022,Petrolero,Pequeño Generador,Residuos sólidos,"Lámparas fluorescentes, lámparas de vapor de mercurio",0
Tlaxcala,Tlaxco,2022,Petrolero,Microgenerador,Residuos sólidos,"Estopa, trapo, plásticos, cartón, madera, brochas, papel, cepillo, etc., impregnados con pinturas, grasas, aceites, hidrocarburos",0.4
Tlaxcala,Calpulalpan,2023,Petrolífero,Pequeño Generador,Lodos,Lodos aceitosos,0.4
Tlaxcala,Calpulalpan,2023,Petrolífero,Pequeño Generador,Residuos sólidos,"Estopa, trapo, plásticos, cartón, madera, brochas, papel, cepillo, etc., impregnados con pinturas, grasas, aceites, hidrocarburos",0.04
Tlaxcala,Tlaxcala,2023,Petrolífero,Microgenerador,Lodos,Lodos aceitosos,0.3
Tlaxcala,Tlaxcala,2023,Petrolífero,Microgenerador,Residuos sólidos,"Estopa, trapo, plásticos, cartón, madera, brochas, papel, cepillo, etc., impregnados con pinturas, grasas, aceites, hidrocarburos",0.01
Tlaxcala,Santa Cruz Quilehtla,2023,Petrolífero,Microgenerador,Agua contaminada,"Agua contaminada con hidrocarburos, combustibles, aceite o grasa",0.02
Tlaxcala,Santa Cruz Quilehtla,2023,Petrolífero,Microgenerador,"Baterías, celdas y pilas","Baterias, pilas y balastras",0.02
Tlaxcala,Santa Cruz Quilehtla,2023,Petrolífero,Microgenerador,Lodos,Lodos aceitosos,0.05
Tlaxcala,Santa Cruz Quilehtla,2023,Petrolífero,Microgenerador,Residuos sólidos,"Estopa, trapo, plásticos, cartón, madera, brochas, papel, cepillo, etc., impregnados con pinturas, grasas, aceites, hidrocarburos",0.12
Tlaxcala,Apizaco,2024,Petrolífero,Microgenerador,Aceites gastados,Lubricantes,0.05
Tlaxcala,Apizaco,2024,Petrolífero,Microgenerador,Lodos,Lodos aceitosos,0.11
Tlaxcala,Apizaco,2024,Petrolífero,Microgenerador,Residuos sólidos,"Estopa, trapo, plásticos, cartón, madera, brochas, papel, cepillo, etc., impregnados con pinturas, grasas, aceites, hidrocarburos",0
Tlaxcala,Apizaco,2024,Petrolífero,Pequeño Generador,Lodos,Lodos aceitosos,0.3
Tlaxcala,Apizaco,2024,Petrolífero,Pequeño Generador,Residuos sólidos,"Estopa, trapo, plásticos, cartón, madera, brochas, papel, cepillo, etc., impregnados con pinturas, grasas, aceites, hidrocarburos",0.25
Tlaxcala,Cuapiaxtla,2024,Petrolífero,Microgenerador,Lodos,Lodos aceitosos,0.05
Tlaxcala,Cuapiaxtla,2024,Petrolífero,Microgenerador,Residuos sólidos,"Estopa, trapo, plásticos, cartón, madera, brochas, papel, cepillo, etc., impregnados con pinturas, grasas, aceites, hidrocarburos",0.02
Tlaxcala,Huamantla,2024,Petrolífero,Pequeño Generador,Aceites gastados,Lubricantes,2.3
Tlaxcala,Huamantla,2024,Petrolífero,Pequeño Generador,Residuos sólidos,"Estopa, trapo, plásticos, cartón, madera, brochas, papel, cepillo, etc., impregnados con pinturas, grasas, aceites, hidrocarburos",1.9
Tlaxcala,Hueyotlipan,2024,Petrolífero,Microgenerador,Lodos,Lodos aceitosos,0.27
Tlaxcala,Hueyotlipan,2024,Petrolífero,Microgenerador,Residuos sólidos,"Estopa, trapo, plásticos, cartón, madera, brochas, papel, cepillo, etc., impregnados con pinturas, grasas, aceites, hidrocarburos",0.13
Tlaxcala,Ixtacuixtla de Mariano Matamoros,2024,Petrolífero,Pequeño Generador,Aceites gastados,Lubricantes,1.8
Tlaxcala,Ixtacuixtla de Mariano Matamoros,2024,Petrolífero,Pequeño Generador,Residuos sólidos,"Estopa, trapo, plásticos, cartón, madera, brochas, papel, cepillo, etc., impregnados con pinturas, grasas, aceites, hidrocarburos",0.72
Tlaxcala,Tepetitla de Lardizábal,2024,Petrolífero,Pequeño Generador,Lodos,Lodos aceitosos,0.8
Tlaxcala,Tepetitla de Lardizábal,2024,Petrolífero,Pequeño Generador,Residuos sólidos,"Estopa, trapo, plásticos, cartón, madera, brochas, papel, cepillo, etc., impregnados con pinturas, grasas, aceites, hidrocarburos",0.06
Tlaxcala,Sanctórum de Lázaro Cárdenas,2024,Petrolífero,Microgenerador,Residuos sólidos,"Estopa, trapo, plásticos, cartón, madera, brochas, papel, cepillo, etc., impregnados con pinturas, grasas, aceites, hidrocarburos",0.23
Tlaxcala,Santa Cruz Tlaxcala,2024,Petrolífero,Microgenerador,Aceites gastados,Lubricantes,0
Tlaxcala,Santa Cruz Tlaxcala,2024,Petrolífero,Microgenerador,Lodos,Lodos aceitosos,0.01
Tlaxcala,Santa Cruz Tlaxcala,2024,Petrolífero,Microgenerador,Residuos sólidos,"Estopa, trapo, plásticos, cartón, madera, brochas, papel, cepillo, etc., impregnados con pinturas, grasas, aceites, hidrocarburos",0.06
Tlaxcala,Tetla de la Solidaridad,2024,Petrolífero,Pequeño Generador,Lodos,Lodos aceitosos,0.39
Tlaxcala,Tetla de la Solidaridad,2024,Petrolífero,Pequeño Generador,Residuos sólidos,"Estopa, trapo, plásticos, cartón, madera, brochas, papel, cepillo, etc., impregnados con pinturas, grasas, aceites, hidrocarburos",0.18
Tlaxcala,Tetla de la Solidaridad,2024,Petrolífero,Pequeño Generador,Residuos sólidos,"Lámparas fluorescentes, lámparas de vapor de mercurio",0.01
Tlaxcala,Tlaxcala,2024,Petrolífero,Microgenerador,Lodos,Lodos aceitosos,0.18
Tlaxcala,Xaloztoc,2024,Petrolífero,Microgenerador,Lodos,Lodos aceitosos,0
Veracruz,Actopan,2022,Petrolífero,Microgenerador,Lodos,Lodos aceitosos,0.1
Veracruz,Actopan,2022,Petrolífero,Microgenerador,Residuos sólidos,"Estopa, trapo, plásticos, cartón, madera, brochas, papel, cepillo, etc., impregnados con pinturas, grasas, aceites, hidrocarburos",0.08
Veracruz,Altotonga,2022,Petrolero,Pequeño Generador,Lodos,Lodos aceitosos,2.6
Veracruz,Alvarado,2022,Petrolero,Microgenerador,Residuos sólidos,"Estopa, trapo, plásticos, cartón, madera, brochas, papel, cepillo, etc., impregnados con pinturas, grasas, aceites, hidrocarburos",0.08
Veracruz,Amatlán de los Reyes,2022,Petrolero,Pequeño Generador,Lodos,Lodos aceitosos,0.34
Veracruz,Amatlán de los Reyes,2022,Petrolero,Pequeño Generador,Residuos sólidos,"Estopa, trapo, plásticos, cartón, madera, brochas, papel, cepillo, etc., impregnados con pinturas, grasas, aceites, hidrocarburos",0.14
Veracruz,Atzalan,2022,Petrolero,Pequeño Generador,Aceites gastados,Lubricantes,0.08
Veracruz,Atzalan,2022,Petrolero,Pequeño Generador,"Gasolina, diésel y naftas gastados o sucios provenientes de estaciones de servicio y talleres automotrices","Gasolina, diesel y naftas gastados o sucios",0.1
Veracruz,Atzalan,2022,Petrolero,Pequeño Generador,Lodos,Lodos aceitosos,0.3
Veracruz,Atzalan,2022,Petrolero,Pequeño Generador,Residuos sólidos,"Estopa, trapo, plásticos, cartón, madera, brochas, papel, cepillo, etc., impregnados con pinturas, grasas, aceites, hidrocarburos",0.4
Veracruz,Atzalan,2022,Petrolero,Pequeño Generador,Solventes,Residuos de solventes,0.05
Veracruz,Boca del Río,2022,Petrolero,Microgenerador,Lodos,Lodos aceitosos,0.02
Veracruz,Boca del Río,2022,Petrolero,Microgenerador,Residuos sólidos,"Estopa, trapo, plásticos, cartón, madera, brochas, papel, cepillo, etc., impregnados con pinturas, grasas, aceites, hidrocarburos",0.03
Veracruz,Boca del Río,2022,Petrolero,Pequeño Generador,Lodos,Lodos aceitosos,0.23
Veracruz,Boca del Río,2022,Petrolero,Pequeño Generador,Residuos sólidos,"Estopa, trapo, plásticos, cartón, madera, brochas, papel, cepillo, etc., impregnados con pinturas, grasas, aceites, hidrocarburos",0.25
Veracruz,Coatzacoalcos,2022,Petrolero,Microgenerador,Aceites gastados,Lubricantes,0.01
Veracruz,Coatzacoalcos,2022,Petrolero,Microgenerador,Lodos,Lodos aceitosos,0.37
Veracruz,Coatzacoalcos,2022,Petrolero,Microgenerador,Otros,Otros residuos,0
Veracruz,Coatzacoalcos,2022,Petrolero,Microgenerador,Residuos sólidos,"Estopa, trapo, plásticos, cartón, madera, brochas, papel, cepillo, etc., impregnados con pinturas, grasas, aceites, hidrocarburos",0.31
Veracruz,Coatzacoalcos,2022,Petrolero,Microgenerador,Residuos sólidos,Otros sólidos,0
Veracruz,Coatzacoalcos,2022,Petrolero,Microgenerador,Residuos sólidos,Otros sólidos,0.01
Veracruz,Coatzacoalcos,2022,Petrolero,Microgenerador,Residuos sólidos,Otros sólidos,0.01
Veracruz,Córdoba,2022,Petrolero,Pequeño Generador,Lodos,Lodos aceitosos,1.55
Veracruz,Córdoba,2022,Petrolero,Pequeño Generador,Residuos sólidos,"Estopa, trapo, plásticos, cartón, madera, brochas, papel, cepillo, etc., impregnados con pinturas, grasas, aceites, hidrocarburos",0.4
Veracruz,Cosamaloapan de Carpio,2022,Petrolero,Pequeño Generador,Aceites gastados,Lubricantes,0.3
Veracruz,Cosamaloapan de Carpio,2022,Petrolero,Pequeño Generador,Agua contaminada,"Agua contaminada con hidrocarburos, combustibles, aceite o grasa",0.7
Veracruz,Cosamaloapan de Carpio,2022,Petrolero,Pequeño Generador,"Baterías, celdas y pilas","Baterias, pilas y balastras",0
Veracruz,Cosamaloapan de Carpio,2022,Petrolero,Pequeño Generador,"Gasolina, diésel y naftas gastados o sucios provenientes de estaciones de servicio y talleres automotrices","Gasolina, diesel y naftas gastados o sucios",0.05
Veracruz,Cosamaloapan de Carpio,2022,Petrolero,Pequeño Generador,Lodos,Lodos aceitosos,0.35
Veracruz,Cosamaloapan de Carpio,2022,Petrolero,Pequeño Generador,Residuos sólidos,"Estopa, trapo, plásticos, cartón, madera, brochas, papel, cepillo, etc., impregnados con pinturas, grasas, aceites, hidrocarburos",0.11
Veracruz,Cosamaloapan de Carpio,2022,Petrolero,Pequeño Generador,Residuos sólidos,"Lámparas fluorescentes, lámparas de vapor de mercurio",0.02
Veracruz,Cuitláhuac,2022,Petrolero,Microgenerador,Residuos sólidos,"Estopa, trapo, plásticos, cartón, madera, brochas, papel, cepillo, etc., impregnados con pinturas, grasas, aceites, hidrocarburos",0.2
Veracruz,Isla,2022,Petrolero,Pequeño Generador,Aceites gastados,Lubricantes,0.65
Veracruz,Isla,2022,Petrolero,Pequeño Generador,Agua contaminada,"Agua contaminada con hidrocarburos, combustibles, aceite o grasa",0.07
Veracruz,Isla,2022,Petrolero,Pequeño Generador,"Baterías, celdas y pilas","Baterias, pilas y balastras",0.25
Veracruz,Isla,2022,Petrolero,Pequeño Generador,"Gasolina, diésel y naftas gastados o sucios provenientes de estaciones de servicio y talleres automotrices","Gasolina, diesel y naftas gastados o sucios",0.04
Veracruz,Isla,2022,Petrolero,Pequeño Generador,Lodos,Lodos aceitosos,0.85
Veracruz,Isla,2022,Petrolero,Pequeño Generador,Residuos sólidos,"Estopa, trapo, plásticos, cartón, madera, brochas, papel, cepillo, etc., impregnados con pinturas, grasas, aceites, hidrocarburos",0.47
Veracruz,Isla,2022,Petrolero,Pequeño Generador,Residuos sólidos,"Lámparas fluorescentes, lámparas de vapor de mercurio",0.03
Veracruz,Jalacingo,2022,Petrolero,Pequeño Generador,Lodos,Lodos aceitosos,2.2
Veracruz,Lerdo de Tejada,2022,Petrolero,Microgenerador,Lodos,Lodos aceitosos,0.2
Veracruz,Lerdo de Tejada,2022,Petrolero,Microgenerador,Residuos sólidos,"Estopa, trapo, plásticos, cartón, madera, brochas, papel, cepillo, etc., impregnados con pinturas, grasas, aceites, hidrocarburos",0.2
Veracruz,Medellín de Bravo,2022,Petrolero,Microgenerador,Lodos,Lodos aceitosos,0.21
Veracruz,Medellín de Bravo,2022,Petrolero,Microgenerador,Residuos sólidos,"Estopa, trapo, plásticos, cartón, madera, brochas, papel, cepillo, etc., impregnados con pinturas, grasas, aceites, hidrocarburos",0.18
Veracruz,Minatitlán,2022,Petrolero,Microgenerador,Lodos,Lodos aceitosos,0.19
Veracruz,Minatitlán,2022,Petrolero,Microgenerador,Residuos sólidos,"Estopa, trapo, plásticos, cartón, madera, brochas, papel, cepillo, etc., impregnados con pinturas, grasas, aceites, hidrocarburos",0.21
Veracruz,Minatitlán,2022,Petrolero,Pequeño Generador,Agua contaminada,"Agua contaminada con hidrocarburos, combustibles, aceite o grasa",3.2
Veracruz,Minatitlán,2022,Petrolero,Pequeño Generador,Lodos,Lodos aceitosos,2.8
Veracruz,Minatitlán,2022,Petrolero,Pequeño Generador,Residuos sólidos,"Estopa, trapo, plásticos, cartón, madera, brochas, papel, cepillo, etc., impregnados con pinturas, grasas, aceites, hidrocarburos",0.8
Veracruz,Orizaba,2022,Petrolero,Microgenerador,Lodos,Lodos aceitosos,0.09
Veracruz,Orizaba,2022,Petrolero,Microgenerador,Residuos sólidos,"Estopa, trapo, plásticos, cartón, madera, brochas, papel, cepillo, etc., impregnados con pinturas, grasas, aceites, hidrocarburos",0.01
Veracruz,Ozuluama de Mascareñas,2022,Petrolero,Microgenerador,Lodos,Lodos aceitosos,0.13
Veracruz,Pánuco,2022,Petrolero,Microgenerador,"Gasolina, diésel y naftas gastados o sucios provenientes de estaciones de servicio y talleres automotrices","Gasolina, diesel y naftas gastados o sucios",0.1
Veracruz,Pánuco,2022,Petrolero,Microgenerador,Lodos,Lodos aceitosos,0.1
Veracruz,Pánuco,2022,Petrolero,Microgenerador,Residuos sólidos,"Estopa, trapo, plásticos, cartón, madera, brochas, papel, cepillo, etc., impregnados con pinturas, grasas, aceites, hidrocarburos",0.1
Veracruz,Papantla,2022,Petrolero,Microgenerador,Lodos,Lodos aceitosos,0.04
Veracruz,Playa Vicente,2022,Petrolero,Microgenerador,"Gasolina, diésel y naftas gastados o sucios provenientes de estaciones de servicio y talleres automotrices","Gasolina, diesel y naftas gastados o sucios",0.05
Veracruz,Playa Vicente,2022,Petrolero,Microgenerador,Lodos,Lodos aceitosos,0.15
Veracruz,Poza Rica de Hidalgo,2022,Petrolero,Microgenerador,Lodos,Lodos aceitosos,0.02
Veracruz,Poza Rica de Hidalgo,2022,Petrolero,Microgenerador,Residuos sólidos,"Estopa, trapo, plásticos, cartón, madera, brochas, papel, cepillo, etc., impregnados con pinturas, grasas, aceites, hidrocarburos",0.01
Veracruz,Poza Rica de Hidalgo,2022,Petrolero,Pequeño Generador,Aceites gastados,Lubricantes,0.08
Veracruz,Poza Rica de Hidalgo,2022,Petrolero,Pequeño Generador,Agua contaminada,"Agua contaminada con hidrocarburos, combustibles, aceite o grasa",0.08
Veracruz,Poza Rica de Hidalgo,2022,Petrolero,Pequeño Generador,"Baterías, celdas y pilas","Baterias, pilas y balastras",0
Veracruz,Poza Rica de Hidalgo,2022,Petrolero,Pequeño Generador,"Gasolina, diésel y naftas gastados o sucios provenientes de estaciones de servicio y talleres automotrices","Gasolina, diesel y naftas gastados o sucios",0.08
Veracruz,Poza Rica de Hidalgo,2022,Petrolero,Pequeño Generador,Lodos,Lodos aceitosos,1.21
Veracruz,Poza Rica de Hidalgo,2022,Petrolero,Pequeño Generador,Residuos sólidos,"Estopa, trapo, plásticos, cartón, madera, brochas, papel, cepillo, etc., impregnados con pinturas, grasas, aceites, hidrocarburos",0.17
Veracruz,Poza Rica de Hidalgo,2022,Petrolero,Pequeño Generador,Residuos sólidos,"Lámparas fluorescentes, lámparas de vapor de mercurio",0
Veracruz,Poza Rica de Hidalgo,2022,Petrolero,Gran Generador,Lodos,Lodos aceitosos,1
Veracruz,Poza Rica de Hidalgo,2022,Petrolero,Gran Generador,Otros,Otros sólidos,5
Veracruz,Poza Rica de Hidalgo,2022,Petrolero,Gran Generador,Residuos sólidos,Otros sólidos,30.64
Veracruz,San Andrés Tuxtla,2022,Petrolero,Microgenerador,Lodos,Lodos aceitosos,0.08
Veracruz,San Andrés Tuxtla,2022,Petrolero,Microgenerador,Residuos sólidos,"Estopa, trapo, plásticos, cartón, madera, brochas, papel, cepillo, etc., impregnados con pinturas, grasas, aceites, hidrocarburos",0.01
Veracruz,Álamo Temapache,2022,Petrolero,Microgenerador,Lodos,Lodos aceitosos,0.17
Veracruz,Álamo Temapache,2022,Petrolero,Microgenerador,Residuos sólidos,"Estopa, trapo, plásticos, cartón, madera, brochas, papel, cepillo, etc., impregnados con pinturas, grasas, aceites, hidrocarburos",0.22
Veracruz,Texistepec,2022,Petrolero,Pequeño Generador,"Gasolina, diésel y naftas gastados o sucios provenientes de estaciones de servicio y talleres automotrices","Gasolina, diesel y naftas gastados o sucios",0.2
Veracruz,Texistepec,2022,Petrolero,Pequeño Generador,Lodos,Lodos aceitosos,1.2
Veracruz,Texistepec,2022,Petrolero,Pequeño Generador,Residuos sólidos,"Estopa, trapo, plásticos, cartón, madera, brochas, papel, cepillo, etc., impregnados con pinturas, grasas, aceites, hidrocarburos",0.45
Veracruz,Tierra Blanca,2022,Petrolero,Microgenerador,Aceites gastados,Lubricantes,0.02
Veracruz,Tierra Blanca,2022,Petrolero,Microgenerador,Agua contaminada,"Agua contaminada con hidrocarburos, combustibles, aceite o grasa",0.02
Veracruz,Tierra Blanca,2022,Petrolero,Microgenerador,Residuos sólidos,"Estopa, trapo, plásticos, cartón, madera, brochas, papel, cepillo, etc., impregnados con pinturas, grasas, aceites, hidrocarburos",0.02
Veracruz,Tierra Blanca,2022,Petrolero,Pequeño Generador,Lodos,Lodos aceitosos,0.65
Veracruz,Tierra Blanca,2022,Petrolero,Pequeño Generador,Residuos sólidos,"Estopa, trapo, plásticos, cartón, madera, brochas, papel, cepillo, etc., impregnados con pinturas, grasas, aceites, hidrocarburos",0.42
Veracruz,Tihuatlán,2022,Petrolero,Microgenerador,Aceites gastados,Lubricantes,0.01
Veracruz,Tihuatlán,2022,Petrolero,Microgenerador,Otros,Otros residuos,0
Veracruz,Tihuatlán,2022,Petrolero,Microgenerador,Residuos sólidos,Otros sólidos,0
Veracruz,Tihuatlán,2022,Petrolero,Microgenerador,Residuos sólidos,Otros sólidos,0.01
Veracruz,Tihuatlán,2022,Petrolero,Microgenerador,Residuos sólidos,Otros sólidos,0.01
Veracruz,Tlalixcoyan,2022,Petrolero,Microgenerador,Residuos sólidos,"Estopa, trapo, plásticos, cartón, madera, brochas, papel, cepillo, etc., impregnados con pinturas, grasas, aceites, hidrocarburos",0.15
Veracruz,Tuxpan,2022,Petrolero,Microgenerador,Lodos,Lodos aceitosos,0.18
Veracruz,Tuxpan,2022,Petrolero,Microgenerador,Residuos sólidos,"Estopa, trapo, plásticos, cartón, madera, brochas, papel, cepillo, etc., impregnados con pinturas, grasas, aceites, hidrocarburos",0.19
Veracruz,Veracruz,2022,Petrolero,Microgenerador,Aceites gastados,Lubricantes,0.05
Veracruz,Veracruz,2022,Petrolero,Microgenerador,Lodos,Lodos aceitosos,0.48
Veracruz,Veracruz,2022,Petrolero,Microgenerador,Residuos sólidos,"Estopa, trapo, plásticos, cartón, madera, brochas, papel, cepillo, etc., impregnados con pinturas, grasas, aceites, hidrocarburos",0.36
Veracruz,Veracruz,2022,Petrolero,Pequeño Generador,Aceites gastados,Lubricantes,0.2
Veracruz,Veracruz,2022,Petrolero,Pequeño Generador,Agua contaminada,"Agua contaminada con hidrocarburos, combustibles, aceite o grasa",0.2
Veracruz,Veracruz,2022,Petrolero,Pequeño Generador,"Baterías, celdas y pilas","Baterias, pilas y balastras",0
Veracruz,Veracruz,2022,Petrolero,Pequeño Generador,"Gasolina, diésel y naftas gastados o sucios provenientes de estaciones de servicio y talleres automotrices","Gasolina, diesel y naftas gastados o sucios",0.1
Veracruz,Veracruz,2022,Petrolero,Pequeño Generador,Lodos,Lodos aceitosos,1.61
Veracruz,Veracruz,2022,Petrolero,Pequeño Generador,Otros,Otros residuos,4
Veracruz,Veracruz,2022,Petrolero,Pequeño Generador,Residuos sólidos,"Estopa, trapo, plásticos, cartón, madera, brochas, papel, cepillo, etc., impregnados con pinturas, grasas, aceites, hidrocarburos",0.5
Veracruz,Veracruz,2022,Petrolero,Pequeño Generador,Residuos sólidos,"Lámparas fluorescentes, lámparas de vapor de mercurio",0.02
Veracruz,Veracruz,2022,Petrolero,Pequeño Generador,Residuos sólidos,Otros sólidos,1
Veracruz,Agua Dulce,2022,Petrolero,Gran Generador,Lodos,Lodos aceitosos,1
Veracruz,Agua Dulce,2022,Petrolero,Gran Generador,Otros,Otros sólidos,1
Veracruz,Agua Dulce,2022,Petrolero,Gran Generador,Residuos sólidos,Otros sólidos,110
Veracruz,Agua Dulce,2022,Petrolífero,Microgenerador,Residuos sólidos,"Estopa, trapo, plásticos, cartón, madera, brochas, papel, cepillo, etc., impregnados con pinturas, grasas, aceites, hidrocarburos",0.1
Veracruz,Tres Valles,2022,Petrolero,Microgenerador,Lodos,Lodos aceitosos,0.1
Veracruz,Tres Valles,2022,Petrolero,Microgenerador,Residuos sólidos,"Estopa, trapo, plásticos, cartón, madera, brochas, papel, cepillo, etc., impregnados con pinturas, grasas, aceites, hidrocarburos",0.3
Veracruz,San Rafael,2022,Petrolero,Microgenerador,Aceites gastados,Lubricantes,0.01
Veracruz,San Rafael,2022,Petrolero,Microgenerador,Otros,Otros residuos,0
Veracruz,San Rafael,2022,Petrolero,Microgenerador,Residuos sólidos,Otros sólidos,0
Veracruz,San Rafael,2022,Petrolero,Microgenerador,Residuos sólidos,Otros sólidos,0.01
Veracruz,San Rafael,2022,Petrolero,Microgenerador,Residuos sólidos,Otros sólidos,0.01
Veracruz,Fuera del Marco Geoestadístico Municipal,2022,Petrolero,Gran Generador,Aceites gastados,Lubricantes,62
Veracruz,Fuera del Marco Geoestadístico Municipal,2022,Petrolero,Gran Generador,Biológico-infecciosos,Residuos no anatómicos,0.2
Veracruz,Fuera del Marco Geoestadístico Municipal,2022,Petrolero,Gran Generador,Líquidos de proceso,No corrosivos,66
Veracruz,Fuera del Marco Geoestadístico Municipal,2022,Petrolero,Gran Generador,Lodos,"Lodos residuales de proceso, de tratamiento de aguas residuales",15
Veracruz,Fuera del Marco Geoestadístico Municipal,2022,Petrolero,Gran Generador,Otros,Otros sólidos,2130
Veracruz,Fuera del Marco Geoestadístico Municipal,2022,Petrolero,Gran Generador,Otros,Otros sólidos,114
Veracruz,Fuera del Marco Geoestadístico Municipal,2022,Petrolero,Gran Generador,Residuos sólidos,Con metales pesados,10.5
Veracruz,Fuera del Marco Geoestadístico Municipal,2022,Petrolero,Gran Generador,Residuos sólidos,Otros sólidos,18
Veracruz,Fuera del Marco Geoestadístico Municipal,2022,Petrolero,Gran Generador,Residuos sólidos,Otros sólidos,18
Veracruz,Sin Dato,2017,Petroleo y petroquimica,Pequeno Generador,Lodos,Lodos del separador api y carcamos en la refinacion de petroleo y almacenamiento de productos derivadosos,1
Veracruz,Sin Dato,2017,Petroleo y petroquimica,Gran Generador,Lodos,Lodos del separador api y carcamos en la refinacion de petroleo y almacenamiento de productos derivadosos,14.3
Veracruz,Sin Dato,2017,Petrolero,Microgenerador,Aceites gastados,Lubricantes,0.57
Veracruz,Sin Dato,2017,Petrolero,Microgenerador,"Baterias, celdas y pilas","Pilas, baterias, acumuladores, celdas de desecho: niquel-cadmio, plomo, mercurio",0.01
Veracruz,Sin Dato,2017,Petrolero,Microgenerador,"Gasolina, diesel y naftas gastados o sucios provenientes de estaciónes de servicio y talleres automotrices","Gasolina, diesel y naftas gastados o sucios provenientes de estaciones de servicio y talleres automotrices",0.18
Veracruz,Sin Dato,2017,Petrolero,Microgenerador,"Gasolina, diesel y naftas gastados o sucios provenientes de estaciónes de servicio y talleres automotrices","Mezclas de combustibles sucios, mezclas de hidrocarburos, naftas",0.06
Veracruz,Sin Dato,2017,Petrolero,Microgenerador,Liquidos de proceso,"Agua contaminada con hidrocarburos, combustibles, aceite o grasa",0.33
Veracruz,Sin Dato,2017,Petrolero,Microgenerador,Lodos,Lodos provenientes de tanques de almacenaniento,0.73
Veracruz,Sin Dato,2017,Petrolero,Microgenerador,Lodos aceitosos,"Con contaminacion de hidrocarburos, combustibles, aceite",4.87
Veracruz,Sin Dato,2017,Petrolero,Microgenerador,Lodos aceitosos,Lodos procedentes de trampas de grasas e hidrocarburos,1.28
Veracruz,Sin Dato,2017,Petrolero,Microgenerador,Lodos aceitosos,Otros lodos,5.25
Veracruz,Sin Dato,2017,Petrolero,Microgenerador,Material textil,"Telas, felpas, estopas",0.15
Veracruz,Sin Dato,2017,Petrolero,Microgenerador,Residuos solidos,Balastras,0.02
Veracruz,Sin Dato,2017,Petrolero,Microgenerador,Residuos solidos,"Botes o recipientes que contuvieron contaminantes diversos, latas de pintura, aerosoles",0.79
Veracruz,Sin Dato,2017,Petrolero,Microgenerador,Residuos solidos,Con metales pesados,0.19
Veracruz,Sin Dato,2017,Petrolero,Microgenerador,Residuos solidos,De mantenimiento automotríz,0.01
Veracruz,Sin Dato,2017,Petrolero,Microgenerador,Residuos solidos,"Estopa, trapo, plasticos, carton, madera, brochas, papel, cepillo, etc., impregnados con pinturas, grasas, aceites, hidrocarburos",2.17
Veracruz,Sin Dato,2017,Petrolero,Microgenerador,Residuos solidos,Lampara fluorescentes,0.22
Veracruz,Sin Dato,2017,Petrolero,Microgenerador,Residuos solidos,"Mangueras, pistolas o filtros para despacho de combustibles, descarga de contaminantes",0.47
Veracruz,Sin Dato,2017,Petrolero,Microgenerador,Sustancias corrosivas,Alcalis,0.08
Veracruz,Sin Dato,2017,Petrolero,Microgenerador,Otros,"Pilas, baterias, focos",0.01
Veracruz,Sin Dato,2017,Petrolero,Microgenerador,Otros,Otros: Varios,0.01
Veracruz,Sin Dato,2017,Petrolero,Pequeno Generador,Aceites gastados,Lubricantes,6.59
Veracruz,Sin Dato,2017,Petrolero,Pequeno Generador,"Baterias, celdas y pilas",No especificado,4.09
Veracruz,Sin Dato,2017,Petrolero,Pequeno Generador,"Baterias, celdas y pilas","Pilas, baterias, acumuladores, celdas de desecho: niquel-cadmio, plomo, mercurio",0.05
Veracruz,Sin Dato,2017,Petrolero,Pequeno Generador,"Gasolina, diesel y naftas gastados o sucios provenientes de estaciónes de servicio y talleres automotrices",Diesel sucio,0.29
Veracruz,Sin Dato,2017,Petrolero,Pequeno Generador,"Gasolina, diesel y naftas gastados o sucios provenientes de estaciónes de servicio y talleres automotrices","Gasolina, diesel y naftas gastados o sucios provenientes de estaciones de servicio y talleres automotrices",1.05
Veracruz,Sin Dato,2017,Petrolero,Pequeno Generador,"Gasolina, diesel y naftas gastados o sucios provenientes de estaciónes de servicio y talleres automotrices","Mezclas de combustibles sucios, mezclas de hidrocarburos, naftas",0.96
Veracruz,Sin Dato,2017,Petrolero,Pequeno Generador,Liquidos de proceso,"Agua contaminada con hidrocarburos, combustibles, aceite o grasa",2.94
Veracruz,Sin Dato,2017,Petrolero,Pequeno Generador,Lodos,Lodos provenientes de tanques de almacenaniento,7.85
Veracruz,Sin Dato,2017,Petrolero,Pequeno Generador,Lodos aceitosos,"Con contaminacion de hidrocarburos, combustibles, aceite",9.4
Veracruz,Sin Dato,2017,Petrolero,Pequeno Generador,Lodos aceitosos,Lodos procedentes de trampas de grasas e hidrocarburos,13.71
Veracruz,Sin Dato,2017,Petrolero,Pequeno Generador,Lodos aceitosos,Otros lodos,15.81
Veracruz,Sin Dato,2017,Petrolero,Pequeno Generador,Material textil,"Telas, felpas, estopas",0.74
Veracruz,Sin Dato,2017,Petrolero,Pequeno Generador,Residuos Liquidos,De mantenimiento automotríz,2.02
Veracruz,Sin Dato,2017,Petrolero,Pequeno Generador,Residuos solidos,"Botes o recipientes que contuvieron contaminantes diversos, latas de pintura, aerosoles",6.57
Veracruz,Sin Dato,2017,Petrolero,Pequeno Generador,Residuos solidos,Con metales pesados,2.78
Veracruz,Sin Dato,2017,Petrolero,Pequeno Generador,Residuos solidos,De mantenimiento automotríz,1.86
Veracruz,Sin Dato,2017,Petrolero,Pequeno Generador,Residuos solidos,"Estopa, trapo, plasticos, carton, madera, brochas, papel, cepillo, etc., impregnados con pinturas, grasas, aceites, hidrocarburos",4.42
Veracruz,Sin Dato,2017,Petrolero,Pequeno Generador,Residuos solidos,Lampara fluorescentes,0.73
Veracruz,Sin Dato,2017,Petrolero,Pequeno Generador,Residuos solidos,"Mangueras, pistolas o filtros para despacho de combustibles, descarga de contaminantes",1.32
Veracruz,Sin Dato,2017,Petrolero,Pequeno Generador,Sustancias corrosivas,Acidos,0.23
Veracruz,Sin Dato,2017,Petrolero,Pequeno Generador,Sustancias corrosivas,Alcalis,1.09
Veracruz,Sin Dato,2017,Petrolero,Gran Generador,Aceites gastados,Lubricantes,1.3
Veracruz,Sin Dato,2017,Petrolero,Gran Generador,"Baterias, celdas y pilas",Pilas o baterias zinc-oxido de plata usadas o desechada,0.02
Veracruz,Sin Dato,2017,Petrolero,Gran Generador,"Gasolina, diesel y naftas gastados o sucios provenientes de estaciónes de servicio y talleres automotrices",No especificado,0.5
Veracruz,Sin Dato,2017,Petrolero,Gran Generador,Liquidos de proceso,"Agua contaminada con hidrocarburos, combustibles, aceite o grasa",14
Veracruz,Sin Dato,2017,Petrolero,Gran Generador,Lodos aceitosos,No especificado,13
Veracruz,Sin Dato,2017,Petrolero,Gran Generador,Material textil,"Telas, felpas, estopas",5.5
Veracruz,Sin Dato,2017,Petrolero,Gran Generador,Residuos solidos,"Estopa, trapo, plasticos, carton, madera, brochas, papel, cepillo, etc., impregnados con pinturas, grasas, aceites, hidrocarburos",13
Veracruz,Sin Dato,2017,Petrolero,Gran Generador,Residuos solidos,Lampara fluorescentes,0.2
Veracruz,Sin Dato,2017,Petrolero,Gran Generador,Residuos solidos,"Tierra, grava, acerrín impregnados con aceites, grasas e hidrocarburos",502
Veracruz,Sin Dato,2017,Petrolero,Gran Generador,Residuos solidos,Otros solidos,12
Veracruz,Sin Dato,2017,Petroleo y petroquimica,Pequeno Generador,Aceites gastados,Lubricantes,2.45
Veracruz,Sin Dato,2017,Petroleo y petroquimica,Pequeno Generador,"Baterias, celdas y pilas","Pilas, baterias, acumuladores, celdas de desecho: niquel-cadmio, plomo, mercurio",0.99
Veracruz,Sin Dato,2017,Petrolero,Microgenerador,Solventes,Solventes organicos usados,0.06
Veracruz,Sin Dato,2017,Petroleo y petroquimica,Pequeno Generador,Lodos,Lodos provenientes de tanques de almacenaniento,1
Veracruz,Sin Dato,2017,Petroleo y petroquimica,Pequeno Generador,Material textil,"Telas, felpas, estopas",1.53
Veracruz,Sin Dato,2017,Petroleo y petroquimica,Pequeno Generador,Pinturas y productos relacionados,"Residuos de pinturas, pinturas caducadas",0.1
Veracruz,Sin Dato,2017,Petroleo y petroquimica,Pequeno Generador,Residuos solidos,"Botes o recipientes que contuvieron contaminantes diversos, latas de pintura, aerosoles",0.1
Veracruz,Sin Dato,2017,Petroleo y petroquimica,Pequeno Generador,Residuos solidos,De mantenimiento automotríz,1.5
Veracruz,Sin Dato,2017,Petroleo y petroquimica,Pequeno Generador,Residuos solidos,"Estopa, trapo, plasticos, carton, madera, brochas, papel, cepillo, etc., impregnados con pinturas, grasas, aceites, hidrocarburos",1.55
Veracruz,Sin Dato,2017,Petroleo y petroquimica,Pequeno Generador,Residuos solidos,Lampara fluorescentes,0.1
Veracruz,Sin Dato,2017,Petroleo y petroquimica,Gran Generador,Aceites gastados,Lubricantes,15
Veracruz,Sin Dato,2017,Petroleo y petroquimica,Gran Generador,"Baterias, celdas y pilas","Pilas, baterias, acumuladores, celdas de desecho: niquel-cadmio, plomo, mercurio",8.2
Veracruz,Sin Dato,2017,Petrolero,Pequeno Generador,Solventes,Solventes organicos usados,0.82
Veracruz,Sin Dato,2017,Petroleo y petroquimica,Gran Generador,Lodos,Lodos provenientes de tanques de almacenaniento,60
Veracruz,Sin Dato,2017,Petroleo y petroquimica,Gran Generador,Lodos,"Lodos residuales de proceso, de tratamiento de aguas residuales",0.1
Veracruz,Sin Dato,2017,Petroleo y petroquimica,Gran Generador,Pinturas y productos relacionados,"Residuos de pinturas, pinturas caducadas",3.5
Veracruz,Sin Dato,2017,Petroleo y petroquimica,Gran Generador,Residuos solidos,"Botes o recipientes que contuvieron contaminantes diversos, latas de pintura, aerosoles",4.5
Veracruz,Sin Dato,2017,Petroleo y petroquimica,Gran Generador,Residuos solidos,"Estopa, trapo, plasticos, carton, madera, brochas, papel, cepillo, etc., impregnados con pinturas, grasas, aceites, hidrocarburos",7.6
Veracruz,Sin Dato,2017,Petroleo y petroquimica,Gran Generador,Residuos solidos,Lampara fluorescentes,4.4
Veracruz,Sin Dato,2017,Petrolero,Gran Generador,Solventes,Solventes organicos usados,0.5
Veracruz,Sin Dato,2018,Petrolifero,Microgenerador,Aceites gastados (Hidraulicos),Aceite gastado hidraulico,0.52
Veracruz,Sin Dato,2018,Petrolifero,Microgenerador,Aceites gastados (Lubricantes),Aceites gastados lubricantes,0.69
Veracruz,Sin Dato,2018,Petrolifero,Microgenerador,Filtro de aire o aceite contaminados,Filtros de aire usados,0.14
Veracruz,Sin Dato,2018,Petrolifero,Microgenerador,"Gasolina, Diesel y Naftas gastados o sucios","Gasolina, Diesel y Naftas gastados o sucios provenientes de Estaciones de Servicio y Talleres Automotrices",0.01
Veracruz,Sin Dato,2018,Petrolifero,Microgenerador,Lamparas fluorescentes y de vapor de mercurio,Lamparas fluorescentes y de vapor de mercurio,0.28
Veracruz,Sin Dato,2018,Petrolifero,Microgenerador,Liquidos residuales de proceso no corrosivos,Agua con hidrocaruros,0.06
Veracruz,Sin Dato,2018,Petrolifero,Microgenerador,Lodos Contaminados con Hidrocarburos,Lodos aceitosos,13.24
Veracruz,Sin Dato,2018,Petrolifero,Microgenerador,Pilas o Baterias con Litio o Cadmio,Pilas Niquel-Cadmio,0
Veracruz,Sin Dato,2018,Petrolifero,Microgenerador,Residuos de pinturas y esmaltes,Residuos de Pigmentos,0.05
Veracruz,Sin Dato,2018,Petrolifero,Microgenerador,Solidos contaminados con hidrocarburos diversos,"Filtros, mangueras, envases, botes, cubetas, contenedores, trapos, guantes, carton, aserrin, material absorbente,Estopas y trapos impregnados con combustible, Envases vacios impregnados de aceite",4.92
Veracruz,Sin Dato,2018,Petrolifero,Microgenerador,Solventes Gastados,Residuos de solventes,0.13
Veracruz,Sin Dato,2018,Petrolifero,Pequeno generador,Aceites gastados (Hidraulicos),Aceite gastado hidraulico,0.25
Veracruz,Sin Dato,2018,Petrolifero,Pequeno generador,Aceites gastados (Lubricantes),Aceites gastados lubricantes,9.79
Veracruz,Sin Dato,2018,Petrolifero,Pequeno generador,Baterias alcalinas,Pilas alcalinas,0.07
Veracruz,Sin Dato,2018,Petrolifero,Pequeno generador,Botes de Presurizados,Envases de aerosol,1.81
Veracruz,Sin Dato,2018,Petrolifero,Pequeno generador,Filtro de aire o aceite contaminados,Filtros de aire usados,0.91
Veracruz,Sin Dato,2018,Petrolifero,Pequeno generador,"Gasolina, Diesel y Naftas gastados o sucios","Gasolina, Diesel y Naftas gastados o sucios provenientes de Estaciones de Servicio y Talleres Automotrices",2.16
Veracruz,Sin Dato,2018,Petrolifero,Pequeno generador,Lamparas fluorescentes y de vapor de mercurio,Lamparas fluorescentes y de vapor de mercurio,0.57
Veracruz,Sin Dato,2018,Petrolifero,Pequeno generador,Liquidos residuales de proceso no corrosivos,Agua con hidrocaruros,23.6
Veracruz,Sin Dato,2018,Petrolifero,Pequeno generador,Liquidos residuales de proceso corrosivos,Agua con hidrocaruros,1.14
Veracruz,Sin Dato,2018,Petrolifero,Pequeno generador,Lodos Contaminados con Hidrocarburos,Lodos aceitosos,81.89
Veracruz,Sin Dato,2018,Petrolifero,Pequeno generador,Pilas o Baterias con Litio o Cadmio,Pilas Niquel-Cadmio,0.9
Veracruz,Sin Dato,2018,Petrolifero,Pequeno generador,Residuos No Anatomicos,Residuos No Anatomicos,0.08
Veracruz,Sin Dato,2018,Petrolifero,Pequeno generador,Solidos contaminados con hidrocarburos diversos,"Filtros, mangueras, envases, botes, cubetas, contenedores, trapos, guantes, carton, aserrin, material absorbente,Estopas y trapos impregnados con combustible, Envases vacios impregnados de aceite",33.76
Veracruz,Sin Dato,2018,Petrolifero,Pequeno generador,Solventes Gastados,Residuos de solventes,0.52
Veracruz,Sin Dato,2018,Petrolero,Microgenerador,Aceites gastados,Aceites gastados lubricantes,0
Veracruz,Sin Dato,2018,Petrolero,Microgenerador,Otros residuos peligrosos,Otros residuos peligrosos,0.03
Veracruz,Sin Dato,2018,Petrolero,Microgenerador,Pinturas y productos relacionados,Felpas impregnadas de pigmentos de cromo y plomo,0
Veracruz,Sin Dato,2018,Petrolero,Microgenerador,Pinturas y productos relacionados,Residuos de pigmentos base cromo y base plomo,0
Veracruz,Sin Dato,2018,Petrolero,Microgenerador,Solidos,Solidos con metales pesados,0
Veracruz,Sin Dato,2018,Petrolero,Microgenerador,Solidos,Solidos de mantenimiento automotriz,0
Veracruz,Sin Dato,2018,Petrolero,Microgenerador,Solidos,Solidos otros,0.23
Veracruz,Sin Dato,2018,Petrolero,Pequeno generador,Solidos,Otros,0.5
Veracruz,Sin Dato,2018,Petrolero,Pequeno generador,Solidos,De mantenimiento,0.2
Veracruz,Sin Dato,2018,Petrolero,Pequeno generador,Otros residuos peligrosos,Otros,0.5
Veracruz,Sin Dato,2018,Petrolero,Pequeno generador,Aceites gastados,Aceites gastados lubricantes,5.17
Veracruz,Sin Dato,2018,Petrolero,Pequeno generador,Otros residuos peligrosos,Otros residuos peligrosos,1.96
Veracruz,Sin Dato,2018,Petrolero,Pequeno generador,Solidos,Solidos con metales pesados,0.02
Veracruz,Sin Dato,2018,Petrolero,Pequeno generador,Solidos,Solidos de mantenimiento automotriz,0.5
Veracruz,Sin Dato,2018,Petrolero,Pequeno generador,Solidos,Solidos otros,0.27
Veracruz,Sin Dato,2018,Petrolero,Pequeno generador,Solidos,Solidos tortas de filtrado,0.3
Veracruz,Sin Dato,2018,Petrolero,Gran generador,Solidos,Otros,15000
Veracruz,Sin Dato,2018,Petrolero,Gran generador,Solidos,Otros,5000
Veracruz,Sin Dato,2018,Petrolero,Gran generador,Solidos,Con metales pesados,0.5
Veracruz,Sin Dato,2018,Petrolero,Gran generador,Solidos,Con metales pesados,0.5
Veracruz,Sin Dato,2018,Petrolero,Gran generador,Pilas baterias Zinc-Oxido de Plata usadas o desechadas,Baterias alcalinas,0.5
Veracruz,Sin Dato,2018,Petrolero,Gran generador,Aceites gastados,Hidraulicos,5000
Veracruz,Sin Dato,2018,Petrolero,Gran generador,Lodos provenientes de,Otros,10000
Veracruz,Sin Dato,2018,Petrolero,Gran generador,Lodos aceitosos,Lodos aceitosos,15000
Veracruz,Sin Dato,2018,Petrolero,Gran generador,Biologico- Infecciosos,Objetos punzocortantes,0.01
Veracruz,Sin Dato,2018,Petrolero,Gran generador,Aceites gastados,Aceites gastados lubricantes,5.8
Veracruz,Sin Dato,2018,Petrolero,Gran generador,Biologico- Infecciosos,Biologico- infecciosos objetos punzocortantes / biologico- infecciosos residuos no anatomicos,0.03
Veracruz,Sin Dato,2018,Petrolero,Gran generador,Solidos,Solidos con metales pesados,0.4
Veracruz,Sin Dato,2018,Petrolero,Gran generador,Solidos,Solidos otros,11.3
Veracruz,Sin Dato,2018,Petrolero,Gran generador,Solventes,Solventes organicos,0.2
Veracruz,Sin Dato,2019,Petrolero,Microgenerador,ACEITES GASTADOS,ACEITES GASTADOS LUBRICANTES,0.0002
Veracruz,Sin Dato,2019,Petrolero,Microgenerador,PINTURAS Y PRODUCTOS RELACIONADOS,RESIDUOS DE PIGMENTOS BASE CROMO Y BASE PLOMO,0.0005
Veracruz,Sin Dato,2019,Petrolero,Microgenerador,PINTURAS Y PRODUCTOS RELACIONADOS,FELPAS IMPREGNADAS DE PIGMENTOS DE CROMO Y PLOMO,0.005
Veracruz,Sin Dato,2019,Petrolero,Microgenerador,solidos,solidos OTROS (CARTUCHOS INTERNOS DE FILTROS IMPREGNADOS CON HOLLÍN Y ACEITE LUBRICANTE GASTADO.),0.001
Veracruz,Sin Dato,2019,Petrolero,Microgenerador,solidos,solidos CON METALES PESADOS,0.001
Veracruz,Sin Dato,2019,Petrolero,Microgenerador,solidos,solidos DE MANTENIMIENTO AUTOMOTRIZ,0.0011
Veracruz,Sin Dato,2019,Petrolero,Microgenerador,Aceites gastados,Lubricantes,0
Veracruz,Sin Dato,2019,Petrolero,Microgenerador,Lodos,Lodos procedentes de trampas de grasas e hidrocarburos,0
Veracruz,Sin Dato,2019,Petrolero,Microgenerador,Pinturas y productos relacionados,"Estopa, trapo, plásticos, cartón, madera, brochas, papel, cepillo, etc., impregnados con pinturas, grasas, aceites, hidrocarburos",0
Veracruz,Sin Dato,2019,Petrolero,Microgenerador,Pinturas y productos relacionados,Residuos de pigmentos base cromo y base plomo,0
Veracruz,Sin Dato,2019,Petrolero,Microgenerador,Residuos solidos,Con metales pesados,0
Veracruz,Sin Dato,2019,Petrolero,Microgenerador,Residuos solidos,De mantenimiento automotríz,0
Veracruz,Sin Dato,2019,Petrolero,Microgenerador,Residuos solidos,Otros solidos,0
Veracruz,Sin Dato,2019,Petrolero,Pequeno Generador,Aceites gastados,Lubricantes,0
Veracruz,Sin Dato,2019,Petrolero,Pequeno Generador,Aceites gastados,otros,0.3
Veracruz,Sin Dato,2019,Petrolero,Pequeno Generador,Aceites gastados,otros (aceite usado,0.33
Veracruz,Sin Dato,2019,Petrolero,Pequeno Generador,"Gasolina, diesel y naftas gastados o sucios provenientes de estaciónes de servicio y talleres automotrices","Gasolina, diesel y naftas gastados o sucios provenientes de estaciones de servicio y talleres automotrices",0
Veracruz,Sin Dato,2019,Petrolero,Pequeno Generador,Lodos,Lodos aceitosos,0
Veracruz,Sin Dato,2019,Petrolero,Pequeno Generador,Lodos,Lodos aceitosos,2
Veracruz,Sin Dato,2019,Petrolero,Pequeno Generador,Lodos,Lodos aceitosos,1
Veracruz,Sin Dato,2019,Petrolero,Pequeno Generador,Lodos,otros,0.7
Veracruz,Sin Dato,2019,Petrolero,Pequeno Generador,Residuos solidos,"Estopa, trapo, plásticos, cartón, madera, brochas, papel, cepillo, etc., impregnados con pinturas, grasas, aceites, hidrocarburos",0
Veracruz,Sin Dato,2019,Petrolero,Pequeno Generador,Residuos solidos,De mantenimiento automotríz,0
Veracruz,Sin Dato,2019,Petrolero,Pequeno Generador,Residuos solidos,Lámpara fluorescentes,0
Veracruz,Sin Dato,2019,Petrolero,Pequeno Generador,Residuos solidos,Otros: Varios,0
Veracruz,Sin Dato,2019,Petrolero,Pequeno Generador,Residuos solidos,Tortas de filtrado,0
Veracruz,Sin Dato,2019,Petrolero,Pequeno Generador,Residuos solidos,Otros solidos,0
Veracruz,Sin Dato,2019,Petrolero,Pequeno Generador,OTROS,OTROS (CINTA CON ACETATO DE PLOMO),0.007
Veracruz,Sin Dato,2019,Petrolero,Pequeno Generador,OTROS,OTROS (ELEMENTOS FILTRANTES GASTADOS IMPREGNADOS DE COMPUESTOS ORGÁNICOS (COV´S)),0.06
Veracruz,Sin Dato,2019,Petrolero,Pequeno Generador,OTROS,OTROS (ENVASES QUE CONTUVIERON SUSTANCIAS QUÍMICAS PELIGROSAS Y solidos IMPREGNADOS (C2H4O2 Y PINTURAS)),0.22
Veracruz,Sin Dato,2019,Petrolero,Pequeno Generador,OTROS,OTROS (MEZCLA GLICOL-AGUA GASTADA),0.55
Veracruz,Sin Dato,2019,Petrolero,Pequeno Generador,OTROS,Otros residuos,0.5
Veracruz,Sin Dato,2019,Petrolero,Pequeno Generador,OTROS,Otros residuos,1.3
Veracruz,Sin Dato,2019,Petrolero,Pequeno Generador,solidos,solidos OTROS (ELEMENTOS FILTRANTES GASTADOS IMPREGNADOS DE ACEITE),0.095
Veracruz,Sin Dato,2019,Petrolero,Pequeno Generador,solidos,"solidos OTROS (solidos IMPREGNADOS DE ACEITE Y/O GRASA (PLÁSTICO, CARTÓN, METALES Y TEXTILES))",0.15
Veracruz,Sin Dato,2019,Petrolero,Pequeno Generador,solidos,solidos OTROS (solidos IMPREGNADOS CON SOLVENTES (ESTOPA)),0.015
Veracruz,Sin Dato,2019,Petrolero,Pequeno Generador,solidos,otros,2
Veracruz,Sin Dato,2019,Petrolero,Pequeno Generador,solidos,otros,0.5
Veracruz,Sin Dato,2019,Petrolero,Pequeno Generador,SOLVENTES,SOLVENTES ORGÁNICOS,0.02
Veracruz,Sin Dato,2019,Petrolero,Gran Generador,Aceites gastados,hidraulicos,80
Veracruz,Sin Dato,2019,Petrolero,Gran Generador,Aceites gastados,hidraulicos,0.4
Veracruz,Sin Dato,2019,Petrolero,Gran Generador,Aceites gastados,Lubricantes,3.3
Veracruz,Sin Dato,2019,Petrolero,Gran Generador,Aceites gastados,Lubricantes,80
Veracruz,Sin Dato,2019,Petrolero,Gran Generador,"Baterias, celdas y pilas","Pilas o baterias de Zink - Plata, o Litio",0
Veracruz,Sin Dato,2019,Petrolero,Gran Generador,Biológico-infecciosos,Objetos punzocortantes,0
Veracruz,Sin Dato,2019,Petrolero,Gran Generador,Biológico-infecciosos,Residuos no anatómicos,0
Veracruz,Sin Dato,2019,Petrolero,Gran Generador,Lodos,Lodos aceitosos,1160
Veracruz,Sin Dato,2019,Petrolero,Gran Generador,Lodos,Lodos aceitosos,30
Veracruz,Sin Dato,2019,Petrolero,Gran Generador,Lodos,Otros lodos,10
Veracruz,Sin Dato,2019,Petrolero,Gran Generador,Lodos,Otros lodos,300
Veracruz,Sin Dato,2019,Petrolero,Gran Generador,Residuos solidos,Con metales pesados,0.6
Veracruz,Sin Dato,2019,Petrolero,Gran Generador,Residuos solidos,Con metales pesados,2.76
Veracruz,Sin Dato,2019,Petrolero,Gran Generador,Residuos solidos,Otros: Varios,0.3
Veracruz,Sin Dato,2019,Petrolero,Gran Generador,Residuos solidos,Otros: Varios,10.66
Veracruz,Sin Dato,2019,Petrolero,Gran Generador,Residuos solidos,Otros solidos,7198.65
Veracruz,Sin Dato,2019,Petrolero,Gran Generador,Residuos solidos,Otros solidos,150
Veracruz,Sin Dato,2019,Petrolero,Gran Generador,Solventes,Residuos de solventes,0
Veracruz,Sin Dato,2019,Petrolero,Gran Generador,Solventes,Orgánicos,5.08
Veracruz,Sin Dato,2019,Petrolero,Gran Generador,Solventes,Orgánicos,3
Veracruz,Sin Dato,2019,Petrolero,Gran Generador,Otros,Otros residuos,1128
Veracruz,Sin Dato,2019,Petrolero,Gran Generador,Otros,Otros residuos,0.05
Veracruz,Sin Dato,2019,Petrolero,Gran Generador,Otros,Otros residuos,8344.9
Veracruz,Sin Dato,2019,Petrolero,Gran Generador,Otros,Otros residuos,4
Veracruz,Sin Dato,2019,Petrolero,Gran Generador,Biológico infeccioso,Sangre,0.2
Veracruz,Sin Dato,2019,Petrolero,Gran Generador,Biológico infeccioso,Residuos no anatómicos,0.28
Veracruz,Sin Dato,2019,Petrolero,Gran Generador,Biológico infeccioso,Residuos patológicos,0.2
Veracruz,Sin Dato,2019,Petrolero,Gran Generador,Biológico infeccioso,Objetos punzocortantes,0.29
Veracruz,Sin Dato,2019,Petrolero,Gran Generador,Biológico infeccioso,Cultivos y cepas,0.2
Veracruz,Sin Dato,2019,Petrolifero,Microgenerador,Aceites gastados,hidraulicos,0
Veracruz,Sin Dato,2019,Petrolifero,Microgenerador,Aceites gastados,Lubricantes,0
Veracruz,Sin Dato,2019,Petrolifero,Microgenerador,"Baterias, celdas y pilas",Pilas o baterias de Niquel - Cadmio,0
Veracruz,Sin Dato,2019,Petrolifero,Microgenerador,"Gasolina, diesel y naftas gastados o sucios provenientes de estaciónes de servicio y talleres automotrices","Gasolina, diesel y naftas gastados o sucios provenientes de estaciones de servicio y talleres automotrices",0
Veracruz,Sin Dato,2019,Petrolifero,Microgenerador,Liquidos de proceso,Liquidos con residuos de hidrocarburos,0
Veracruz,Sin Dato,2019,Petrolifero,Microgenerador,Lodos,Lodos aceitosos,0
Veracruz,Sin Dato,2019,Petrolifero,Microgenerador,Lodos,Lodos procedentes de trampas de grasas e hidrocarburos,0.6
Veracruz,Sin Dato,2019,Petrolifero,Microgenerador,Pinturas y productos relacionados,Otros residuos,0
Veracruz,Sin Dato,2019,Petrolifero,Microgenerador,Pinturas y productos relacionados,"Estopa, trapo, plásticos, cartón, madera, brochas, papel, cepillo, etc., impregnados con pinturas, grasas, aceites, hidrocarburos",0.06
Veracruz,Sin Dato,2019,Petrolifero,Microgenerador,Residuos solidos,"Estopa, trapo, plásticos, cartón, madera, brochas, papel, cepillo, etc., impregnados con pinturas, grasas, aceites, hidrocarburos",0
Veracruz,Sin Dato,2019,Petrolifero,Microgenerador,Residuos solidos,Filtro de aire o de aceite contaminados,0
Veracruz,Sin Dato,2019,Petrolifero,Microgenerador,Residuos solidos,Lámpara fluorescentes,0
Veracruz,Sin Dato,2019,Petrolifero,Microgenerador,Solventes,Residuos de solventes,0
Veracruz,Sin Dato,2019,Petrolifero,Pequeno Generador,Aceites gastados,hidraulicos,0
Veracruz,Sin Dato,2019,Petrolifero,Pequeno Generador,Aceites gastados,Lubricantes,0
Veracruz,Sin Dato,2019,Petrolifero,Pequeno Generador,"Baterias, celdas y pilas",Pilas alcalinas,0
Veracruz,Sin Dato,2019,Petrolifero,Pequeno Generador,"Baterias, celdas y pilas",Pilas o baterias de Niquel - Cadmio,0
Veracruz,Sin Dato,2019,Petrolifero,Pequeno Generador,Biológico-infecciosos,Residuos no anatómicos,0
Veracruz,Sin Dato,2019,Petrolifero,Pequeno Generador,"Gasolina, diesel y naftas gastados o sucios provenientes de estaciónes de servicio y talleres automotrices","Gasolina, diesel y naftas gastados o sucios provenientes de estaciones de servicio y talleres automotrices",0.2
Veracruz,Sin Dato,2019,Petrolifero,Pequeno Generador,Liquidos de proceso,Corrosivos,0
Veracruz,Sin Dato,2019,Petrolifero,Pequeno Generador,Liquidos de proceso,Liquidos con residuos de hidrocarburos,0
Veracruz,Sin Dato,2019,Petrolifero,Pequeno Generador,Lodos,Lodos aceitosos,2.225
Veracruz,Sin Dato,2019,Petrolifero,Pequeno Generador,Residuos solidos,"Botes o recipientes que contuvieron contaminantes diversos, latas de pintura, aerosoles",0
Veracruz,Sin Dato,2019,Petrolifero,Pequeno Generador,Residuos solidos,"Estopa, trapo, plásticos, cartón, madera, brochas, papel, cepillo, etc., impregnados con pinturas, grasas, aceites, hidrocarburos",1.88
Veracruz,Sin Dato,2019,Petrolifero,Pequeno Generador,Residuos solidos,Filtro de aire o de aceite contaminados,0
Veracruz,Sin Dato,2019,Petrolifero,Pequeno Generador,Residuos solidos,Lámpara fluorescentes,0.01
Veracruz,Sin Dato,2019,Petrolifero,Pequeno Generador,Solventes,Residuos de solventes,0
Veracruz,Sin Dato,2020,Petrolero,Pequeno Generador,LODOS PROVENIENTES DE:,LODOS PROVENIENTES DE: OTROS,0.5
Veracruz,Sin Dato,2020,Petrolero,Pequeno Generador,LODOS PROVENIENTES DE:,LODOS PROVENIENTES DE: OTROS,2
Veracruz,Sin Dato,2020,Petrolero,Pequeno Generador,SÓLIDOS,SÓLIDOS OTROS,0.1
Veracruz,Sin Dato,2020,Petrolero,Pequeno Generador,SÓLIDOS,SÓLIDOS OTROS,0.1
Veracruz,Sin Dato,2020,Petrolero,Pequeno Generador,Aceites gastados,Lubricantes,0.5
Veracruz,Sin Dato,2020,Petrolero,Pequeno Generador,Lodos aceitosos,Lodos aceitosos,2.5
Veracruz,Sin Dato,2020,Petrolero,Pequeno Generador,Lodos provenientes de:,Otros,2
Veracruz,Sin Dato,2020,Petrolero,Pequeno Generador,Sólidos,Otros,1.2
Veracruz,Sin Dato,2020,Petrolero,Pequeno Generador,Sólidos,Otros,0.5
Veracruz,Sin Dato,2020,Petrolero,Pequeno Generador,Sólidos,Otros,1
Veracruz,Sin Dato,2020,Petrolero,Gran Generador,Aceites gastados,Hidráulicos,62
Veracruz,Sin Dato,2020,Petrolero,Gran Generador,Aceites gastados,Hidráulicos,0.4
Veracruz,Sin Dato,2020,Petrolero,Gran Generador,Aceites gastados,Hidráulicos,0.2
Veracruz,Sin Dato,2020,Petrolero,Gran Generador,Aceites gastados,Lubricantes,62.09
Veracruz,Sin Dato,2020,Petrolero,Gran Generador,Aceites gastados,Lubricantes,1.6
Veracruz,Sin Dato,2020,Petrolero,Gran Generador,Aceites gastados,Lubricantes,0.2
Veracruz,Sin Dato,2020,Petrolero,Gran Generador,Biológico-Infecciosos,Residuos no anatómicos,0.28
Veracruz,Sin Dato,2020,Petrolero,Gran Generador,Biológico-Infecciosos,Objetos punzocortantes,0.08
Veracruz,Sin Dato,2020,Petrolero,Gran Generador,Líquidos residuales de procesos,No corrosivos,66.6
Veracruz,Sin Dato,2020,Petrolero,Gran Generador,Lodos aceitosos,Lodos aceitosos,60
Veracruz,Sin Dato,2020,Petrolero,Gran Generador,Lodos provenientes de:,Otros,1000
Veracruz,Sin Dato,2020,Petrolero,Gran Generador,Otros,Otros,514.58
Veracruz,Sin Dato,2020,Petrolero,Gran Generador,Otros,Otros,7
Veracruz,Sin Dato,2020,Petrolero,Gran Generador,Sólidos,Con metales pesados,16.12
Veracruz,Sin Dato,2020,Petrolero,Gran Generador,Sólidos,De mantenimiento,10
Veracruz,Sin Dato,2020,Petrolero,Gran Generador,Sólidos,Otros,4769.95
Veracruz,Sin Dato,2020,Petrolero,Gran Generador,Sólidos,Otros,18.2
Veracruz,Sin Dato,2020,Petrolero,Gran Generador,Solventes,Orgánicos,0.08
Veracruz,Sin Dato,2020,Petrolero,Gran Generador,Solventes,Orgánicos,5.2
Veracruz,Sin Dato,2020,Petrolifero,Microgenerador,Aceites lubricantes,Aceites gastados lubricantes,1.09885
Veracruz,Sin Dato,2020,Petrolifero,Microgenerador,Líquidos de proceso,Aguas aceitosas,0.523
Veracruz,Sin Dato,2020,Petrolifero,Microgenerador,"Baterias, pilas y balastras","Baterias, pilas y balastras",0.258
Veracruz,Sin Dato,2020,Petrolifero,Microgenerador,"Gasollina, diésel y naftas gastados","Gasollina, diésel y naftas gastados",0.3139
Veracruz,Sin Dato,2020,Petrolifero,Microgenerador,Lámparas fluorescentes y de vapor de mercurio,Lámparas fluorescentes y de vapor de mercurio,0.0815
Veracruz,Sin Dato,2020,Petrolifero,Microgenerador,Lodos,Lodos aceitosos,4.94364
Veracruz,Sin Dato,2020,Petrolifero,Microgenerador,Residuos sólidos,"Estopa, trapo, plásticos, cartón, madera, brochas, papel, cepillo, etc., impregnados con pinturas, grasas, aceites, hidrocarburos",3.11013
Veracruz,Sin Dato,2020,Petrolifero,Pequeno Generador,Aceites hidraúlicos,Aceites gastados hidráulicos,1.83
Veracruz,Sin Dato,2020,Petrolifero,Pequeno Generador,Aceites lubricantes,Aceites gastados lubricantes,14.3414
Veracruz,Sin Dato,2020,Petrolifero,Pequeno Generador,Líquidos de proceso,Aguas aceitosas,4.08
Veracruz,Sin Dato,2020,Petrolifero,Pequeno Generador,"Baterias, pilas y balastras","Baterias, pilas y balastras",0.517
Veracruz,Sin Dato,2020,Petrolifero,Pequeno Generador,"Gasollina, diésel y naftas gastados","Gasollina, diésel y naftas gastados",2.3
Veracruz,Sin Dato,2020,Petrolifero,Pequeno Generador,Lámparas fluorescentes y de vapor de mercurio,Lámparas fluorescentes y de vapor de mercurio,0.1286
Veracruz,Sin Dato,2020,Petrolifero,Pequeno Generador,Lodos,Lodos aceitosos,23.3
Veracruz,Sin Dato,2020,Petrolifero,Pequeno Generador,Residuos sólidos,"Estopa, trapo, plásticos, cartón, madera, brochas, papel, cepillo, etc., impregnados con pinturas, grasas, aceites, hidrocarburos",17.6185
Veracruz,Sin Dato,2021,Petrolero,Pequeno Generador,Aceites gastados,Lubricantes,0.5
Veracruz,Sin Dato,2021,Sin dato,Pequeno Generador,Residuos solidos,Otros solidos,0.2
Veracruz,Sin Dato,2021,Sin dato,Pequeno Generador,Residuos solidos,Otros: Varios,1.2
Veracruz,Sin Dato,2021,Sin dato,Pequeno Generador,Residuos solidos,Sin dato,0.5
Veracruz,Sin Dato,2021,Sin dato,Pequeno Generador,Residuos solidos,Sin dato,1
Veracruz,Sin Dato,2021,Sin dato,Pequeno Generador,Lodos,Lodos aceitosos,2.5
Veracruz,Sin Dato,2021,Sin dato,Pequeno Generador,Lodos,Otros lodos,2
Veracruz,Sin Dato,2021,Sin dato,Pequeno Generador,Lodos,Sin dato,2.5
Veracruz,Sin Dato,2021,Sin dato,Gran Generador,Aceites gastados,hidraulicos,62
Veracruz,Sin Dato,2021,Sin dato,Gran Generador,Aceites gastados,Sin dato,0.4
Veracruz,Sin Dato,2021,Sin dato,Gran Generador,Aceites gastados,Sin dato,0.2
Veracruz,Sin Dato,2021,Sin dato,Gran Generador,Aceites gastados,Lubricantes,62.09
Veracruz,Sin Dato,2021,Sin dato,Gran Generador,Aceites gastados,Sin dato,1.6
Veracruz,Sin Dato,2021,Sin dato,Gran Generador,Aceites gastados,Sin dato,0.2
Veracruz,Sin Dato,2021,Sin dato,Gran Generador,Biológico-infecciosos,Objetos punzocortantes,0.08
Veracruz,Sin Dato,2021,Sin dato,Gran Generador,Biológico-infecciosos,Residuos no anatómicos,0.28
Veracruz,Sin Dato,2021,Sin dato,Gran Generador,Liquidos de proceso,No corrosivos,66.6
Veracruz,Sin Dato,2021,Sin dato,Gran Generador,Otros,Otros: Varios,514.58
Veracruz,Sin Dato,2021,Sin dato,Gran Generador,Otros,Sin dato,7
Veracruz,Sin Dato,2021,Sin dato,Gran Generador,Residuos solidos,Con metales pesados,16.12
Veracruz,Sin Dato,2021,Sin dato,Gran Generador,Residuos solidos,"De mantenimiento automotríz, mantenimiento a maquinaria o equipos",10
Veracruz,Sin Dato,2021,Sin dato,Gran Generador,Residuos solidos,Otros solidos,4769.95
Veracruz,Sin Dato,2021,Sin dato,Gran Generador,Residuos solidos,Sin dato,18.2
Veracruz,Sin Dato,2021,Sin dato,Gran Generador,Solventes,Orgánicos,5.2
Veracruz,Sin Dato,2021,Sin dato,Gran Generador,Solventes,Sin dato,0.08
Veracruz,Sin Dato,2021,Sin dato,Gran Generador,Lodos,Lodos aceitosos,60
Veracruz,Sin Dato,2021,Sin dato,Gran Generador,Lodos,Otros lodos,1000
Veracruz,Sin Dato,2021,Petrolifero,Microgenerador,Aceites gastados,Lubricantes,1.1
Veracruz,Sin Dato,2021,Sin dato,Microgenerador,"baterias, celdas y pilas","Baterias, pilas y balastras",0.26
Veracruz,Sin Dato,2021,Sin dato,Microgenerador,"Gasolina, diésel y naftas gastados o sucios provenientes de estaciones de servicio y talleres automotrices","Gasolina, diesel y naftas gastados o sucios",0.31
Veracruz,Sin Dato,2021,Sin dato,Microgenerador,Otros,"Agua oleosa, agua contaminada",0.52
Veracruz,Sin Dato,2021,Sin dato,Microgenerador,Residuos solidos,"Estopa, trapo, plásticos, cartón, madera, brochas, papel, cepillo, etc., impregnados con pinturas, grasas, aceites, hidrocarburos",3.11
Veracruz,Sin Dato,2021,Sin dato,Microgenerador,Residuos solidos,"Lámparas fluorescentes, lámparas de vapor de mercurio",0.08
Veracruz,Sin Dato,2021,Sin dato,Microgenerador,Lodos,Lodos aceitosos,4.94
Veracruz,Sin Dato,2021,Sin dato,Pequeno Generador,Aceites gastados,hidraulicos,1.83
Veracruz,Sin Dato,2021,Sin dato,Pequeno Generador,Aceites gastados,Lubricantes,14.34
Veracruz,Sin Dato,2021,Sin dato,Pequeno Generador,"baterias, celdas y pilas","Baterias, pilas y balastras",0.52
Veracruz,Sin Dato,2021,Sin dato,Pequeno Generador,"Gasolina, diésel y naftas gastados o sucios provenientes de estaciones de servicio y talleres automotrices","Gasolina, diesel y naftas gastados o sucios",2.3
Veracruz,Sin Dato,2021,Sin dato,Pequeno Generador,Otros,"Agua oleosa, agua contaminada",4.08
Veracruz,Sin Dato,2021,Sin dato,Pequeno Generador,Residuos solidos,"Estopa, trapo, plásticos, cartón, madera, brochas, papel, cepillo, etc., impregnados con pinturas, grasas, aceites, hidrocarburos",17.62
Veracruz,Sin Dato,2021,Sin dato,Pequeno Generador,Residuos solidos,"Lámparas fluorescentes, lámparas de vapor de mercurio",0.13
Veracruz,Sin Dato,2021,Sin dato,Pequeno Generador,Lodos,Lodos aceitosos,23.3
Veracruz,Acayucan,2023,Petrolífero,Microgenerador,Lodos,Lodos aceitosos,0.04
Veracruz,Acayucan,2023,Petrolífero,Microgenerador,Residuos sólidos,"Estopa, trapo, plásticos, cartón, madera, brochas, papel, cepillo, etc., impregnados con pinturas, grasas, aceites, hidrocarburos",0.17
Veracruz,Acayucan,2023,Petrolífero,Microgenerador,Residuos sólidos,"Lámparas fluorescentes, lámparas de vapor de mercurio",0.11
Veracruz,Alvarado,2023,Petrolífero,Microgenerador,Residuos sólidos,"Estopa, trapo, plásticos, cartón, madera, brochas, papel, cepillo, etc., impregnados con pinturas, grasas, aceites, hidrocarburos",0.15
Veracruz,Ángel R. Cabada,2023,Petrolífero,Microgenerador,Lodos,Lodos aceitosos,0.12
Veracruz,Ángel R. Cabada,2023,Petrolífero,Microgenerador,Residuos sólidos,"Estopa, trapo, plásticos, cartón, madera, brochas, papel, cepillo, etc., impregnados con pinturas, grasas, aceites, hidrocarburos",0.12
Veracruz,Boca del Río,2023,Petrolero,Gran Generador,Lodos,Lodos aceitosos,1
Veracruz,Boca del Río,2023,Petrolero,Gran Generador,Otros,Otros residuos,403.32
Veracruz,Boca del Río,2023,Petrolero,Gran Generador,Residuos sólidos,"Estopa, trapo, plásticos, cartón, madera, brochas, papel, cepillo, etc., impregnados con pinturas, grasas, aceites, hidrocarburos",27.36
Veracruz,Boca del Río,2023,Petrolífero,Microgenerador,Lodos,Lodos aceitosos,0.3
Veracruz,Boca del Río,2023,Petrolífero,Microgenerador,Residuos sólidos,"Estopa, trapo, plásticos, cartón, madera, brochas, papel, cepillo, etc., impregnados con pinturas, grasas, aceites, hidrocarburos",0.19
Veracruz,Coatzintla,2023,Petrolífero,Microgenerador,Lodos,Lodos aceitosos,0.19
Veracruz,Coatzintla,2023,Petrolífero,Microgenerador,Residuos sólidos,"Estopa, trapo, plásticos, cartón, madera, brochas, papel, cepillo, etc., impregnados con pinturas, grasas, aceites, hidrocarburos",0.18
Veracruz,Córdoba,2023,Petrolífero,Microgenerador,Lodos,Lodos aceitosos,0.18
Veracruz,Córdoba,2023,Petrolífero,Microgenerador,Residuos sólidos,"Estopa, trapo, plásticos, cartón, madera, brochas, papel, cepillo, etc., impregnados con pinturas, grasas, aceites, hidrocarburos",0.03
Veracruz,Córdoba,2023,Petrolífero,Pequeño Generador,Lodos,Lodos aceitosos,0.4
Veracruz,Córdoba,2023,Petrolífero,Pequeño Generador,Residuos sólidos,"Estopa, trapo, plásticos, cartón, madera, brochas, papel, cepillo, etc., impregnados con pinturas, grasas, aceites, hidrocarburos",0.1
Veracruz,Coscomatepec,2023,Petrolífero,Microgenerador,Lodos,Lodos aceitosos,0.16
Veracruz,Coscomatepec,2023,Petrolífero,Microgenerador,Residuos sólidos,"Estopa, trapo, plásticos, cartón, madera, brochas, papel, cepillo, etc., impregnados con pinturas, grasas, aceites, hidrocarburos",0.01
Veracruz,Cosoleacaque,2023,Petrolífero,Microgenerador,Aceites gastados,Lubricantes,0.07
Veracruz,Cosoleacaque,2023,Petrolífero,Microgenerador,Residuos sólidos,"Estopa, trapo, plásticos, cartón, madera, brochas, papel, cepillo, etc., impregnados con pinturas, grasas, aceites, hidrocarburos",0.03
Veracruz,Cosoleacaque,2023,Petrolífero,Pequeño Generador,Aceites gastados,Lubricantes,0.2
Veracruz,Cosoleacaque,2023,Petrolífero,Pequeño Generador,Agua contaminada,"Agua contaminada con hidrocarburos, combustibles, aceite o grasa",0.15
Veracruz,Cosoleacaque,2023,Petrolífero,Pequeño Generador,"Baterías, celdas y pilas","Baterias, pilas y balastras",0
Veracruz,Cosoleacaque,2023,Petrolífero,Pequeño Generador,"Gasolina, diésel y naftas gastados o sucios provenientes de estaciones de servicio y talleres automotrices","Gasolina, diesel y naftas gastados o sucios",0.1
Veracruz,Cosoleacaque,2023,Petrolífero,Pequeño Generador,Lodos,Lodos aceitosos,1.2
Veracruz,Cosoleacaque,2023,Petrolífero,Pequeño Generador,Residuos sólidos,"Estopa, trapo, plásticos, cartón, madera, brochas, papel, cepillo, etc., impregnados con pinturas, grasas, aceites, hidrocarburos",3.74
Veracruz,Cosoleacaque,2023,Petrolífero,Pequeño Generador,Residuos sólidos,"Estopa, trapo, plásticos, cartón, madera, brochas, papel, cepillo, etc., impregnados con pinturas, grasas, aceites, hidrocarburos",2.51
Veracruz,Cosoleacaque,2023,Petrolífero,Pequeño Generador,Residuos sólidos,"Lámparas fluorescentes, lámparas de vapor de mercurio",0.02
Veracruz,Cotaxtla,2023,Petrolífero,Microgenerador,Lodos,Lodos aceitosos,0.2
Veracruz,Cotaxtla,2023,Petrolífero,Microgenerador,Residuos sólidos,"Estopa, trapo, plásticos, cartón, madera, brochas, papel, cepillo, etc., impregnados con pinturas, grasas, aceites, hidrocarburos",0.2
Veracruz,Ixtaczoquitlán,2023,Petrolífero,Microgenerador,Lodos,Lodos aceitosos,0.05
Veracruz,Ixtaczoquitlán,2023,Petrolífero,Microgenerador,Residuos sólidos,"Estopa, trapo, plásticos, cartón, madera, brochas, papel, cepillo, etc., impregnados con pinturas, grasas, aceites, hidrocarburos",0.01
Veracruz,Xalapa,2023,Petrolífero,Pequeño Generador,Aceites gastados,Lubricantes,0.4
Veracruz,Xalapa,2023,Petrolífero,Pequeño Generador,Agua contaminada,"Agua contaminada con hidrocarburos, combustibles, aceite o grasa",0.16
Veracruz,Xalapa,2023,Petrolífero,Pequeño Generador,"Baterías, celdas y pilas","Baterias, pilas y balastras",0.03
Veracruz,Xalapa,2023,Petrolífero,Pequeño Generador,"Gasolina, diésel y naftas gastados o sucios provenientes de estaciones de servicio y talleres automotrices","Gasolina, diesel y naftas gastados o sucios",0.04
Veracruz,Xalapa,2023,Petrolífero,Pequeño Generador,Lodos,Lodos aceitosos,0.35
Veracruz,Xalapa,2023,Petrolífero,Pequeño Generador,Residuos sólidos,"Estopa, trapo, plásticos, cartón, madera, brochas, papel, cepillo, etc., impregnados con pinturas, grasas, aceites, hidrocarburos",0.1
Veracruz,Xalapa,2023,Petrolífero,Pequeño Generador,Residuos sólidos,"Lámparas fluorescentes, lámparas de vapor de mercurio",0.03
Veracruz,Medellín de Bravo,2023,Petrolífero,Microgenerador,Lodos,Lodos aceitosos,0.2
Veracruz,Medellín de Bravo,2023,Petrolífero,Microgenerador,Residuos sólidos,"Estopa, trapo, plásticos, cartón, madera, brochas, papel, cepillo, etc., impregnados con pinturas, grasas, aceites, hidrocarburos",0.2
Veracruz,Minatitlán,2023,Petrolífero,Pequeño Generador,Aceites gastados,Lubricantes,0.25
Veracruz,Minatitlán,2023,Petrolífero,Pequeño Generador,Agua contaminada,"Agua contaminada con hidrocarburos, combustibles, aceite o grasa",0.37
Veracruz,Minatitlán,2023,Petrolífero,Pequeño Generador,"Baterías, celdas y pilas","Baterias, pilas y balastras",0.21
Veracruz,Minatitlán,2023,Petrolífero,Pequeño Generador,"Gasolina, diésel y naftas gastados o sucios provenientes de estaciones de servicio y talleres automotrices","Gasolina, diesel y naftas gastados o sucios",1.25
Veracruz,Minatitlán,2023,Petrolífero,Pequeño Generador,Lodos,Lodos aceitosos,0.96
Veracruz,Minatitlán,2023,Petrolífero,Pequeño Generador,Residuos sólidos,"Estopa, trapo, plásticos, cartón, madera, brochas, papel, cepillo, etc., impregnados con pinturas, grasas, aceites, hidrocarburos",0.66
Veracruz,Minatitlán,2023,Petrolífero,Pequeño Generador,Residuos sólidos,"Lámparas fluorescentes, lámparas de vapor de mercurio",0.1
Veracruz,Minatitlán,2023,Petrolífero,Gran Generador,Residuos sólidos,"Estopa, trapo, plásticos, cartón, madera, brochas, papel, cepillo, etc., impregnados con pinturas, grasas, aceites, hidrocarburos",2500
Veracruz,Minatitlán,2023,Petrolífero,Gran Generador,Residuos sólidos,"Estopa, trapo, plásticos, cartón, madera, brochas, papel, cepillo, etc., impregnados con pinturas, grasas, aceites, hidrocarburos",150
Veracruz,Minatitlán,2023,Petrolífero,Gran Generador,Residuos sólidos,"Estopa, trapo, plásticos, cartón, madera, brochas, papel, cepillo, etc., impregnados con pinturas, grasas, aceites, hidrocarburos",180
Veracruz,Minatitlán,2023,Petrolífero,Gran Generador,Residuos sólidos,"Estopa, trapo, plásticos, cartón, madera, brochas, papel, cepillo, etc., impregnados con pinturas, grasas, aceites, hidrocarburos",4230
Veracruz,Minatitlán,2023,Petrolífero,Gran Generador,Residuos sólidos,"Estopa, trapo, plásticos, cartón, madera, brochas, papel, cepillo, etc., impregnados con pinturas, grasas, aceites, hidrocarburos",600
Veracruz,Minatitlán,2023,Petrolífero,Gran Generador,Residuos sólidos,"Estopa, trapo, plásticos, cartón, madera, brochas, papel, cepillo, etc., impregnados con pinturas, grasas, aceites, hidrocarburos",3.38
Veracruz,Minatitlán,2023,Petrolífero,Gran Generador,Residuos sólidos,"Estopa, trapo, plásticos, cartón, madera, brochas, papel, cepillo, etc., impregnados con pinturas, grasas, aceites, hidrocarburos",40
Veracruz,Misantla,2023,Petrolífero,Pequeño Generador,Aceites gastados,Lubricantes,0.35
Veracruz,Misantla,2023,Petrolífero,Pequeño Generador,Agua contaminada,"Agua contaminada con hidrocarburos, combustibles, aceite o grasa",0.16
Veracruz,Misantla,2023,Petrolífero,Pequeño Generador,"Baterías, celdas y pilas","Baterias, pilas y balastras",0
Veracruz,Misantla,2023,Petrolífero,Pequeño Generador,"Gasolina, diésel y naftas gastados o sucios provenientes de estaciones de servicio y talleres automotrices","Gasolina, diesel y naftas gastados o sucios",0.08
Veracruz,Misantla,2023,Petrolífero,Pequeño Generador,Residuos sólidos,"Estopa, trapo, plásticos, cartón, madera, brochas, papel, cepillo, etc., impregnados con pinturas, grasas, aceites, hidrocarburos",0.32
Veracruz,Misantla,2023,Petrolífero,Pequeño Generador,Residuos sólidos,"Lámparas fluorescentes, lámparas de vapor de mercurio",0.02
Veracruz,Moloacán,2023,Petrolífero,Gran Generador,Residuos sólidos,"Estopa, trapo, plásticos, cartón, madera, brochas, papel, cepillo, etc., impregnados con pinturas, grasas, aceites, hidrocarburos",0.4
Veracruz,Moloacán,2023,Petrolífero,Gran Generador,Residuos sólidos,"Estopa, trapo, plásticos, cartón, madera, brochas, papel, cepillo, etc., impregnados con pinturas, grasas, aceites, hidrocarburos",1.8
Veracruz,Moloacán,2023,Petrolífero,Gran Generador,Residuos sólidos,"Estopa, trapo, plásticos, cartón, madera, brochas, papel, cepillo, etc., impregnados con pinturas, grasas, aceites, hidrocarburos",9.4
Veracruz,Nogales,2023,Petrolífero,Pequeño Generador,"Baterías, celdas y pilas","Baterias, pilas y balastras",1.2
Veracruz,Nogales,2023,Petrolífero,Pequeño Generador,"Baterías, celdas y pilas","Baterias, pilas y balastras",0.1
Veracruz,Nogales,2023,Petrolífero,Pequeño Generador,Otros,Otros residuos,0.5
Veracruz,Nogales,2023,Petrolífero,Pequeño Generador,Otros,Otros residuos,2
Veracruz,Nogales,2023,Petrolífero,Pequeño Generador,Residuos sólidos,"De mantenimiento automotríz, mantenimiento a maquinaria o equipos",1
Veracruz,Nogales,2023,Petrolífero,Pequeño Generador,Residuos sólidos,"De mantenimiento automotríz, mantenimiento a maquinaria o equipos",0.3
Veracruz,Nogales,2023,Petrolífero,Pequeño Generador,Residuos sólidos,"Estopa, trapo, plásticos, cartón, madera, brochas, papel, cepillo, etc., impregnados con pinturas, grasas, aceites, hidrocarburos",3
Veracruz,Nogales,2023,Petrolífero,Pequeño Generador,Residuos sólidos,"Estopa, trapo, plásticos, cartón, madera, brochas, papel, cepillo, etc., impregnados con pinturas, grasas, aceites, hidrocarburos",0.3
Veracruz,Nogales,2023,Petrolífero,Pequeño Generador,Residuos sólidos,"Lámparas fluorescentes, lámparas de vapor de mercurio",0.1
Veracruz,Nogales,2023,Petrolífero,Pequeño Generador,Residuos sólidos,Otros sólidos,1
Veracruz,Nogales,2023,Petrolífero,Pequeño Generador,Residuos sólidos,Otros sólidos,0.3
Veracruz,Oluta,2023,Petrolífero,Microgenerador,Lodos,Lodos aceitosos,0.04
Veracruz,Oluta,2023,Petrolífero,Microgenerador,Residuos sólidos,"Estopa, trapo, plásticos, cartón, madera, brochas, papel, cepillo, etc., impregnados con pinturas, grasas, aceites, hidrocarburos",0.17
Veracruz,Oluta,2023,Petrolífero,Microgenerador,Residuos sólidos,"Lámparas fluorescentes, lámparas de vapor de mercurio",0.11
Veracruz,Omealca,2023,Petrolífero,Microgenerador,Lodos,Lodos aceitosos,0.1
Veracruz,Omealca,2023,Petrolífero,Microgenerador,Residuos sólidos,"Estopa, trapo, plásticos, cartón, madera, brochas, papel, cepillo, etc., impregnados con pinturas, grasas, aceites, hidrocarburos",0.08
Veracruz,Orizaba,2023,Petrolífero,Microgenerador,Lodos,Lodos aceitosos,0.16
Veracruz,Orizaba,2023,Petrolífero,Microgenerador,Residuos sólidos,"Estopa, trapo, plásticos, cartón, madera, brochas, papel, cepillo, etc., impregnados con pinturas, grasas, aceites, hidrocarburos",0.02
Veracruz,Platón Sánchez,2023,Petrolífero,Microgenerador,Lodos,Lodos aceitosos,0.3
Veracruz,Sayula de Alemán,2023,Petrolífero,Microgenerador,Lodos,Lodos aceitosos,0.2
Veracruz,Sayula de Alemán,2023,Petrolífero,Microgenerador,Residuos sólidos,"Estopa, trapo, plásticos, cartón, madera, brochas, papel, cepillo, etc., impregnados con pinturas, grasas, aceites, hidrocarburos",0.2
Veracruz,Álamo Temapache,2023,Petrolífero,Microgenerador,Aceites gastados,Lubricantes,0.06
Veracruz,Álamo Temapache,2023,Petrolífero,Microgenerador,"Gasolina, diésel y naftas gastados o sucios provenientes de estaciones de servicio y talleres automotrices","Gasolina, diesel y naftas gastados o sucios",0.02
Veracruz,Álamo Temapache,2023,Petrolífero,Microgenerador,Lodos,Lodos aceitosos,0.27
Veracruz,Álamo Temapache,2023,Petrolífero,Microgenerador,Residuos sólidos,"Estopa, trapo, plásticos, cartón, madera, brochas, papel, cepillo, etc., impregnados con pinturas, grasas, aceites, hidrocarburos",0.02
Veracruz,Tihuatlán,2023,Petrolífero,Pequeño Generador,Aceites gastados,Lubricantes,0.55
Veracruz,Tihuatlán,2023,Petrolífero,Pequeño Generador,"Baterías, celdas y pilas","Baterias, pilas y balastras",0.02
Veracruz,Tihuatlán,2023,Petrolífero,Pequeño Generador,Residuos sólidos,"Estopa, trapo, plásticos, cartón, madera, brochas, papel, cepillo, etc., impregnados con pinturas, grasas, aceites, hidrocarburos",0.39
Veracruz,Tlalixcoyan,2023,Petrolífero,Microgenerador,Lodos,Lodos aceitosos,0.04
Veracruz,Tlalixcoyan,2023,Petrolífero,Microgenerador,Residuos sólidos,"Estopa, trapo, plásticos, cartón, madera, brochas, papel, cepillo, etc., impregnados con pinturas, grasas, aceites, hidrocarburos",0.01
Veracruz,Tuxpan,2023,Petrolífero,Pequeño Generador,Aceites gastados,Lubricantes,0.05
Veracruz,Tuxpan,2023,Petrolífero,Pequeño Generador,Aceites gastados,Lubricantes,0.5
Veracruz,Tuxpan,2023,Petrolífero,Pequeño Generador,Aceites gastados,Otros aceites,0.05
Veracruz,Tuxpan,2023,Petrolífero,Pequeño Generador,"Baterías, celdas y pilas","Baterias, pilas y balastras",0.02
Veracruz,Tuxpan,2023,Petrolífero,Pequeño Generador,Biológico-infecciosos,Otros: Varios,0
Veracruz,Tuxpan,2023,Petrolífero,Pequeño Generador,Biológico-infecciosos,Residuos no anatómicos,0
Veracruz,Tuxpan,2023,Petrolífero,Pequeño Generador,"Gasolina, diésel y naftas gastados o sucios provenientes de estaciones de servicio y talleres automotrices","Gasolina, diesel y naftas gastados o sucios",0.2
Veracruz,Tuxpan,2023,Petrolífero,Pequeño Generador,Residuos sólidos,Con metales pesados,0.01
Veracruz,Tuxpan,2023,Petrolífero,Pequeño Generador,Residuos sólidos,"De mantenimiento automotríz, mantenimiento a maquinaria o equipos",0.05
Veracruz,Tuxpan,2023,Petrolífero,Pequeño Generador,Residuos sólidos,"Estopa, trapo, plásticos, cartón, madera, brochas, papel, cepillo, etc., impregnados con pinturas, grasas, aceites, hidrocarburos",0.1
Veracruz,Tuxpan,2023,Petrolífero,Pequeño Generador,Residuos sólidos,"Lámparas fluorescentes, lámparas de vapor de mercurio",0.01
Veracruz,Tuxpan,2023,Petrolífero,Pequeño Generador,Residuos sólidos,Otros sólidos,0.01
Veracruz,Tuxpan,2023,Petrolífero,Pequeño Generador,Solventes,Orgánicos,0.1
Veracruz,Tuxpan,2023,Petrolífero,Gran Generador,Aceites gastados,Hidráulicos,19.4
Veracruz,Tuxpan,2023,Petrolífero,Gran Generador,Aceites gastados,Lubricantes,230.6
Veracruz,Tuxpan,2023,Petrolífero,Gran Generador,Agua contaminada,"Agua contaminada con hidrocarburos, combustibles, aceite o grasa",39.1
Veracruz,Tuxpan,2023,Petrolífero,Gran Generador,"Baterías, celdas y pilas","Baterias, pilas y balastras",0.6
Veracruz,Tuxpan,2023,Petrolífero,Gran Generador,"Baterías, celdas y pilas","Baterias, pilas y balastras",2.53
Veracruz,Tuxpan,2023,Petrolífero,Gran Generador,Biológico-infecciosos,Otros: Varios,0.21
Veracruz,Tuxpan,2023,Petrolífero,Gran Generador,Biológico-infecciosos,Residuos no anatómicos,0.01
Veracruz,Tuxpan,2023,Petrolífero,Gran Generador,Otros,Otros residuos,11.71
Veracruz,Tuxpan,2023,Petrolífero,Gran Generador,Residuos sólidos,"De mantenimiento automotríz, mantenimiento a maquinaria o equipos",2
Veracruz,Tuxpan,2023,Petrolífero,Gran Generador,Residuos sólidos,"Estopa, trapo, plásticos, cartón, madera, brochas, papel, cepillo, etc., impregnados con pinturas, grasas, aceites, hidrocarburos",25.4
Veracruz,Tuxpan,2023,Petrolífero,Gran Generador,Residuos sólidos,"Lámparas fluorescentes, lámparas de vapor de mercurio",1.68
Veracruz,Tuxpan,2023,Petrolífero,Gran Generador,Residuos sólidos,Otros sólidos,28.5
Veracruz,Tuxpan,2023,Petrolífero,Gran Generador,Residuos sólidos,Otros sólidos,8.13
Veracruz,Tuxpan,2023,Petrolífero,Gran Generador,Solventes,Orgánicos,0.4
Veracruz,Ursulo Galván,2023,Petrolífero,Microgenerador,Lodos,Lodos aceitosos,0.05
Veracruz,Ursulo Galván,2023,Petrolífero,Microgenerador,Residuos sólidos,"Estopa, trapo, plásticos, cartón, madera, brochas, papel, cepillo, etc., impregnados con pinturas, grasas, aceites, hidrocarburos",0.05
Veracruz,Veracruz,2023,Petrolífero,Microgenerador,Aceites gastados,Lubricantes,0
Veracruz,Veracruz,2023,Petrolífero,Microgenerador,Lodos,Lodos aceitosos,0.12
Veracruz,Veracruz,2023,Petrolífero,Microgenerador,Residuos sólidos,"Estopa, trapo, plásticos, cartón, madera, brochas, papel, cepillo, etc., impregnados con pinturas, grasas, aceites, hidrocarburos",0.15
Veracruz,Veracruz,2023,Petrolífero,Microgenerador,Residuos sólidos,"Lámparas fluorescentes, lámparas de vapor de mercurio",0.01
Veracruz,Veracruz,2023,Petrolífero,Pequeño Generador,Aceites gastados,Lubricantes,0.4
Veracruz,Veracruz,2023,Petrolífero,Pequeño Generador,Agua contaminada,"Agua contaminada con hidrocarburos, combustibles, aceite o grasa",0.6
Veracruz,Veracruz,2023,Petrolífero,Pequeño Generador,"Baterías, celdas y pilas","Baterias, pilas y balastras",0.06
Veracruz,Veracruz,2023,Petrolífero,Pequeño Generador,Lodos,Otros lodos,0.1
Veracruz,Veracruz,2023,Petrolífero,Pequeño Generador,Otros,Otros residuos,0.5
Veracruz,Veracruz,2023,Petrolífero,Pequeño Generador,Residuos sólidos,"De mantenimiento automotríz, mantenimiento a maquinaria o equipos",0.04
Veracruz,Veracruz,2023,Petrolífero,Pequeño Generador,Residuos sólidos,"De mantenimiento automotríz, mantenimiento a maquinaria o equipos",0.18
Veracruz,Veracruz,2023,Petrolífero,Pequeño Generador,Residuos sólidos,"Estopa, trapo, plásticos, cartón, madera, brochas, papel, cepillo, etc., impregnados con pinturas, grasas, aceites, hidrocarburos",0.85
Veracruz,Veracruz,2023,Petrolífero,Pequeño Generador,Residuos sólidos,"Estopa, trapo, plásticos, cartón, madera, brochas, papel, cepillo, etc., impregnados con pinturas, grasas, aceites, hidrocarburos",2.5
Veracruz,Veracruz,2023,Petrolífero,Pequeño Generador,Residuos sólidos,"Estopa, trapo, plásticos, cartón, madera, brochas, papel, cepillo, etc., impregnados con pinturas, grasas, aceites, hidrocarburos",1.55
Veracruz,Veracruz,2023,Petrolífero,Pequeño Generador,Residuos sólidos,"Lámparas fluorescentes, lámparas de vapor de mercurio",0.03
Veracruz,Veracruz,2023,Petrolífero,Pequeño Generador,Residuos sólidos,Otros sólidos,0.94
Veracruz,Veracruz,2023,Petrolífero,Pequeño Generador,Residuos sólidos,Otros sólidos,0.1
Veracruz,Veracruz,2023,Petrolífero,Pequeño Generador,Solventes,Orgánicos,0.03
Veracruz,Yanga,2023,Petrolífero,Pequeño Generador,Aceites gastados,Lubricantes,0.15
Veracruz,Yanga,2023,Petrolífero,Pequeño Generador,"Baterías, celdas y pilas","Baterias, pilas y balastras",0.1
Veracruz,Yanga,2023,Petrolífero,Pequeño Generador,Lodos,Lodos aceitosos,1.5
Veracruz,Yanga,2023,Petrolífero,Pequeño Generador,Residuos sólidos,"Estopa, trapo, plásticos, cartón, madera, brochas, papel, cepillo, etc., impregnados con pinturas, grasas, aceites, hidrocarburos",0.6
Veracruz,Yanga,2023,Petrolífero,Pequeño Generador,Residuos sólidos,"Lámparas fluorescentes, lámparas de vapor de mercurio",0.05
Veracruz,Nanchital de Lázaro Cárdenas del Río,2023,Petrolífero,Pequeño Generador,Residuos sólidos,"Estopa, trapo, plásticos, cartón, madera, brochas, papel, cepillo, etc., impregnados con pinturas, grasas, aceites, hidrocarburos",0.41
Veracruz,Nanchital de Lázaro Cárdenas del Río,2023,Petrolífero,Pequeño Generador,Solventes,Orgánicos,0.02
Veracruz,Sin Dato,2023,Petrolero,Gran Generador,Aceites gastados,Lubricantes,10
Veracruz,Sin Dato,2023,Petrolero,Gran Generador,"Baterías, celdas y pilas","Baterias, pilas y balastras",0.2
Veracruz,Sin Dato,2023,Petrolero,Gran Generador,"Baterías, celdas y pilas","Baterias, pilas y balastras",0.04
Veracruz,Sin Dato,2023,Petrolero,Gran Generador,Biológico-infecciosos,Objetos punzocortantes,0.02
Veracruz,Sin Dato,2023,Petrolero,Gran Generador,Biológico-infecciosos,Residuos no anatómicos,0.04
Veracruz,Sin Dato,2023,Petrolero,Gran Generador,Líquidos de proceso,Líquidos residuales de proceso,4000
Veracruz,Sin Dato,2023,Petrolero,Gran Generador,Lodos,Lodos aceitosos,3400
Veracruz,Sin Dato,2023,Petrolero,Gran Generador,Otros,Otros residuos,0.04
Veracruz,Sin Dato,2023,Petrolero,Gran Generador,Otros,Otros residuos,0.02
Veracruz,Sin Dato,2023,Petrolero,Gran Generador,Residuos sólidos,"Estopa, trapo, plásticos, cartón, madera, brochas, papel, cepillo, etc., impregnados con pinturas, grasas, aceites, hidrocarburos",22
Veracruz,Sin Dato,2023,Petrolero,Gran Generador,Residuos sólidos,"Lámparas fluorescentes, lámparas de vapor de mercurio",0.1
Veracruz,Altotonga,2024,Petrolífero,Microgenerador,Lodos,Lodos aceitosos,0.13
Veracruz,Naranjos Amatlán,2024,Petrolífero,Pequeño Generador,Aceites gastados,Lubricantes,0.45
Veracruz,Naranjos Amatlán,2024,Petrolífero,Pequeño Generador,"Baterías, celdas, pilas, balastras","Baterias, pilas, acumuladores, balastras",0.01
Veracruz,Naranjos Amatlán,2024,Petrolífero,Pequeño Generador,Lodos,Lodos aceitosos,0.8
Veracruz,Naranjos Amatlán,2024,Petrolífero,Pequeño Generador,Residuos sólidos,"Estopa, trapo, plásticos, cartón, madera, brochas, papel, cepillo, etc., impregnados con pinturas, grasas, aceites, hidrocarburos",0.39
Veracruz,Naranjos Amatlán,2024,Petrolífero,Pequeño Generador,Residuos sólidos,"Lámparas fluorescentes, lámparas de vapor de mercurio",0.02
Veracruz,La Antigua,2024,Petrolífero,Pequeño Generador,Lodos,Lodos aceitosos,0.17
Veracruz,La Antigua,2024,Petrolífero,Pequeño Generador,Residuos sólidos,"Estopa, trapo, plásticos, cartón, madera, brochas, papel, cepillo, etc., impregnados con pinturas, grasas, aceites, hidrocarburos",0.25
Veracruz,Boca del Río,2024,Petrolífero,Microgenerador,Lodos,Lodos aceitosos,0.12
Veracruz,Boca del Río,2024,Petrolífero,Microgenerador,Residuos sólidos,"Estopa, trapo, plásticos, cartón, madera, brochas, papel, cepillo, etc., impregnados con pinturas, grasas, aceites, hidrocarburos",0.03
Veracruz,Boca del Río,2024,Petrolífero,Pequeño Generador,Lodos,Lodos aceitosos,0.3
Veracruz,Boca del Río,2024,Petrolífero,Pequeño Generador,Residuos sólidos,"Estopa, trapo, plásticos, cartón, madera, brochas, papel, cepillo, etc., impregnados con pinturas, grasas, aceites, hidrocarburos",0.12
Veracruz,Coatzacoalcos,2024,Petrolífero,Pequeño Generador,Lodos,Lodos aceitosos,1.2
Veracruz,Coatzacoalcos,2024,Petrolífero,Pequeño Generador,Residuos sólidos,"Estopa, trapo, plásticos, cartón, madera, brochas, papel, cepillo, etc., impregnados con pinturas, grasas, aceites, hidrocarburos",0.25
Veracruz,Cotaxtla,2024,Petrolífero,Microgenerador,Lodos,Lodos aceitosos,0.07
Veracruz,Cotaxtla,2024,Petrolífero,Microgenerador,Residuos sólidos,"Estopa, trapo, plásticos, cartón, madera, brochas, papel, cepillo, etc., impregnados con pinturas, grasas, aceites, hidrocarburos",0.05
Veracruz,Cuitláhuac,2024,Petrolífero,Microgenerador,Lodos,Lodos aceitosos,0.06
Veracruz,Cuitláhuac,2024,Petrolífero,Microgenerador,Residuos sólidos,"Estopa, trapo, plásticos, cartón, madera, brochas, papel, cepillo, etc., impregnados con pinturas, grasas, aceites, hidrocarburos",0.04
Veracruz,Chinampa de Gorostiza,2024,Petrolífero,Microgenerador,Lodos,Lodos aceitosos,0.04
Veracruz,Chinampa de Gorostiza,2024,Petrolífero,Microgenerador,Residuos sólidos,"Estopa, trapo, plásticos, cartón, madera, brochas, papel, cepillo, etc., impregnados con pinturas, grasas, aceites, hidrocarburos",0.02
Veracruz,Emiliano Zapata,2024,Petrolífero,Microgenerador,Lodos,Lodos aceitosos,0.2
Veracruz,Emiliano Zapata,2024,Petrolífero,Microgenerador,Residuos sólidos,"Estopa, trapo, plásticos, cartón, madera, brochas, papel, cepillo, etc., impregnados con pinturas, grasas, aceites, hidrocarburos",0.2
Veracruz,Hueyapan de Ocampo,2024,Petrolífero,Microgenerador,Lodos,Lodos aceitosos,0.27
Veracruz,Hueyapan de Ocampo,2024,Petrolífero,Microgenerador,Residuos sólidos,"Estopa, trapo, plásticos, cartón, madera, brochas, papel, cepillo, etc., impregnados con pinturas, grasas, aceites, hidrocarburos",0.13
Veracruz,Jáltipan,2024,Petrolífero,Microgenerador,Lodos,Lodos aceitosos,0.2
Veracruz,Jáltipan,2024,Petrolífero,Microgenerador,Residuos sólidos,"Estopa, trapo, plásticos, cartón, madera, brochas, papel, cepillo, etc., impregnados con pinturas, grasas, aceites, hidrocarburos",0.2
Veracruz,Martínez de la Torre,2024,Petrolífero,Microgenerador,Residuos sólidos,"Estopa, trapo, plásticos, cartón, madera, brochas, papel, cepillo, etc., impregnados con pinturas, grasas, aceites, hidrocarburos",0.12
Veracruz,Mecayapan,2024,Petrolífero,Microgenerador,Lodos,Lodos aceitosos,0.08
Veracruz,Mecayapan,2024,Petrolífero,Microgenerador,Residuos sólidos,"Estopa, trapo, plásticos, cartón, madera, brochas, papel, cepillo, etc., impregnados con pinturas, grasas, aceites, hidrocarburos",0.06
Veracruz,Medellín de Bravo,2024,Petrolífero,Microgenerador,Lodos,Lodos aceitosos,0.18
Veracruz,Medellín de Bravo,2024,Petrolífero,Microgenerador,Residuos sólidos,"Estopa, trapo, plásticos, cartón, madera, brochas, papel, cepillo, etc., impregnados con pinturas, grasas, aceites, hidrocarburos",0.04
Veracruz,Misantla,2024,Petrolífero,Microgenerador,Lodos,Lodos aceitosos,0.04
Veracruz,Misantla,2024,Petrolífero,Microgenerador,Residuos sólidos,"Estopa, trapo, plásticos, cartón, madera, brochas, papel, cepillo, etc., impregnados con pinturas, grasas, aceites, hidrocarburos",0.01
Veracruz,Moloacán,2024,Petrolero,Gran Generador,Aceites gastados,Hidráulicos,1.8
Veracruz,Moloacán,2024,Petrolero,Gran Generador,Aceites gastados,Lubricantes,0.7
Veracruz,Moloacán,2024,Petrolero,Gran Generador,Biológico-infecciosos,Objetos punzocortantes,0.01
Veracruz,Moloacán,2024,Petrolero,Gran Generador,Líquidos de proceso,Líquidos residuales de proceso,3.3
Veracruz,Moloacán,2024,Petrolero,Gran Generador,Líquidos de proceso,Líquidos residuales de proceso,0.3
Veracruz,Moloacán,2024,Petrolero,Gran Generador,Otros,Otros residuos,0.4
Veracruz,Moloacán,2024,Petrolero,Gran Generador,Otros,Otros residuos,0.8
Veracruz,Moloacán,2024,Petrolero,Gran Generador,Otros,Otros residuos,0.3
Veracruz,Moloacán,2024,Petrolero,Gran Generador,Residuos sólidos,"De mantenimiento automotríz, mantenimiento a maquinaria o equipos",1.8
Veracruz,Moloacán,2024,Petrolero,Gran Generador,Residuos sólidos,Otros sólidos,1.1
Veracruz,Pánuco,2024,Petrolífero,Pequeño Generador,Gasolina y otros combustibles,"Gasolina, diesel y naftas gastados o sucios",2.5
Veracruz,Pánuco,2024,Petrolífero,Pequeño Generador,Lodos,Lodos aceitosos,0.09
Veracruz,Pánuco,2024,Petrolífero,Pequeño Generador,Residuos sólidos,"Estopa, trapo, plásticos, cartón, madera, brochas, papel, cepillo, etc., impregnados con pinturas, grasas, aceites, hidrocarburos",0.06
Veracruz,Papantla,2024,Petrolífero,Microgenerador,Lodos,Lodos aceitosos,0.06
Veracruz,Papantla,2024,Petrolífero,Microgenerador,Residuos sólidos,"Estopa, trapo, plásticos, cartón, madera, brochas, papel, cepillo, etc., impregnados con pinturas, grasas, aceites, hidrocarburos",0.18
Veracruz,Poza Rica de Hidalgo,2024,Petrolero,Gran Generador,Agua contaminada,"Agua contaminada con hidrocarburos, combustibles, aceite o grasa",1.5
Veracruz,Poza Rica de Hidalgo,2024,Petrolero,Gran Generador,Residuos sólidos,"Estopa, trapo, plásticos, cartón, madera, brochas, papel, cepillo, etc., impregnados con pinturas, grasas, aceites, hidrocarburos",6.25
Veracruz,Poza Rica de Hidalgo,2024,Petrolífero,Microgenerador,Lodos,Lodos aceitosos,0.04
Veracruz,Poza Rica de Hidalgo,2024,Petrolífero,Microgenerador,Residuos sólidos,"Estopa, trapo, plásticos, cartón, madera, brochas, papel, cepillo, etc., impregnados con pinturas, grasas, aceites, hidrocarburos",0
Veracruz,Puente Nacional,2024,Petrolífero,Pequeño Generador,Aceites gastados,Hidráulicos,0.15
Veracruz,Puente Nacional,2024,Petrolífero,Pequeño Generador,"Baterías, celdas, pilas, balastras","Baterias, pilas, acumuladores, balastras",0.1
Veracruz,Puente Nacional,2024,Petrolífero,Pequeño Generador,Lodos,Lodos aceitosos,1.5
Veracruz,Puente Nacional,2024,Petrolífero,Pequeño Generador,Residuos sólidos,"Estopa, trapo, plásticos, cartón, madera, brochas, papel, cepillo, etc., impregnados con pinturas, grasas, aceites, hidrocarburos",0.5
Veracruz,Puente Nacional,2024,Petrolífero,Pequeño Generador,Residuos sólidos,"Lámparas fluorescentes, lámparas de vapor de mercurio",0.05
Veracruz,Soledad de Doblado,2024,Petrolífero,Pequeño Generador,Aceites gastados,Lubricantes,0.8
Veracruz,Soledad de Doblado,2024,Petrolífero,Pequeño Generador,Agua contaminada,"Agua contaminada con hidrocarburos, combustibles, aceite o grasa",0.4
Veracruz,Soledad de Doblado,2024,Petrolífero,Pequeño Generador,Gasolina y otros combustibles,"Gasolina, diesel y naftas gastados o sucios",0.2
Veracruz,Soledad de Doblado,2024,Petrolífero,Pequeño Generador,Lodos,Lodos aceitosos,0.8
Veracruz,Soledad de Doblado,2024,Petrolífero,Pequeño Generador,Residuos sólidos,"Estopa, trapo, plásticos, cartón, madera, brochas, papel, cepillo, etc., impregnados con pinturas, grasas, aceites, hidrocarburos",0.04
Veracruz,Álamo Temapache,2024,Petrolífero,Microgenerador,Agua contaminada,"Agua contaminada con hidrocarburos, combustibles, aceite o grasa",0.2
Veracruz,Álamo Temapache,2024,Petrolífero,Microgenerador,"Baterías, celdas, pilas, balastras","Baterias, pilas, acumuladores, balastras",0.01
Veracruz,Álamo Temapache,2024,Petrolífero,Microgenerador,Gasolina y otros combustibles,"Gasolina, diesel y naftas gastados o sucios",0.03
Veracruz,Álamo Temapache,2024,Petrolífero,Microgenerador,Lodos,Lodos aceitosos,0.05
Veracruz,Álamo Temapache,2024,Petrolífero,Microgenerador,Residuos sólidos,"Estopa, trapo, plásticos, cartón, madera, brochas, papel, cepillo, etc., impregnados con pinturas, grasas, aceites, hidrocarburos",0.08
Veracruz,Tierra Blanca,2024,Petrolero,Gran Generador,Agua contaminada,"Agua contaminada con hidrocarburos, combustibles, aceite o grasa",1
Veracruz,Tierra Blanca,2024,Petrolero,Gran Generador,Residuos sólidos,"Estopa, trapo, plásticos, cartón, madera, brochas, papel, cepillo, etc., impregnados con pinturas, grasas, aceites, hidrocarburos",1.68
Veracruz,Tierra Blanca,2024,Petrolero,Gran Generador,Residuos sólidos,"Tierra, arena, grava, acerrín impregnados con aceites, grasas o hidrocarburos",0.5
Veracruz,Tlapacoyan,2024,Petrolífero,Pequeño Generador,Aceites gastados,Lubricantes,0.25
Veracruz,Tlapacoyan,2024,Petrolífero,Pequeño Generador,"Baterías, celdas, pilas, balastras","Baterias, pilas, acumuladores, balastras",0.1
Veracruz,Tlapacoyan,2024,Petrolífero,Pequeño Generador,Gasolina y otros combustibles,"Gasolina, diesel y naftas gastados o sucios",1
Veracruz,Tlapacoyan,2024,Petrolífero,Pequeño Generador,Lodos,Lodos aceitosos,1
Veracruz,Tlapacoyan,2024,Petrolífero,Pequeño Generador,Residuos sólidos,"Estopa, trapo, plásticos, cartón, madera, brochas, papel, cepillo, etc., impregnados con pinturas, grasas, aceites, hidrocarburos",2.4
Veracruz,Tlapacoyan,2024,Petrolífero,Pequeño Generador,Residuos sólidos,"Lámparas fluorescentes, lámparas de vapor de mercurio",0.02
Veracruz,Tuxpan,2024,Petrolífero,Microgenerador,Lodos,Lodos aceitosos,0.14
Veracruz,Tuxpan,2024,Petrolífero,Microgenerador,Residuos sólidos,"Estopa, trapo, plásticos, cartón, madera, brochas, papel, cepillo, etc., impregnados con pinturas, grasas, aceites, hidrocarburos",0.03
Veracruz,Veracruz,2024,Petrolífero,Pequeño Generador,"Baterías, celdas, pilas, balastras","Baterias, pilas, acumuladores, balastras",0.03
Veracruz,Veracruz,2024,Petrolífero,Pequeño Generador,Lodos,Lodos aceitosos,0.23
Veracruz,Veracruz,2024,Petrolífero,Pequeño Generador,Residuos sólidos,"Estopa, trapo, plásticos, cartón, madera, brochas, papel, cepillo, etc., impregnados con pinturas, grasas, aceites, hidrocarburos",0.22
Veracruz,Agua Dulce,2024,Petrolero,Gran Generador,Residuos sólidos,"Estopa, trapo, plásticos, cartón, madera, brochas, papel, cepillo, etc., impregnados con pinturas, grasas, aceites, hidrocarburos",0.36
Yucatán,Sin Dato,2017,Petrolero,Microgenerador,Aceites gastados,Lubricantes,0.67
Yucatán,Sin Dato,2017,Petrolero,Microgenerador,Liquidos de proceso,"Agua contaminada con hidrocarburos, combustibles, aceite o grasa",0.6
Yucatán,Sin Dato,2017,Petrolero,Microgenerador,Lodos aceitosos,"Con contaminacion de hidrocarburos, combustibles, aceite",0.62
Yucatán,Sin Dato,2017,Petrolero,Microgenerador,Lodos aceitosos,"Lodos residuales de proceso, de tratamiento de aguas residuales",0.03
Yucatán,Sin Dato,2017,Petrolero,Microgenerador,Lodos aceitosos,Otros lodos,5.71
Yucatán,Sin Dato,2017,Petrolero,Microgenerador,Residuos solidos,"Botes o recipientes que contuvieron contaminantes diversos, latas de pintura, aerosoles",0.08
Yucatán,Sin Dato,2017,Petrolero,Microgenerador,Residuos solidos,"Estopa, trapo, plasticos, carton, madera, brochas, papel, cepillo, etc., impregnados con pinturas, grasas, aceites, hidrocarburos",0.54
Yucatán,Sin Dato,2017,Petrolero,Pequeno Generador,Aceites gastados,Lubricantes,2
Yucatán,Sin Dato,2017,Petrolero,Pequeno Generador,Liquidos de proceso,"Agua contaminada con hidrocarburos, combustibles, aceite o grasa",3.26
Yucatán,Sin Dato,2017,Petrolero,Pequeno Generador,Lodos aceitosos,Lodos procedentes de trampas de grasas e hidrocarburos,1
Yucatán,Sin Dato,2017,Petrolero,Pequeno Generador,Lodos aceitosos,Otros lodos,0.82
Yucatán,Sin Dato,2017,Petrolero,Pequeno Generador,Residuos solidos,"Botes o recipientes que contuvieron contaminantes diversos, latas de pintura, aerosoles",0.3
Yucatán,Sin Dato,2017,Petrolero,Pequeno Generador,Residuos solidos,De mantenimiento automotríz,0.6
Yucatán,Sin Dato,2017,Petrolero,Pequeno Generador,Residuos solidos,"Estopa, trapo, plasticos, carton, madera, brochas, papel, cepillo, etc., impregnados con pinturas, grasas, aceites, hidrocarburos",0.8
Yucatán,Sin Dato,2017,Petrolero,Pequeno Generador,Residuos solidos,Otros solidos,0.1
Yucatán,Sin Dato,2017,Petroleo y petroquimica,Gran Generador,Aceites gastados,Lubricantes,5.25
Yucatán,Sin Dato,2017,Petroleo y petroquimica,Gran Generador,"Baterias, celdas y pilas","Pilas, baterias, acumuladores, celdas de desecho: niquel-cadmio, plomo, mercurio",1.5
Yucatán,Sin Dato,2017,Petroleo y petroquimica,Gran Generador,Biológico-infecciosos,No especificado,0
Yucatán,Sin Dato,2017,Petroleo y petroquimica,Gran Generador,Lodos,Lodos provenientes de tanques de almacenaniento,17
Yucatán,Sin Dato,2017,Petroleo y petroquimica,Gran Generador,Lodos,"Lodos residuales de proceso, de tratamiento de aguas residuales",1
Yucatán,Sin Dato,2017,Petroleo y petroquimica,Gran Generador,Lodos aceitosos,"Con contaminacion de hidrocarburos, combustibles, aceite",7
Yucatán,Sin Dato,2017,Petroleo y petroquimica,Gran Generador,Pinturas y productos relacionados,"Residuos de pinturas, pinturas caducadas",0.65
Yucatán,Sin Dato,2017,Petroleo y petroquimica,Gran Generador,Residuos Liquidos,"Residuos de sustancias contaminantes (hidrocarburos, combustibles, aceites, grasas, pinturas)",0.5
Yucatán,Sin Dato,2017,Petroleo y petroquimica,Gran Generador,Residuos solidos,Balastras,0.35
Yucatán,Sin Dato,2017,Petroleo y petroquimica,Gran Generador,Residuos solidos,"Botes o recipientes que contuvieron contaminantes diversos, latas de pintura, aerosoles",0.75
Yucatán,Sin Dato,2017,Petroleo y petroquimica,Gran Generador,Residuos solidos,"Estopa, trapo, plasticos, carton, madera, brochas, papel, cepillo, etc., impregnados con pinturas, grasas, aceites, hidrocarburos",11.35
Yucatán,Sin Dato,2018,Petrolifero,Microgenerador,Aceites gastados (Hidraulicos),Aceite gastado hidraulico,0.05
Yucatán,Sin Dato,2018,Petrolifero,Microgenerador,Aceites gastados (Lubricantes),Aceites gastados lubricantes,0.65
Yucatán,Sin Dato,2018,Petrolifero,Microgenerador,Lamparas fluorescentes y de vapor de mercurio,Lamparas fluorescentes y de vapor de mercurio,0.32
Yucatán,Sin Dato,2018,Petrolifero,Microgenerador,Liquidos residuales de proceso no corrosivos,Agua con hidrocaruros,0.75
Yucatán,Sin Dato,2018,Petrolifero,Microgenerador,Lodos Contaminados con Hidrocarburos,Lodos aceitosos,4.89
Yucatán,Sin Dato,2018,Petrolifero,Microgenerador,Solidos contaminados con hidrocarburos diversos,"Filtros, mangueras, envases, botes, cubetas, contenedores, trapos, guantes, carton, aserrin, material absorbente,Estopas y trapos impregnados con combustible, Envases vacios impregnados de aceite",2.48
Yucatán,Sin Dato,2018,Petrolifero,Pequeno generador,Aceites gastados (Lubricantes),Aceites gastados lubricantes,0.84
Yucatán,Sin Dato,2018,Petrolifero,Pequeno generador,Baterias alcalinas,Pilas alcalinas,0
Yucatán,Sin Dato,2018,Petrolifero,Pequeno generador,Filtro de aire o aceite contaminados,Filtros de aire usados,0.18
Yucatán,Sin Dato,2018,Petrolifero,Pequeno generador,Lamparas fluorescentes y de vapor de mercurio,Lamparas fluorescentes y de vapor de mercurio,0
Yucatán,Sin Dato,2018,Petrolifero,Pequeno generador,Liquidos residuales de proceso no corrosivos,Agua con hidrocaruros,0.4
Yucatán,Sin Dato,2018,Petrolifero,Pequeno generador,Lodos Contaminados con Hidrocarburos,Lodos aceitosos,12.7
Yucatán,Sin Dato,2018,Petrolifero,Pequeno generador,Pilas o Baterias con Litio o Cadmio,Pilas Niquel-Cadmio,0.02
Yucatán,Sin Dato,2018,Petrolifero,Pequeno generador,Solidos contaminados con hidrocarburos diversos,"Filtros, mangueras, envases, botes, cubetas, contenedores, trapos, guantes, carton, aserrin, material absorbente,Estopas y trapos impregnados con combustible, Envases vacios impregnados de aceite",0.98
Yucatán,Sin Dato,2018,Petrolifero,Microgenerador,Aceites gastados,Aceites gastados lubricantes,0
Yucatán,Sin Dato,2018,Petrolifero,Microgenerador,Pinturas y productos relacionados,Felpas impregnadas de pigmentos de cromo y plomo,0.01
Yucatán,Sin Dato,2018,Petrolifero,Microgenerador,Pinturas y productos relacionados,Residuos de pigmentos base cromo y base plomo,0.01
Yucatán,Sin Dato,2018,Petrolifero,Microgenerador,Solidos,Solidos con metales pesados,0
Yucatán,Sin Dato,2018,Petrolifero,Microgenerador,Solidos,Solidos de mantenimiento automotriz,0
Yucatán,Sin Dato,2018,Petrolifero,Microgenerador,Solidos,Solidos otros,0
Yucatán,Sin Dato,2018,Petrolero,Microgenerador,Aceites gastados,Aceites gastados lubricantes,0
Yucatán,Sin Dato,2018,Petrolero,Microgenerador,Pinturas y productos relacionados,Felpas impregnadas de pigmentos de cromo y plomo,0.01
Yucatán,Sin Dato,2018,Petrolero,Microgenerador,Pinturas y productos relacionados,Residuos de pigmentos base cromo y base plomo,0.01
Yucatán,Sin Dato,2018,Petrolero,Microgenerador,Solidos,Solidos con metales pesados,0
Yucatán,Sin Dato,2018,Petrolero,Microgenerador,Solidos,Solidos de mantenimiento automotriz,0
Yucatán,Sin Dato,2018,Petrolero,Microgenerador,Solidos,Solidos otros,0
Yucatán,Sin Dato,2019,Petrolero,Microgenerador,Aceites gastados,Lubricantes,0
Yucatán,Sin Dato,2019,Petrolero,Microgenerador,ACEITES GASTADOS,ACEITES GASTADOS LUBRICANTES,0.0045
Yucatán,Sin Dato,2019,Petrolero,Microgenerador,PINTURAS Y PRODUCTOS RELACIONADOS,RESIDUOS DE PIGMENTOS BASE CROMO Y BASE PLOMO,0.001
Yucatán,Sin Dato,2019,Petrolero,Microgenerador,PINTURAS Y PRODUCTOS RELACIONADOS,FELPAS IMPREGNADAS DE PIGMENTOS DE CROMO Y PLOMO,0.001
Yucatán,Sin Dato,2019,Petrolero,Microgenerador,Pinturas y productos relacionados,"Estopa, trapo, plásticos, cartón, madera, brochas, papel, cepillo, etc., impregnados con pinturas, grasas, aceites, hidrocarburos",0
Yucatán,Sin Dato,2019,Petrolero,Microgenerador,Pinturas y productos relacionados,Residuos de pigmentos base cromo y base plomo,0
Yucatán,Sin Dato,2019,Petrolero,Microgenerador,solidos,solidos OTROS (CARTUCHOS INTERNOS DE FILTROS IMPREGNADOS CON HOLLÍN Y ACEITE LUBRICANTE GASTADO.),0.002
Yucatán,Sin Dato,2019,Petrolero,Microgenerador,solidos,solidos CON METALES PESADOS,0.052
Yucatán,Sin Dato,2019,Petrolero,Microgenerador,solidos,solidos DE MANTENIMIENTO AUTOMOTRIZ,0.0155
Yucatán,Sin Dato,2019,Petrolero,Microgenerador,Residuos solidos,Con metales pesados,0
Yucatán,Sin Dato,2019,Petrolero,Microgenerador,Residuos solidos,De mantenimiento automotríz,0
Yucatán,Sin Dato,2019,Petrolero,Microgenerador,Residuos solidos,Otros solidos,0
Yucatán,Sin Dato,2019,Petrolero,Microgenerador,Residuos solidos,solidos OTROS (FELPAS IMPREGNADAS DE PIGMENTOS DE CROMO Y PLOMO),0.009
Yucatán,Sin Dato,2019,Petrolero,Microgenerador,Residuos solidos,solidos OTROS (baterias ALCALINAS USADAS),0.005
Yucatán,Sin Dato,2019,Petrolero,Microgenerador,Residuos solidos,"solidos OTROS (SUELO CONTAMINADO CON ACEITE LUBRICANTE GASTADO, DIÉSEL, GASOLINA)",0.007
Yucatán,Sin Dato,2019,Petrolero,Microgenerador,solidos,solidos OTROS (SUELO CONTAMINADO CON ACEITE LUBRICANTE GASTADO),0.001
Yucatán,Sin Dato,2019,Petrolero,Microgenerador,OTROS,OTROS (RESIDUOS DE PIGMENTOS BASE CROMO Y BASE PLOMO),0.007
Yucatán,Sin Dato,2019,Petrolifero,Microgenerador,Aceites gastados,hidraulicos,0
Yucatán,Sin Dato,2019,Petrolifero,Microgenerador,Aceites gastados,Lubricantes,0
Yucatán,Sin Dato,2019,Petrolifero,Microgenerador,Aceites gastados,Lubricantes,0
Yucatán,Sin Dato,2019,Petrolifero,Microgenerador,Liquidos de proceso,Liquidos con residuos de hidrocarburos,0
Yucatán,Sin Dato,2019,Petrolifero,Microgenerador,Lodos,Lodos aceitosos,0
Yucatán,Sin Dato,2019,Petrolifero,Microgenerador,Pinturas y productos relacionados,"Estopa, trapo, plásticos, cartón, madera, brochas, papel, cepillo, etc., impregnados con pinturas, grasas, aceites, hidrocarburos",0
Yucatán,Sin Dato,2019,Petrolifero,Microgenerador,Pinturas y productos relacionados,Residuos de pigmentos base cromo y base plomo,0
Yucatán,Sin Dato,2019,Petrolifero,Microgenerador,Residuos solidos,Con metales pesados,0
Yucatán,Sin Dato,2019,Petrolifero,Microgenerador,Residuos solidos,De mantenimiento automotríz,0
Yucatán,Sin Dato,2019,Petrolifero,Microgenerador,Residuos solidos,"Estopa, trapo, plásticos, cartón, madera, brochas, papel, cepillo, etc., impregnados con pinturas, grasas, aceites, hidrocarburos",0
Yucatán,Sin Dato,2019,Petrolifero,Microgenerador,Residuos solidos,Lámpara fluorescentes,0
Yucatán,Sin Dato,2019,Petrolifero,Microgenerador,Residuos solidos,Otros solidos,0
Yucatán,Sin Dato,2019,Petrolifero,Pequeno Generador,Aceites gastados,Lubricantes,0
Yucatán,Sin Dato,2019,Petrolifero,Pequeno Generador,"Baterias, celdas y pilas",Pilas alcalinas,0
Yucatán,Sin Dato,2019,Petrolifero,Pequeno Generador,"Baterias, celdas y pilas",Pilas o baterias de Niquel - Cadmio,0
Yucatán,Sin Dato,2019,Petrolifero,Pequeno Generador,Liquidos de proceso,Liquidos con residuos de hidrocarburos,0
Yucatán,Sin Dato,2019,Petrolifero,Pequeno Generador,Lodos,Lodos aceitosos,0
Yucatán,Sin Dato,2019,Petrolifero,Pequeno Generador,Residuos solidos,"Estopa, trapo, plásticos, cartón, madera, brochas, papel, cepillo, etc., impregnados con pinturas, grasas, aceites, hidrocarburos",0
Yucatán,Sin Dato,2019,Petrolifero,Pequeno Generador,Residuos solidos,Filtro de aire o de aceite contaminados,0
Yucatán,Sin Dato,2019,Petrolifero,Pequeno Generador,Residuos solidos,Lámpara fluorescentes,0
Yucatán,Sin Dato,2020,Petrolero,Microgenerador,Aceites gastados,Lubricantes,0
Yucatán,Sin Dato,2020,Petrolero,Microgenerador,Otros,Residuos de pigmentos base cromo y base plomo,0
Yucatán,Sin Dato,2020,Petrolero,Microgenerador,Pinturas y productos relacionados,Felpas impregnadas de pigmentos de cromo y plomo,0
Yucatán,Sin Dato,2020,Petrolero,Microgenerador,Pinturas y productos relacionados,Residuos de pigmentos base cromo y base plomo,0
Yucatán,Sin Dato,2020,Petrolero,Microgenerador,Residuos sólidos,Con metales pesados,0
Yucatán,Sin Dato,2020,Petrolero,Microgenerador,Residuos sólidos,De mantenimiento automotríz,0
Yucatán,Sin Dato,2020,Petrolero,Microgenerador,Residuos sólidos,Felpas impregnadas de pigmentos de cromo y plomo,0
Yucatán,Sin Dato,2020,Petrolero,Microgenerador,Residuos sólidos,"Filtro de aire o de aceite contaminados, cartuchos de filtros impregnados de hollín o aceite lubricante gastado",0
Yucatán,Sin Dato,2020,Petrolero,Microgenerador,Residuos sólidos,Pilas alcalinas,0
Yucatán,Sin Dato,2020,Petrolero,Microgenerador,Residuos sólidos,Suelo contaminado con aceites o combustibles,0
Yucatán,Sin Dato,2020,Petrolifero,Microgenerador,Aceites lubricantes,Aceites gastados lubricantes,0.05
Yucatán,Sin Dato,2020,Petrolifero,Microgenerador,Líquidos de proceso,Aguas aceitosas,0.13
Yucatán,Sin Dato,2020,Petrolifero,Microgenerador,Lodos,Lodos aceitosos,2.525
Yucatán,Sin Dato,2020,Petrolifero,Microgenerador,Residuos sólidos,"Estopa, trapo, plásticos, cartón, madera, brochas, papel, cepillo, etc., impregnados con pinturas, grasas, aceites, hidrocarburos",2.622
Yucatán,Sin Dato,2020,Petrolifero,Pequeno Generador,Aceites hidraúlicos,Aceites gastados hidráulicos,0.15
Yucatán,Sin Dato,2020,Petrolifero,Pequeno Generador,Aceites lubricantes,Aceites gastados lubricantes,1.126
Yucatán,Sin Dato,2020,Petrolifero,Pequeno Generador,Líquidos de proceso,Aguas aceitosas,0.63
Yucatán,Sin Dato,2020,Petrolifero,Pequeno Generador,"Baterias, pilas y balastras","Baterias, pilas y balastras",0.0012
Yucatán,Sin Dato,2020,Petrolifero,Pequeno Generador,Lámparas fluorescentes y de vapor de mercurio,Lámparas fluorescentes y de vapor de mercurio,0.0058
Yucatán,Sin Dato,2020,Petrolifero,Pequeno Generador,Lodos,Lodos aceitosos,0.6
Yucatán,Sin Dato,2020,Petrolifero,Pequeno Generador,Residuos sólidos,"Estopa, trapo, plásticos, cartón, madera, brochas, papel, cepillo, etc., impregnados con pinturas, grasas, aceites, hidrocarburos",5.8729
Yucatán,Sin Dato,2020,Petrolifero,Pequeno Generador,Solventes,Solventes,0.55
Yucatán,Sin Dato,2021,Petrolero,Microgenerador,"baterias, celdas y pilas",Pilas alcalinas,0.01
Yucatán,Sin Dato,2021,Petrolero,Microgenerador,Pinturas y productos relacionados,Residuos de pigmentos base cromo y base plomo,0.01
Yucatán,Sin Dato,2021,Petrolero,Microgenerador,Residuos solidos,Con metales pesados,0.05
Yucatán,Sin Dato,2021,Petrolero,Microgenerador,Residuos solidos,"De mantenimiento automotríz, mantenimiento a maquinaria o equipos",0.02
Yucatán,Sin Dato,2021,Petrolero,Microgenerador,Residuos solidos,Felpas impregnadas de pigmentos de cromo y plomo,0.01
Yucatán,Sin Dato,2021,Petrolero,Microgenerador,Residuos solidos,"Tierra, arena, grava, acerrín impregnados con aceites, grasas o hidrocarburos",0.01
Yucatán,Sin Dato,2021,Petrolifero,Microgenerador,Aceites gastados,Lubricantes,0.05
Yucatán,Sin Dato,2021,Petrolifero,Microgenerador,Otros,"Agua oleosa, agua contaminada",0.13
Yucatán,Sin Dato,2021,Petrolifero,Microgenerador,Residuos solidos,"Estopa, trapo, plásticos, cartón, madera, brochas, papel, cepillo, etc., impregnados con pinturas, grasas, aceites, hidrocarburos",2.62
Yucatán,Sin Dato,2021,Petrolifero,Microgenerador,Lodos,Lodos aceitosos,2.53
Yucatán,Sin Dato,2021,Petrolifero,Pequeno Generador,Aceites gastados,hidraulicos,0.15
Yucatán,Sin Dato,2021,Petrolifero,Pequeno Generador,Aceites gastados,Lubricantes,1.13
Yucatán,Sin Dato,2021,Petrolifero,Pequeno Generador,"baterias, celdas y pilas","Baterias, pilas y balastras",0
Yucatán,Sin Dato,2021,Petrolifero,Pequeno Generador,Otros,"Agua oleosa, agua contaminada",0.63
Yucatán,Sin Dato,2021,Petrolifero,Pequeno Generador,Residuos solidos,"Estopa, trapo, plásticos, cartón, madera, brochas, papel, cepillo, etc., impregnados con pinturas, grasas, aceites, hidrocarburos",5.87
Yucatán,Sin Dato,2021,Petrolifero,Pequeno Generador,Residuos solidos,"Lámparas fluorescentes, lámparas de vapor de mercurio",0.01
Yucatán,Sin Dato,2021,Petrolifero,Pequeno Generador,Solventes,Solventes orgánicos usados,0.55
Yucatán,Sin Dato,2021,Petrolifero,Pequeno Generador,Lodos,Lodos aceitosos,0.6
Yucatán,Akil,2022,Petrolífero,Pequeño Generador,Aceites gastados,Lubricantes,0.05
Yucatán,Akil,2022,Petrolífero,Pequeño Generador,Lodos,Lodos aceitosos,0.2
Yucatán,Akil,2022,Petrolífero,Pequeño Generador,Residuos sólidos,"Estopa, trapo, plásticos, cartón, madera, brochas, papel, cepillo, etc., impregnados con pinturas, grasas, aceites, hidrocarburos",0.59
Yucatán,Celestún,2022,Petrolífero,Microgenerador,Lodos,Lodos aceitosos,0.05
Yucatán,Celestún,2022,Petrolífero,Microgenerador,Residuos sólidos,"Estopa, trapo, plásticos, cartón, madera, brochas, papel, cepillo, etc., impregnados con pinturas, grasas, aceites, hidrocarburos",0.05
Yucatán,Dzidzantún,2022,Petrolífero,Microgenerador,Lodos,Lodos aceitosos,0.2
Yucatán,Dzidzantún,2022,Petrolífero,Microgenerador,Residuos sólidos,"Estopa, trapo, plásticos, cartón, madera, brochas, papel, cepillo, etc., impregnados con pinturas, grasas, aceites, hidrocarburos",0.08
Yucatán,Hoctún,2022,Petrolífero,Microgenerador,Residuos sólidos,"Estopa, trapo, plásticos, cartón, madera, brochas, papel, cepillo, etc., impregnados con pinturas, grasas, aceites, hidrocarburos",0.06
Yucatán,Hunucmá,2022,Petrolífero,Microgenerador,Lodos,Lodos aceitosos,0.05
Yucatán,Hunucmá,2022,Petrolífero,Microgenerador,Residuos sólidos,"Estopa, trapo, plásticos, cartón, madera, brochas, papel, cepillo, etc., impregnados con pinturas, grasas, aceites, hidrocarburos",0.05
Yucatán,Izamal,2022,Petrolífero,Pequeño Generador,Aceites gastados,Lubricantes,0.05
Yucatán,Izamal,2022,Petrolífero,Pequeño Generador,Lodos,Lodos aceitosos,0.2
Yucatán,Izamal,2022,Petrolífero,Pequeño Generador,Residuos sólidos,"Estopa, trapo, plásticos, cartón, madera, brochas, papel, cepillo, etc., impregnados con pinturas, grasas, aceites, hidrocarburos",0.59
Yucatán,Kanasín,2022,Petrolero,Microgenerador,Aceites gastados,Lubricantes,0
Yucatán,Kanasín,2022,Petrolero,Microgenerador,Residuos sólidos,Con metales pesados,0
Yucatán,Kanasín,2022,Petrolero,Microgenerador,Residuos sólidos,"De mantenimiento automotríz, mantenimiento a maquinaria o equipos",0
Yucatán,Kanasín,2022,Petrolero,Microgenerador,Residuos sólidos,"De mantenimiento automotríz, mantenimiento a maquinaria o equipos",0
Yucatán,Kanasín,2022,Petrolero,Microgenerador,Residuos sólidos,Otros sólidos,0
Yucatán,Kanasín,2022,Petrolero,Microgenerador,Residuos sólidos,Otros sólidos,0
Yucatán,Kanasín,2022,Petrolero,Microgenerador,Residuos sólidos,Tortas de filtrado,0
Yucatán,Mérida,2022,Petrolero,Microgenerador,Aceites gastados,Lubricantes,0.01
Yucatán,Mérida,2022,Petrolero,Microgenerador,Aceites gastados,Lubricantes,0
Yucatán,Mérida,2022,Petrolero,Microgenerador,Agua contaminada,"Agua contaminada con hidrocarburos, combustibles, aceite o grasa",0.33
Yucatán,Mérida,2022,Petrolero,Microgenerador,Lodos,Lodos aceitosos,0.55
Yucatán,Mérida,2022,Petrolero,Microgenerador,Otros,Otros residuos,0
Yucatán,Mérida,2022,Petrolero,Microgenerador,Residuos sólidos,Con metales pesados,0.01
Yucatán,Mérida,2022,Petrolero,Microgenerador,Residuos sólidos,"De mantenimiento automotríz, mantenimiento a maquinaria o equipos",0.01
Yucatán,Mérida,2022,Petrolero,Microgenerador,Residuos sólidos,"Estopa, trapo, plásticos, cartón, madera, brochas, papel, cepillo, etc., impregnados con pinturas, grasas, aceites, hidrocarburos",0.55
Yucatán,Mérida,2022,Petrolero,Microgenerador,Residuos sólidos,Otros sólidos,0
Yucatán,Mérida,2022,Petrolero,Microgenerador,Residuos sólidos,Otros sólidos,0.01
Yucatán,Mérida,2022,Petrolero,Microgenerador,Residuos sólidos,Otros sólidos,0.01
Yucatán,Mérida,2022,Petrolero,Microgenerador,Residuos sólidos,Tortas de filtrado,0
Yucatán,Mérida,2022,Petrolero,Pequeño Generador,Aceites gastados,Lubricantes,0.06
Yucatán,Mérida,2022,Petrolero,Pequeño Generador,Agua contaminada,"Agua contaminada con hidrocarburos, combustibles, aceite o grasa",5
Yucatán,Mérida,2022,Petrolero,Pequeño Generador,Lodos,Lodos aceitosos,0.2
Yucatán,Mérida,2022,Petrolero,Pequeño Generador,Residuos sólidos,"Estopa, trapo, plásticos, cartón, madera, brochas, papel, cepillo, etc., impregnados con pinturas, grasas, aceites, hidrocarburos",0.7
Yucatán,Mérida,2022,Petrolero,Gran Generador,Aceites gastados,Lubricantes,10
Yucatán,Mérida,2022,Petrolero,Gran Generador,Biológico-infecciosos,Objetos punzocortantes,0.02
Yucatán,Mérida,2022,Petrolero,Gran Generador,Biológico-infecciosos,Residuos no anatómicos,0.02
Yucatán,Mérida,2022,Petrolero,Gran Generador,Otros,Otros residuos,10.7
Yucatán,Mérida,2022,Petrolero,Gran Generador,Otros,Otros residuos,12
Yucatán,Mérida,2022,Petrolero,Gran Generador,Otros,Otros residuos,1
Yucatán,Mérida,2022,Petrolero,Gran Generador,Otros,Otros residuos,12
Yucatán,Mérida,2022,Petrolero,Gran Generador,Residuos sólidos,Otros sólidos,1.1
Yucatán,Panabá,2022,Petrolero,Microgenerador,Lodos,Lodos aceitosos,0.06
Yucatán,Panabá,2022,Petrolero,Microgenerador,Residuos sólidos,"Estopa, trapo, plásticos, cartón, madera, brochas, papel, cepillo, etc., impregnados con pinturas, grasas, aceites, hidrocarburos",0.06
Yucatán,Progreso,2022,Petrolero,Pequeño Generador,Aceites gastados,Lubricantes,0.05
Yucatán,Progreso,2022,Petrolero,Pequeño Generador,Lodos,Lodos aceitosos,0.2
Yucatán,Progreso,2022,Petrolero,Pequeño Generador,Residuos sólidos,"Estopa, trapo, plásticos, cartón, madera, brochas, papel, cepillo, etc., impregnados con pinturas, grasas, aceites, hidrocarburos",0.59
Yucatán,Buctzotz,2023,Petrolífero,Microgenerador,Lodos,Lodos aceitosos,0.19
Yucatán,Buctzotz,2023,Petrolífero,Microgenerador,Residuos sólidos,"Estopa, trapo, plásticos, cartón, madera, brochas, papel, cepillo, etc., impregnados con pinturas, grasas, aceites, hidrocarburos",0.2
Yucatán,Kanasín,2023,Petrolífero,Microgenerador,Lodos,Lodos aceitosos,0.19
Yucatán,Kanasín,2023,Petrolífero,Microgenerador,Residuos sólidos,"Estopa, trapo, plásticos, cartón, madera, brochas, papel, cepillo, etc., impregnados con pinturas, grasas, aceites, hidrocarburos",0.2
Yucatán,Mérida,2023,Petrolífero,Microgenerador,"Gasolina, diésel y naftas gastados o sucios provenientes de estaciones de servicio y talleres automotrices","Gasolina, diesel y naftas gastados o sucios",0.2
Yucatán,Mérida,2023,Petrolífero,Microgenerador,Lodos,Lodos aceitosos,0.59
Yucatán,Mérida,2023,Petrolífero,Microgenerador,Residuos sólidos,"Estopa, trapo, plásticos, cartón, madera, brochas, papel, cepillo, etc., impregnados con pinturas, grasas, aceites, hidrocarburos",0.51
Yucatán,Mérida,2023,Petrolífero,Pequeño Generador,Aceites gastados,Lubricantes,2
Yucatán,Motul,2023,Petrolífero,Microgenerador,"Gasolina, diésel y naftas gastados o sucios provenientes de estaciones de servicio y talleres automotrices","Gasolina, diesel y naftas gastados o sucios",0.1
Yucatán,Motul,2023,Petrolífero,Microgenerador,Lodos,Lodos aceitosos,0.2
Yucatán,Motul,2023,Petrolífero,Microgenerador,Residuos sólidos,"Estopa, trapo, plásticos, cartón, madera, brochas, papel, cepillo, etc., impregnados con pinturas, grasas, aceites, hidrocarburos",0.1
Yucatán,Muna,2023,Petrolífero,Microgenerador,"Gasolina, diésel y naftas gastados o sucios provenientes de estaciones de servicio y talleres automotrices","Gasolina, diesel y naftas gastados o sucios",0.1
Yucatán,Muna,2023,Petrolífero,Microgenerador,Lodos,Lodos aceitosos,0.18
Yucatán,Muna,2023,Petrolífero,Microgenerador,Residuos sólidos,"Estopa, trapo, plásticos, cartón, madera, brochas, papel, cepillo, etc., impregnados con pinturas, grasas, aceites, hidrocarburos",0.12
Yucatán,Ticul,2023,Petrolífero,Microgenerador,Lodos,Lodos aceitosos,0.19
Yucatán,Ticul,2023,Petrolífero,Microgenerador,Residuos sólidos,"Estopa, trapo, plásticos, cartón, madera, brochas, papel, cepillo, etc., impregnados con pinturas, grasas, aceites, hidrocarburos",0.2
Yucatán,Tizimín,2023,Petrolífero,Pequeño Generador,Lodos,Lodos aceitosos,0.8
Yucatán,Tizimín,2023,Petrolífero,Pequeño Generador,Residuos sólidos,"Estopa, trapo, plásticos, cartón, madera, brochas, papel, cepillo, etc., impregnados con pinturas, grasas, aceites, hidrocarburos",0.2
Yucatán,Umán,2023,Petrolífero,Microgenerador,"Baterías, celdas y pilas","Baterias, pilas y balastras",0
Yucatán,Umán,2023,Petrolífero,Microgenerador,Residuos sólidos,"Estopa, trapo, plásticos, cartón, madera, brochas, papel, cepillo, etc., impregnados con pinturas, grasas, aceites, hidrocarburos",0.12
Yucatán,Umán,2023,Petrolífero,Microgenerador,Residuos sólidos,"Lámparas fluorescentes, lámparas de vapor de mercurio",0.02
Yucatán,Umán,2023,Petrolífero,Gran Generador,Agua contaminada,"Agua contaminada con hidrocarburos, combustibles, aceite o grasa",4.13
Yucatán,Umán,2023,Petrolífero,Gran Generador,Residuos sólidos,"Estopa, trapo, plásticos, cartón, madera, brochas, papel, cepillo, etc., impregnados con pinturas, grasas, aceites, hidrocarburos",7.83
Yucatán,Valladolid,2023,Petrolífero,Microgenerador,Lodos,Lodos aceitosos,0.14
Yucatán,Valladolid,2023,Petrolífero,Microgenerador,Residuos sólidos,"Estopa, trapo, plásticos, cartón, madera, brochas, papel, cepillo, etc., impregnados con pinturas, grasas, aceites, hidrocarburos",0.25
Yucatán,Valladolid,2023,Petrolífero,Pequeño Generador,Aceites gastados,Lubricantes,0.05
Yucatán,Valladolid,2023,Petrolífero,Pequeño Generador,Lodos,Lodos aceitosos,0.2
Yucatán,Valladolid,2023,Petrolífero,Pequeño Generador,Residuos sólidos,"Estopa, trapo, plásticos, cartón, madera, brochas, papel, cepillo, etc., impregnados con pinturas, grasas, aceites, hidrocarburos",0.59
Yucatán,Akil,2024,Petrolífero,Microgenerador,Lodos,Lodos aceitosos,0.19
Yucatán,Akil,2024,Petrolífero,Microgenerador,Residuos sólidos,"Estopa, trapo, plásticos, cartón, madera, brochas, papel, cepillo, etc., impregnados con pinturas, grasas, aceites, hidrocarburos",0.2
Yucatán,Kanasín,2024,Petrolífero,Microgenerador,Gasolina y otros combustibles,"Gasolina, diesel y naftas gastados o sucios",0.1
Yucatán,Kanasín,2024,Petrolífero,Microgenerador,Lodos,Lodos aceitosos,0.18
Yucatán,Kanasín,2024,Petrolífero,Microgenerador,Residuos sólidos,"Estopa, trapo, plásticos, cartón, madera, brochas, papel, cepillo, etc., impregnados con pinturas, grasas, aceites, hidrocarburos",0.12
Yucatán,Mérida,2024,Petrolífero,Microgenerador,Agua contaminada,"Agua contaminada con hidrocarburos, combustibles, aceite o grasa",0.2
Yucatán,Mérida,2024,Petrolífero,Microgenerador,Gasolina y otros combustibles,"Gasolina, diesel y naftas gastados o sucios",0.6
Yucatán,Mérida,2024,Petrolífero,Microgenerador,Lodos,Lodos aceitosos,0.77
Yucatán,Mérida,2024,Petrolífero,Microgenerador,Residuos sólidos,"Estopa, trapo, plásticos, cartón, madera, brochas, papel, cepillo, etc., impregnados con pinturas, grasas, aceites, hidrocarburos",0.63
Yucatán,Mérida,2024,Petrolífero,Pequeño Generador,Aceites gastados,Lubricantes,0.05
Yucatán,Mérida,2024,Petrolífero,Pequeño Generador,Lodos,Lodos aceitosos,0.2
Yucatán,Mérida,2024,Petrolífero,Pequeño Generador,Residuos sólidos,"Estopa, trapo, plásticos, cartón, madera, brochas, papel, cepillo, etc., impregnados con pinturas, grasas, aceites, hidrocarburos",0.59
Yucatán,Progreso,2024,Petrolífero,Pequeño Generador,Aceites gastados,Hidráulicos,5
Yucatán,Progreso,2024,Petrolífero,Pequeño Generador,Residuos sólidos,"Estopa, trapo, plásticos, cartón, madera, brochas, papel, cepillo, etc., impregnados con pinturas, grasas, aceites, hidrocarburos",2.2
Yucatán,Tekax,2024,Petrolífero,Pequeño Generador,Aceites gastados,Lubricantes,0.05
Yucatán,Tekax,2024,Petrolífero,Pequeño Generador,Lodos,Lodos aceitosos,0.2
Yucatán,Tekax,2024,Petrolífero,Pequeño Generador,Residuos sólidos,"Estopa, trapo, plásticos, cartón, madera, brochas, papel, cepillo, etc., impregnados con pinturas, grasas, aceites, hidrocarburos",0.59
Yucatán,Telchac Pueblo,2024,Petrolífero,Microgenerador,Gasolina y otros combustibles,"Gasolina, diesel y naftas gastados o sucios",0.1
Yucatán,Telchac Pueblo,2024,Petrolífero,Microgenerador,Lodos,Lodos aceitosos,0.18
Yucatán,Telchac Pueblo,2024,Petrolífero,Microgenerador,Residuos sólidos,"Estopa, trapo, plásticos, cartón, madera, brochas, papel, cepillo, etc., impregnados con pinturas, grasas, aceites, hidrocarburos",0.12
Yucatán,Tinum,2024,Petrolífero,Pequeño Generador,Aceites gastados,Hidráulicos,0.05
Yucatán,Tinum,2024,Petrolífero,Pequeño Generador,Lodos,Lodos aceitosos,0.2
Yucatán,Tinum,2024,Petrolífero,Pequeño Generador,Residuos sólidos,"Estopa, trapo, plásticos, cartón, madera, brochas, papel, cepillo, etc., impregnados con pinturas, grasas, aceites, hidrocarburos",0.59
Yucatán,Valladolid,2024,Petrolífero,Gran Generador,Lodos,Lodos aceitosos,3.12
Yucatán,Valladolid,2024,Petrolífero,Gran Generador,Residuos sólidos,"Estopa, trapo, plásticos, cartón, madera, brochas, papel, cepillo, etc., impregnados con pinturas, grasas, aceites, hidrocarburos",7.12
Zacatecas,Sin Dato,2017,Petrolero,Microgenerador,Aceites gastados,Lubricantes,0.02
Zacatecas,Sin Dato,2017,Petrolero,Microgenerador,"Baterias, celdas y pilas",No especificado,0.3
Zacatecas,Sin Dato,2017,Petrolero,Microgenerador,"Gasolina, diesel y naftas gastados o sucios provenientes de estaciónes de servicio y talleres automotrices","Gasolina, diesel y naftas gastados o sucios provenientes de estaciones de servicio y talleres automotrices",0.2
Zacatecas,Sin Dato,2017,Petrolero,Microgenerador,Liquidos de proceso,"Agua contaminada con hidrocarburos, combustibles, aceite o grasa",1.13
Zacatecas,Sin Dato,2017,Petrolero,Microgenerador,Lodos aceitosos,"Con contaminacion de hidrocarburos, combustibles, aceite",0.08
Zacatecas,Sin Dato,2017,Petrolero,Microgenerador,Lodos aceitosos,Otros lodos,1.8
Zacatecas,Sin Dato,2017,Petrolero,Microgenerador,Residuos solidos,"Botes o recipientes que contuvieron contaminantes diversos, latas de pintura, aerosoles",0.4
Zacatecas,Sin Dato,2017,Petrolero,Microgenerador,Residuos solidos,"Estopa, trapo, plasticos, carton, madera, brochas, papel, cepillo, etc., impregnados con pinturas, grasas, aceites, hidrocarburos",2.37
Zacatecas,Sin Dato,2017,Petrolero,Microgenerador,Residuos solidos,"Mangueras, pistolas o filtros para despacho de combustibles, descarga de contaminantes",0.01
Zacatecas,Sin Dato,2017,Petrolero,Microgenerador,Otros,"Pilas, baterias, focos",0.26
Zacatecas,Sin Dato,2017,Petrolero,Pequeno Generador,Aceites gastados,Lubricantes,0.14
Zacatecas,Sin Dato,2017,Petrolero,Pequeno Generador,"Baterias, celdas y pilas",Pilas alcalinas,0
Zacatecas,Sin Dato,2017,Petrolero,Pequeno Generador,"Baterias, celdas y pilas","Pilas, baterias, acumuladores, celdas de desecho: niquel-cadmio, plomo, mercurio",0
Zacatecas,Sin Dato,2017,Petrolero,Pequeno Generador,Liquidos de proceso,"Agua contaminada con hidrocarburos, combustibles, aceite o grasa",8.06
Zacatecas,Sin Dato,2017,Petrolero,Pequeno Generador,Lodos,Lodos provenientes de tanques de almacenaniento,0.9
Zacatecas,Sin Dato,2017,Petrolero,Pequeno Generador,Lodos,"Lodos residuales de proceso, de tratamiento de aguas residuales",0.9
Zacatecas,Sin Dato,2017,Petrolero,Pequeno Generador,Lodos aceitosos,"Con contaminacion de hidrocarburos, combustibles, aceite",0.4
Zacatecas,Sin Dato,2017,Petrolero,Pequeno Generador,Lodos aceitosos,Lodos procedentes de trampas de grasas e hidrocarburos,0.14
Zacatecas,Sin Dato,2017,Petrolero,Pequeno Generador,Lodos aceitosos,"Lodos residuales de proceso, de tratamiento de aguas residuales",0.6
Zacatecas,Sin Dato,2017,Petrolero,Pequeno Generador,Lodos aceitosos,Otros lodos,1.7
Zacatecas,Sin Dato,2017,Petrolero,Pequeno Generador,Material textil,"Telas, felpas, estopas",0.1
Zacatecas,Sin Dato,2017,Petrolero,Pequeno Generador,Residuos solidos,Balastras,0.01
Zacatecas,Sin Dato,2017,Petrolero,Pequeno Generador,Residuos solidos,"Botes o recipientes que contuvieron contaminantes diversos, latas de pintura, aerosoles",1.76
Zacatecas,Sin Dato,2017,Petrolero,Pequeno Generador,Residuos solidos,"Estopa, trapo, plasticos, carton, madera, brochas, papel, cepillo, etc., impregnados con pinturas, grasas, aceites, hidrocarburos",1.13
Zacatecas,Sin Dato,2017,Petrolero,Pequeno Generador,Residuos solidos,Lampara fluorescentes,0.08
Zacatecas,Sin Dato,2017,Petrolero,Pequeno Generador,Residuos solidos,"Mangueras, pistolas o filtros para despacho de combustibles, descarga de contaminantes",0.01
Zacatecas,Sin Dato,2017,Petrolero,Pequeno Generador,Residuos solidos,"Tierra, grava, acerrín impregnados con aceites, grasas e hidrocarburos",0.16
Zacatecas,Sin Dato,2017,Petrolero,Pequeno Generador,Otros,"Pilas, baterias, focos",0.06
Zacatecas,Sin Dato,2018,Petrolifero,Microgenerador,Aceites gastados (Hidraulicos),Aceite gastado hidraulico,0.03
Zacatecas,Sin Dato,2018,Petrolifero,Microgenerador,Aceites gastados (Lubricantes),Aceites gastados lubricantes,0.01
Zacatecas,Sin Dato,2018,Petrolifero,Microgenerador,Baterias alcalinas,Pilas alcalinas,0.01
Zacatecas,Sin Dato,2018,Petrolifero,Microgenerador,Filtro de aire o aceite contaminados,Filtros de aire usados,0
Zacatecas,Sin Dato,2018,Petrolifero,Microgenerador,"Gasolina, Diesel y Naftas gastados o sucios","Gasolina, Diesel y Naftas gastados o sucios provenientes de Estaciones de Servicio y Talleres Automotrices",0.41
Zacatecas,Sin Dato,2018,Petrolifero,Microgenerador,Lamparas fluorescentes y de vapor de mercurio,Lamparas fluorescentes y de vapor de mercurio,0.02
Zacatecas,Sin Dato,2018,Petrolifero,Microgenerador,Liquidos residuales de proceso no corrosivos,Agua con hidrocaruros,0.85
Zacatecas,Sin Dato,2018,Petrolifero,Microgenerador,Lodos Contaminados con Hidrocarburos,Lodos con aceite y restos de hidrocarburos,4.94
Zacatecas,Sin Dato,2018,Petrolifero,Microgenerador,Pilas o Baterias con Litio o Cadmio,Pilas Niquel-Cadmio,0.19
Zacatecas,Sin Dato,2018,Petrolifero,Microgenerador,Solidos contaminados con hidrocarburos diversos,"Filtros, mangueras, envases, botes, cubetas, contenedores, trapos, guantes, carton, aserrin, material absorbente,Estopas y trapos impregnados con combustible, Envases vacios impregnados de aceite",3.51
Zacatecas,Sin Dato,2018,Petrolifero,Pequeno generador,Aceites gastados (Lubricantes),Aceites gastados lubricantes,0.98
Zacatecas,Sin Dato,2018,Petrolifero,Pequeno generador,Baterias alcalinas,Pilas alcalinas,0
Zacatecas,Sin Dato,2018,Petrolifero,Pequeno generador,Filtro de aire o aceite contaminados,Filtros de aire usados,0.03
Zacatecas,Sin Dato,2018,Petrolifero,Pequeno generador,Lamparas fluorescentes y de vapor de mercurio,Lamparas fluorescentes y de vapor de mercurio,0.2
Zacatecas,Sin Dato,2018,Petrolifero,Pequeno generador,Liquidos residuales de proceso no corrosivos,Aguas oleosas,12.2
Zacatecas,Sin Dato,2018,Petrolifero,Pequeno generador,Lodos Contaminados con Hidrocarburos,Lodos con aceite y restos de hidrocarburos,10.15
Zacatecas,Sin Dato,2018,Petrolifero,Pequeno generador,Pilas o Baterias con Litio o Cadmio,Pilas Niquel-Cadmio,0.96
Zacatecas,Sin Dato,2018,Petrolifero,Pequeno generador,Solidos contaminados con hidrocarburos diversos,"Filtros, mangueras, envases, botes, cubetas, contenedores, trapos, guantes, carton, aserrin, material absorbente,Estopas y trapos impregnados con combustible, Envases vacios impregnados de aceite",3.34
Zacatecas,Sin Dato,2019,Petrolifero,Microgenerador,Aceites gastados,hidraulicos,0
Zacatecas,Sin Dato,2019,Petrolifero,Microgenerador,Aceites gastados,Lubricantes,0
Zacatecas,Sin Dato,2019,Petrolifero,Microgenerador,"Baterias, celdas y pilas",Pilas alcalinas,0
Zacatecas,Sin Dato,2019,Petrolifero,Microgenerador,"Baterias, celdas y pilas",Pilas o baterias de Niquel - Cadmio,0
Zacatecas,Sin Dato,2019,Petrolifero,Microgenerador,"Gasolina, diesel y naftas gastados o sucios provenientes de estaciónes de servicio y talleres automotrices","Gasolina, diesel y naftas gastados o sucios provenientes de estaciones de servicio y talleres automotrices",0
Zacatecas,Sin Dato,2019,Petrolifero,Microgenerador,Liquidos de proceso,Liquidos con residuos de hidrocarburos,0
Zacatecas,Sin Dato,2019,Petrolifero,Microgenerador,Lodos,Lodos aceitosos,0
Zacatecas,Sin Dato,2019,Petrolifero,Microgenerador,Residuos solidos,"Estopa, trapo, plásticos, cartón, madera, brochas, papel, cepillo, etc., impregnados con pinturas, grasas, aceites, hidrocarburos",0
Zacatecas,Sin Dato,2019,Petrolifero,Microgenerador,Residuos solidos,Filtro de aire o de aceite contaminados,0
Zacatecas,Sin Dato,2019,Petrolifero,Microgenerador,Residuos solidos,Lámpara fluorescentes,0
Zacatecas,Sin Dato,2019,Petrolifero,Pequeno Generador,Aceites gastados,Lubricantes,0
Zacatecas,Sin Dato,2019,Petrolifero,Pequeno Generador,"Baterias, celdas y pilas",Pilas alcalinas,0
Zacatecas,Sin Dato,2019,Petrolifero,Pequeno Generador,"Baterias, celdas y pilas",Pilas o baterias de Niquel - Cadmio,0
Zacatecas,Sin Dato,2019,Petrolifero,Pequeno Generador,Liquidos de proceso,"Otros: Agua oleosa, agua contaminada",0
Zacatecas,Sin Dato,2019,Petrolifero,Pequeno Generador,Lodos,Lodos aceitosos,0
Zacatecas,Sin Dato,2019,Petrolifero,Pequeno Generador,Residuos solidos,"Estopa, trapo, plásticos, cartón, madera, brochas, papel, cepillo, etc., impregnados con pinturas, grasas, aceites, hidrocarburos",0
Zacatecas,Sin Dato,2019,Petrolifero,Pequeno Generador,Residuos solidos,Filtro de aire o de aceite contaminados,0
Zacatecas,Sin Dato,2019,Petrolifero,Pequeno Generador,Residuos solidos,Lámpara fluorescentes,0
Zacatecas,Sin Dato,2020,Petrolifero,Microgenerador,Aceites lubricantes,Aceites gastados lubricantes,0.0365
Zacatecas,Sin Dato,2020,Petrolifero,Microgenerador,Líquidos de proceso,Aguas aceitosas,0.308
Zacatecas,Sin Dato,2020,Petrolifero,Microgenerador,"Baterias, pilas y balastras","Baterias, pilas y balastras",0.55
Zacatecas,Sin Dato,2020,Petrolifero,Microgenerador,"Gasollina, diésel y naftas gastados","Gasollina, diésel y naftas gastados",0.043
Zacatecas,Sin Dato,2020,Petrolifero,Microgenerador,Lámparas fluorescentes y de vapor de mercurio,Lámparas fluorescentes y de vapor de mercurio,0.0121
Zacatecas,Sin Dato,2020,Petrolifero,Microgenerador,Lodos,Lodos aceitosos,0.58298
Zacatecas,Sin Dato,2020,Petrolifero,Microgenerador,Natas de pintura,Natas de pintura,0.187
Zacatecas,Sin Dato,2020,Petrolifero,Microgenerador,Residuos sólidos,"Estopa, trapo, plásticos, cartón, madera, brochas, papel, cepillo, etc., impregnados con pinturas, grasas, aceites, hidrocarburos",2.88537
Zacatecas,Sin Dato,2020,Petrolifero,Pequeno Generador,Aceites lubricantes,Aceites gastados lubricantes,10.02
Zacatecas,Sin Dato,2020,Petrolifero,Pequeno Generador,Líquidos de proceso,Aguas aceitosas,2.125
Zacatecas,Sin Dato,2020,Petrolifero,Pequeno Generador,"Baterias, pilas y balastras","Baterias, pilas y balastras",3.75
Zacatecas,Sin Dato,2020,Petrolifero,Pequeno Generador,Lámparas fluorescentes y de vapor de mercurio,Lámparas fluorescentes y de vapor de mercurio,0.055
Zacatecas,Sin Dato,2020,Petrolifero,Pequeno Generador,Lodos,Lodos aceitosos,2.98456
Zacatecas,Sin Dato,2020,Petrolifero,Pequeno Generador,Natas de pintura,Natas de pintura,1.25
Zacatecas,Sin Dato,2020,Petrolifero,Pequeno Generador,Residuos sólidos,"Estopa, trapo, plásticos, cartón, madera, brochas, papel, cepillo, etc., impregnados con pinturas, grasas, aceites, hidrocarburos",20.39613
Zacatecas,Sin Dato,2021,Petrolifero,Microgenerador,Aceites gastados,Lubricantes,0.04
Zacatecas,Sin Dato,2021,Petrolifero,Microgenerador,"baterias, celdas y pilas","Baterias, pilas y balastras",0.55
Zacatecas,Sin Dato,2021,Petrolifero,Microgenerador,"Gasolina, diésel y naftas gastados o sucios provenientes de estaciones de servicio y talleres automotrices","Gasolina, diesel y naftas gastados o sucios",0.04
Zacatecas,Sin Dato,2021,Petrolifero,Microgenerador,Otros,"Agua oleosa, agua contaminada",0.31
Zacatecas,Sin Dato,2021,Petrolifero,Microgenerador,Pinturas y productos relacionados,"Residuos de pinturas, pinturas caducadas",0.19
Zacatecas,Sin Dato,2021,Petrolifero,Microgenerador,Residuos solidos,"Estopa, trapo, plásticos, cartón, madera, brochas, papel, cepillo, etc., impregnados con pinturas, grasas, aceites, hidrocarburos",2.89
Zacatecas,Sin Dato,2021,Petrolifero,Microgenerador,Residuos solidos,"Lámparas fluorescentes, lámparas de vapor de mercurio",0.01
Zacatecas,Sin Dato,2021,Petrolifero,Microgenerador,Lodos,Lodos aceitosos,0.58
Zacatecas,Sin Dato,2021,Petrolifero,Pequeno Generador,Aceites gastados,Lubricantes,10.02
Zacatecas,Sin Dato,2021,Petrolifero,Pequeno Generador,"baterias, celdas y pilas","Baterias, pilas y balastras",3.75
Zacatecas,Sin Dato,2021,Petrolifero,Pequeno Generador,Otros,"Agua oleosa, agua contaminada",2.13
Zacatecas,Sin Dato,2021,Petrolifero,Pequeno Generador,Pinturas y productos relacionados,"Residuos de pinturas, pinturas caducadas",1.25
Zacatecas,Sin Dato,2021,Petrolifero,Pequeno Generador,Residuos solidos,"Estopa, trapo, plásticos, cartón, madera, brochas, papel, cepillo, etc., impregnados con pinturas, grasas, aceites, hidrocarburos",20.4
Zacatecas,Sin Dato,2021,Petrolifero,Pequeno Generador,Residuos solidos,"Lámparas fluorescentes, lámparas de vapor de mercurio",0.06
Zacatecas,Sin Dato,2021,Petrolifero,Pequeno Generador,Lodos,Lodos aceitosos,2.98
Zacatecas,General Pánfilo Natera,2022,Petrolífero,Pequeño Generador,"Gasolina, diésel y naftas gastados o sucios provenientes de estaciones de servicio y talleres automotrices","Gasolina, diesel y naftas gastados o sucios",0.25
Zacatecas,General Pánfilo Natera,2022,Petrolífero,Pequeño Generador,Lodos,Lodos aceitosos,1.8
Zacatecas,General Pánfilo Natera,2022,Petrolífero,Pequeño Generador,Residuos sólidos,"Estopa, trapo, plásticos, cartón, madera, brochas, papel, cepillo, etc., impregnados con pinturas, grasas, aceites, hidrocarburos",0.55
Zacatecas,Pinos,2022,Petrolífero,Microgenerador,Lodos,Lodos aceitosos,0.24
Zacatecas,Pinos,2022,Petrolífero,Microgenerador,Residuos sólidos,"Estopa, trapo, plásticos, cartón, madera, brochas, papel, cepillo, etc., impregnados con pinturas, grasas, aceites, hidrocarburos",0.16
Zacatecas,Río Grande,2022,Petrolífero,Microgenerador,Lodos,Lodos aceitosos,0.07
Zacatecas,Río Grande,2022,Petrolífero,Microgenerador,Residuos sólidos,"Estopa, trapo, plásticos, cartón, madera, brochas, papel, cepillo, etc., impregnados con pinturas, grasas, aceites, hidrocarburos",0.06
Zacatecas,Villa González Ortega,2022,Petrolífero,Pequeño Generador,"Gasolina, diésel y naftas gastados o sucios provenientes de estaciones de servicio y talleres automotrices","Gasolina, diesel y naftas gastados o sucios",0.2
Zacatecas,Villa González Ortega,2022,Petrolífero,Pequeño Generador,Lodos,Lodos aceitosos,1.4
Zacatecas,Villa González Ortega,2022,Petrolífero,Pequeño Generador,Residuos sólidos,"Estopa, trapo, plásticos, cartón, madera, brochas, papel, cepillo, etc., impregnados con pinturas, grasas, aceites, hidrocarburos",0.45
Zacatecas,Villa Hidalgo,2022,Petrolífero,Pequeño Generador,"Gasolina, diésel y naftas gastados o sucios provenientes de estaciones de servicio y talleres automotrices","Gasolina, diesel y naftas gastados o sucios",0.2
Zacatecas,Villa Hidalgo,2022,Petrolífero,Pequeño Generador,Lodos,Lodos aceitosos,1.4
Zacatecas,Villa Hidalgo,2022,Petrolífero,Pequeño Generador,Residuos sólidos,"Estopa, trapo, plásticos, cartón, madera, brochas, papel, cepillo, etc., impregnados con pinturas, grasas, aceites, hidrocarburos",0.45
Zacatecas,Zacatecas,2022,Petrolero,Microgenerador,Aceites gastados,Lubricantes,0.01
Zacatecas,Zacatecas,2022,Petrolero,Microgenerador,Otros,Otros residuos,0
Zacatecas,Zacatecas,2022,Petrolero,Microgenerador,Residuos sólidos,Otros sólidos,0
Zacatecas,Zacatecas,2022,Petrolero,Microgenerador,Residuos sólidos,Otros sólidos,0.01
Zacatecas,Zacatecas,2022,Petrolero,Microgenerador,Residuos sólidos,Otros sólidos,0.01
Zacatecas,Zacatecas,2022,Petrolero,Pequeño Generador,"Gasolina, diésel y naftas gastados o sucios provenientes de estaciones de servicio y talleres automotrices","Gasolina, diesel y naftas gastados o sucios",0.5
Zacatecas,Calera,2023,Petrolífero,Pequeño Generador,Aceites gastados,Lubricantes,0.3
Zacatecas,Calera,2023,Petrolífero,Pequeño Generador,Agua contaminada,"Agua contaminada con hidrocarburos, combustibles, aceite o grasa",0.4
Zacatecas,Calera,2023,Petrolífero,Pequeño Generador,"Baterías, celdas y pilas","Baterias, pilas y balastras",0.13
Zacatecas,Calera,2023,Petrolífero,Pequeño Generador,Otros,Otros residuos,1.2
Zacatecas,Calera,2023,Petrolífero,Pequeño Generador,Residuos sólidos,"Estopa, trapo, plásticos, cartón, madera, brochas, papel, cepillo, etc., impregnados con pinturas, grasas, aceites, hidrocarburos",0.5
Zacatecas,Calera,2023,Petrolífero,Pequeño Generador,Residuos sólidos,"Estopa, trapo, plásticos, cartón, madera, brochas, papel, cepillo, etc., impregnados con pinturas, grasas, aceites, hidrocarburos",0.3
Zacatecas,Calera,2023,Petrolífero,Pequeño Generador,Residuos sólidos,"Lámparas fluorescentes, lámparas de vapor de mercurio",0.03
Zacatecas,Calera,2023,Petrolífero,Pequeño Generador,Solventes,Orgánicos,0.03
Zacatecas,Fresnillo,2023,Petrolífero,Microgenerador,Agua contaminada,"Agua contaminada con hidrocarburos, combustibles, aceite o grasa",0.15
Zacatecas,Fresnillo,2023,Petrolífero,Microgenerador,Lodos,Lodos aceitosos,0.05
Zacatecas,Fresnillo,2023,Petrolífero,Microgenerador,Residuos sólidos,"Estopa, trapo, plásticos, cartón, madera, brochas, papel, cepillo, etc., impregnados con pinturas, grasas, aceites, hidrocarburos",0.02
Zacatecas,Fresnillo,2023,Petrolífero,Pequeño Generador,"Gasolina, diésel y naftas gastados o sucios provenientes de estaciones de servicio y talleres automotrices","Gasolina, diesel y naftas gastados o sucios",0.5
Zacatecas,Guadalupe,2023,Petrolífero,Microgenerador,"Baterías, celdas y pilas","Baterias, pilas y balastras",0.03
Zacatecas,Guadalupe,2023,Petrolífero,Microgenerador,Lodos,Lodos aceitosos,0.2
Zacatecas,Guadalupe,2023,Petrolífero,Microgenerador,Residuos sólidos,"Estopa, trapo, plásticos, cartón, madera, brochas, papel, cepillo, etc., impregnados con pinturas, grasas, aceites, hidrocarburos",0.15
Zacatecas,Juan Aldama,2023,Petrolífero,Microgenerador,Lodos,Lodos aceitosos,0.06
Zacatecas,Juan Aldama,2023,Petrolífero,Microgenerador,Residuos sólidos,"Estopa, trapo, plásticos, cartón, madera, brochas, papel, cepillo, etc., impregnados con pinturas, grasas, aceites, hidrocarburos",0.02
Zacatecas,Miguel Auza,2023,Petrolífero,Microgenerador,Lodos,Lodos aceitosos,0.06
Zacatecas,Miguel Auza,2023,Petrolífero,Microgenerador,Residuos sólidos,"Estopa, trapo, plásticos, cartón, madera, brochas, papel, cepillo, etc., impregnados con pinturas, grasas, aceites, hidrocarburos",0.02
Zacatecas,Pinos,2023,Petrolífero,Pequeño Generador,Agua contaminada,"Agua contaminada con hidrocarburos, combustibles, aceite o grasa",0.05
Zacatecas,Pinos,2023,Petrolífero,Pequeño Generador,Lodos,Lodos aceitosos,0.25
Zacatecas,Pinos,2023,Petrolífero,Pequeño Generador,Residuos sólidos,"Estopa, trapo, plásticos, cartón, madera, brochas, papel, cepillo, etc., impregnados con pinturas, grasas, aceites, hidrocarburos",0.25
Zacatecas,Zacatecas,2023,Petrolífero,Microgenerador,Lodos,Lodos aceitosos,0.19
Zacatecas,Zacatecas,2023,Petrolífero,Microgenerador,Residuos sólidos,"Estopa, trapo, plásticos, cartón, madera, brochas, papel, cepillo, etc., impregnados con pinturas, grasas, aceites, hidrocarburos",0.27
Zacatecas,Calera,2024,Petrolífero,Microgenerador,Aceites gastados,Lubricantes,0.03
Zacatecas,Calera,2024,Petrolífero,Microgenerador,Gasolina y otros combustibles,"Gasolina, diesel y naftas gastados o sucios",0.01
Zacatecas,Calera,2024,Petrolífero,Microgenerador,Lodos,Lodos aceitosos,0.28
Zacatecas,Calera,2024,Petrolífero,Microgenerador,Residuos sólidos,"Estopa, trapo, plásticos, cartón, madera, brochas, papel, cepillo, etc., impregnados con pinturas, grasas, aceites, hidrocarburos",0.06
Zacatecas,Concepción del Oro,2024,Petrolífero,Microgenerador,Aceites gastados,Lubricantes,0.01
Zacatecas,Concepción del Oro,2024,Petrolífero,Microgenerador,Gasolina y otros combustibles,"Gasolina, diesel y naftas gastados o sucios",0.01
Zacatecas,Concepción del Oro,2024,Petrolífero,Microgenerador,Lodos,Lodos aceitosos,0.01
Zacatecas,Fresnillo,2024,Petrolífero,Microgenerador,Aceites gastados,Hidráulicos,0.32
Zacatecas,Fresnillo,2024,Petrolífero,Microgenerador,Gasolina y otros combustibles,"Gasolina, diesel y naftas gastados o sucios",0.12
Zacatecas,Fresnillo,2024,Petrolífero,Microgenerador,Lodos,Lodos aceitosos,0.11
Zacatecas,Fresnillo,2024,Petrolífero,Microgenerador,Residuos sólidos,"Estopa, trapo, plásticos, cartón, madera, brochas, papel, cepillo, etc., impregnados con pinturas, grasas, aceites, hidrocarburos",0.09
Zacatecas,Guadalupe,2024,Petrolífero,Microgenerador,Agua contaminada,"Agua contaminada con hidrocarburos, combustibles, aceite o grasa",0.05
Zacatecas,Guadalupe,2024,Petrolífero,Microgenerador,"Baterías, celdas, pilas, balastras","Baterias, pilas, acumuladores, balastras",0
Zacatecas,Guadalupe,2024,Petrolífero,Microgenerador,Lodos,Lodos aceitosos,0.03
Zacatecas,Guadalupe,2024,Petrolífero,Microgenerador,Residuos sólidos,"Estopa, trapo, plásticos, cartón, madera, brochas, papel, cepillo, etc., impregnados con pinturas, grasas, aceites, hidrocarburos",0.01
Zacatecas,Río Grande,2024,Petrolífero,Microgenerador,Aceites gastados,Hidráulicos,0
Zacatecas,Río Grande,2024,Petrolífero,Microgenerador,Gasolina y otros combustibles,"Gasolina, diesel y naftas gastados o sucios",0.01
Zacatecas,Río Grande,2024,Petrolífero,Microgenerador,Lodos,Lodos aceitosos,0.01
